-- MySQL dump 10.13  Distrib 5.5.9, for Win32 (x86)
--
-- Host: localhost    Database: fincurve_qlc
-- ------------------------------------------------------
-- Server version	5.5.13

/*!40101 SET @OLD_CHARACTER_SET_CLIENT=@@CHARACTER_SET_CLIENT */;
/*!40101 SET @OLD_CHARACTER_SET_RESULTS=@@CHARACTER_SET_RESULTS */;
/*!40101 SET @OLD_COLLATION_CONNECTION=@@COLLATION_CONNECTION */;
/*!40101 SET NAMES utf8 */;
/*!40103 SET @OLD_TIME_ZONE=@@TIME_ZONE */;
/*!40103 SET TIME_ZONE='+00:00' */;
/*!40014 SET @OLD_UNIQUE_CHECKS=@@UNIQUE_CHECKS, UNIQUE_CHECKS=0 */;
/*!40014 SET @OLD_FOREIGN_KEY_CHECKS=@@FOREIGN_KEY_CHECKS, FOREIGN_KEY_CHECKS=0 */;
/*!40101 SET @OLD_SQL_MODE=@@SQL_MODE, SQL_MODE='NO_AUTO_VALUE_ON_ZERO' */;
/*!40111 SET @OLD_SQL_NOTES=@@SQL_NOTES, SQL_NOTES=0 */;

--
-- Current Database: `fincurve_qlc`
--

CREATE DATABASE /*!32312 IF NOT EXISTS*/ `fincurve_qlc` /*!40100 DEFAULT CHARACTER SET utf8 */;

USE `fincurve_qlc`;

--
-- Table structure for table `bond`
--

DROP TABLE IF EXISTS `bond`;
/*!40101 SET @saved_cs_client     = @@character_set_client */;
/*!40101 SET character_set_client = utf8 */;
CREATE TABLE `bond` (
  `Id` int(11) NOT NULL AUTO_INCREMENT,
  `Name` varchar(45) DEFAULT NULL,
  `Type` enum('fixed','floating') NOT NULL,
  `DataProviderId` int(11) DEFAULT NULL,
  `DataReference` varchar(45) DEFAULT NULL,
  `CurrencyId` int(11) NOT NULL,
  `IssueDate` date NOT NULL,
  `MaturityDate` date NOT NULL,
  `DateGenerationId` int(11) NOT NULL,
  `CouponFrequencyId` int(11) NOT NULL,
  `Coupon` double NOT NULL,
  `CouponConventionId` int(11) NOT NULL,
  `CouponBasisId` int(11) NOT NULL,
  `Redemption` double NOT NULL,
  `Nominal` double NOT NULL,
  `CalendarId` int(11) DEFAULT NULL,
  `SettlementDays` int(11) DEFAULT NULL,
  `YieldCurveId` int(11) DEFAULT NULL,
  `UserCreated` int(11) DEFAULT NULL,
  `IpCreated` varchar(45) DEFAULT NULL,
  PRIMARY KEY (`Id`),
  UNIQUE KEY `unique_name` (`Name`),
  KEY `fk_Bond_DataProviderId` (`DataProviderId`),
  KEY `fk_Bond_CurrencyId` (`CurrencyId`),
  KEY `fk_Bond_DateGeneration` (`DateGenerationId`),
  KEY `fk_Bond_DateConvention` (`CouponConventionId`),
  KEY `fk_Bond_Basis` (`CouponBasisId`),
  KEY `fk_Bond_FrequencyId` (`CouponFrequencyId`),
  KEY `fk_Bond_YieldCurveId` (`YieldCurveId`),
  KEY `fk_Bond_UserCreated` (`UserCreated`),
  CONSTRAINT `fk_Bond_DataProviderId` FOREIGN KEY (`DataProviderId`) REFERENCES `provider` (`Id`) ON UPDATE CASCADE,
  CONSTRAINT `fk_Bond_CurrencyId` FOREIGN KEY (`CurrencyId`) REFERENCES `currency` (`Id`) ON UPDATE CASCADE,
  CONSTRAINT `fk_Bond_DateGeneration` FOREIGN KEY (`DateGenerationId`) REFERENCES `enumdategeneration` (`Id`) ON UPDATE CASCADE,
  CONSTRAINT `fk_Bond_DateConvention` FOREIGN KEY (`CouponConventionId`) REFERENCES `enumbusinessdayconvention` (`Id`) ON UPDATE CASCADE,
  CONSTRAINT `fk_Bond_Basis` FOREIGN KEY (`CouponBasisId`) REFERENCES `enumbasis` (`Id`) ON UPDATE CASCADE,
  CONSTRAINT `fk_Bond_FrequencyId` FOREIGN KEY (`CouponFrequencyId`) REFERENCES `enumfrequency` (`Id`) ON UPDATE CASCADE,
  CONSTRAINT `fk_Bond_YieldCurveId` FOREIGN KEY (`YieldCurveId`) REFERENCES `yieldcurve` (`Id`) ON UPDATE CASCADE,
  CONSTRAINT `fk_Bond_UserCreated` FOREIGN KEY (`UserCreated`) REFERENCES `users` (`Id`) ON UPDATE CASCADE
) ENGINE=InnoDB AUTO_INCREMENT=89 DEFAULT CHARSET=utf8;
/*!40101 SET character_set_client = @saved_cs_client */;

--
-- Dumping data for table `bond`
--

LOCK TABLES `bond` WRITE;
/*!40000 ALTER TABLE `bond` DISABLE KEYS */;
INSERT INTO `bond` VALUES (1,'German Treasury bill 14/03/2012','fixed',NULL,NULL,20,'2010-11-02','2012-03-14',1,3,0,1,3,100,100,NULL,0,NULL,NULL,NULL),(2,'German Treasury bill 13/06/2012','fixed',NULL,NULL,20,'2011-12-02','2012-06-13',1,3,0,1,3,100,100,NULL,0,NULL,NULL,NULL),(3,'1 % Bundesschatzanweisungen 14/12/2012','fixed',NULL,NULL,20,'2010-11-02','2012-12-14',1,3,0.01,1,3,100,100,NULL,0,NULL,NULL,NULL),(4,'1/4 % Bundesschatzanweisungen 13/12/2013','fixed',NULL,NULL,20,'2011-11-15','2013-12-13',1,3,0.0025,1,3,100,100,NULL,0,NULL,NULL,NULL),(5,'2 1/2 % Bundesobligation 10/10/2014','fixed',NULL,NULL,20,'2009-09-15','2014-10-10',1,3,0.025,1,3,100,100,NULL,0,NULL,NULL,NULL),(6,'1 3/4 % Bundesobligation 09/10/2015','fixed',NULL,NULL,20,'2010-09-14','2015-10-09',1,3,0.0175,1,3,100,100,NULL,0,NULL,NULL,NULL),(7,'1 1/4 % Bundesobligation 14/10/2016','fixed',NULL,NULL,20,'2011-09-27','2016-10-14',1,3,0.0125,1,3,100,100,NULL,0,NULL,NULL,NULL),(8,'4 % Bundesrepub. Deutschland 04/01/2018','fixed',NULL,NULL,20,'2007-11-06','2018-01-04',1,3,0.04,1,3,100,100,NULL,0,NULL,NULL,NULL),(9,'3 3/4 % Bundesrepub. Deutschland 04/01/2019','fixed',NULL,NULL,20,'2008-11-04','2019-01-04',1,3,0.0375,1,3,100,100,NULL,0,NULL,NULL,NULL),(10,'3 3/4 % Bundesrepub. Deutschland 04/01/2020','fixed',NULL,NULL,20,'2009-11-03','2020-01-04',1,3,0.0375,1,3,100,100,NULL,0,NULL,NULL,NULL),(11,'2 1/2 % Bundesrepub. Deutschland 04/01/2021','fixed',NULL,NULL,20,'2010-11-16','2021-01-04',1,3,0.025,1,3,100,100,NULL,0,NULL,NULL,NULL),(12,'2 % Bundesrepub. Deutschland 04/01/2022','fixed',NULL,NULL,20,'2011-11-22','2022-01-04',1,3,0.02,1,3,100,100,NULL,0,NULL,NULL,NULL),(13,'6 1/2 % Bundesrepub. Deutschland 04/07/2027','fixed',NULL,NULL,20,'1997-07-01','2027-07-04',1,3,0.065,1,3,100,100,NULL,0,NULL,NULL,NULL),(14,'5 1/2 % Bundesrepub. Deutschland 04/01/2031','fixed',NULL,NULL,20,'2000-10-17','2031-01-04',1,3,0.055,1,3,100,100,NULL,0,NULL,NULL,NULL),(15,'4 % Bundesrepub. Deutschland 04/01/2037','fixed',NULL,NULL,20,'2005-01-18','2037-01-04',1,3,0.04,1,3,100,100,NULL,0,NULL,NULL,NULL),(16,'3 1/4 % Bundesrepub. Deutschland 04/07/2042','fixed',NULL,NULL,20,'2010-07-13','2042-07-04',1,3,0.0325,1,3,100,100,NULL,0,NULL,NULL,NULL),(17,'French Discount T-Bill 12/01/2012','fixed',NULL,NULL,20,'2011-01-06','2012-01-12',1,3,0,1,3,100,100,NULL,0,NULL,NULL,NULL),(18,'French Discount T-Bill 15/03/2012','fixed',NULL,NULL,20,'2011-12-08','2012-03-15',1,3,0,1,3,100,100,NULL,0,NULL,NULL,NULL),(19,'French Discount T-Bill 14/06/2012','fixed',NULL,NULL,20,'2011-12-01','2012-06-14',1,3,0,1,3,100,100,NULL,0,NULL,NULL,NULL),(20,'French Discount T-Bill 23/08/2012','fixed',NULL,NULL,20,'2011-08-25','2012-08-23',1,3,0,1,3,100,100,NULL,0,NULL,NULL,NULL),(21,'French Discount T-Bill 15/11/2012','fixed',NULL,NULL,20,'2011-12-01','2012-11-15',1,3,0,1,3,100,100,NULL,0,NULL,NULL,NULL),(22,'French Treasury Note 25/09/2013','fixed',NULL,NULL,20,'2011-05-13','2013-09-25',1,3,0.02,1,3,100,100,NULL,0,NULL,NULL,NULL),(23,'French Treasury Note 12/07/2014','fixed',NULL,NULL,20,'2009-06-12','2014-07-12',1,3,0.03,1,3,100,100,NULL,0,NULL,NULL,NULL),(24,'French Treasury Note 12/07/2015','fixed',NULL,NULL,20,'2010-06-11','2015-07-12',1,3,0.02,1,3,100,100,NULL,0,NULL,NULL,NULL),(25,'French Treasury Note 25/07/2016','fixed',NULL,NULL,20,'2011-06-10','2016-07-25',1,3,0.025,1,3,100,100,NULL,0,NULL,NULL,NULL),(26,'France (Govt of) 25/10/2017','fixed',NULL,NULL,20,'2007-08-24','2017-10-25',1,3,0.0425,1,3,100,100,NULL,0,NULL,NULL,NULL),(27,'France (Govt of) 25/10/2018','fixed',NULL,NULL,20,'2008-09-26','2018-10-25',1,3,0.0425,1,3,100,100,NULL,0,NULL,NULL,NULL),(28,'France (Govt of) 25/10/2019','fixed',NULL,NULL,20,'2009-06-26','2019-10-25',1,3,0.0375,1,3,100,100,NULL,0,NULL,NULL,NULL),(29,'France (Govt of) 25/10/2020','fixed',NULL,NULL,20,'2010-10-01','2020-10-25',1,3,0.025,1,3,100,100,NULL,0,NULL,NULL,NULL),(30,'France (Govt of) 25/10/2021','fixed',NULL,NULL,20,'2011-05-27','2021-10-25',1,3,0.0325,1,3,100,100,NULL,0,NULL,NULL,NULL),(31,'France (Govt of) 25/04/2026','fixed',NULL,NULL,20,'2010-06-25','2026-04-25',1,3,0.035,1,3,100,100,NULL,0,NULL,NULL,NULL),(32,'France (Govt of) 25/04/2029','fixed',NULL,NULL,20,'1998-02-18','2029-04-25',1,3,0.055,1,3,100,100,NULL,0,NULL,NULL,NULL),(33,'France (Govt of) 25/04/2035','fixed',NULL,NULL,20,'2004-03-19','2035-04-25',1,3,0.0475,1,3,100,100,NULL,0,NULL,NULL,NULL),(34,'France (Govt of) 25/04/2041','fixed',NULL,NULL,20,'2009-06-23','2041-04-25',1,3,0.045,1,3,100,100,NULL,0,NULL,NULL,NULL),(35,'France (Govt of) 25/04/2060','fixed',NULL,NULL,20,'2010-03-09','2060-04-25',1,3,0.04,1,3,100,100,NULL,0,NULL,NULL,NULL),(36,'Spain letras del tesoro 23/03/2012','fixed',NULL,NULL,20,'2011-03-14','2012-03-23',1,3,0,1,3,100,100,NULL,0,NULL,NULL,NULL),(37,'Spain letras del tesoro 22/06/2012','fixed',NULL,NULL,20,'2010-12-13','2012-06-22',1,3,0,1,3,100,100,NULL,0,NULL,NULL,NULL),(38,'Spain letras del tesoro 14/12/2012','fixed',NULL,NULL,20,'2011-06-13','2012-12-14',1,3,0,1,3,100,100,NULL,0,NULL,NULL,NULL),(39,'Spain letras del tesoro 21/06/2013','fixed',NULL,NULL,20,'2011-12-12','2013-06-21',1,3,0,1,3,100,100,NULL,0,NULL,NULL,NULL),(40,'Bonos y oblig del estado 31/10/2013','fixed',NULL,NULL,20,'2010-05-25','2013-10-31',1,3,0.025,1,3,100,100,NULL,0,NULL,NULL,NULL),(41,'Bonos y oblig del estado 30/04/2014','fixed',NULL,NULL,20,'2011-03-28','2014-04-30',1,3,0.034,1,3,100,100,NULL,0,NULL,NULL,NULL),(42,'Bonos y oblig del estado 31/01/2016','fixed',NULL,NULL,20,'2005-09-06','2016-01-31',1,3,0.0315,1,3,100,100,NULL,0,NULL,NULL,NULL),(43,'Bonos y oblig del estado 31/10/2016','fixed',NULL,NULL,20,'2011-08-23','2016-10-31',1,3,0.0425,1,3,100,100,NULL,0,NULL,NULL,NULL),(44,'Bonos y oblig del estado 30/07/2018','fixed',NULL,NULL,20,'2008-02-12','2018-07-30',1,3,0.041,1,3,100,100,NULL,0,NULL,NULL,NULL),(45,'Bonos y oblig del estado 30/07/2019','fixed',NULL,NULL,20,'2009-02-03','2019-07-30',1,3,0.046,1,3,100,100,NULL,0,NULL,NULL,NULL),(46,'Bonos y oblig del estado 31/10/2019','fixed',NULL,NULL,20,'2009-05-26','2019-10-31',1,3,0.043,1,3,100,100,NULL,0,NULL,NULL,NULL),(47,'Bonos y oblig del estado 31/10/2020','fixed',NULL,NULL,20,'2010-07-06','2020-10-31',1,3,0.0485,1,3,100,100,NULL,0,NULL,NULL,NULL),(48,'Bonos y oblig del estado 30/04/2021','fixed',NULL,NULL,20,'2011-01-17','2021-04-30',1,3,0.055,1,3,100,100,NULL,0,NULL,NULL,NULL),(49,'Bonos y oblig del estado 30/07/2026','fixed',NULL,NULL,20,'2011-03-08','2026-07-30',1,3,0.059,1,3,100,100,NULL,0,NULL,NULL,NULL),(50,'Bonos y oblig del estado 30/07/2032','fixed',NULL,NULL,20,'2001-01-18','2032-07-30',1,3,0.0575,1,3,100,100,NULL,0,NULL,NULL,NULL),(51,'Bonos y oblig del estado 30/07/2041','fixed',NULL,NULL,20,'2009-09-21','2041-07-30',1,3,0.047,1,3,100,100,NULL,0,NULL,NULL,NULL),(52,'Treasury 5% 18/04/2013','fixed',NULL,NULL,20,'2002-01-23','2013-04-18',1,3,0.05,1,3,100,100,NULL,0,NULL,NULL,NULL),(53,'Treasury 4% 15/01/2014','fixed',NULL,NULL,20,'2009-01-08','2014-01-15',1,3,0.04,1,3,100,100,NULL,0,NULL,NULL,NULL),(54,'Treasury 4.6% 18/04/2016','fixed',NULL,NULL,20,'1999-05-10','2016-04-18',1,3,0.046,1,3,100,100,NULL,0,NULL,NULL,NULL),(55,'Treasury 4.5% 18/10/2018','fixed',NULL,NULL,20,'2007-10-16','2018-10-18',1,3,0.045,1,3,100,100,NULL,0,NULL,NULL,NULL),(56,'Treasury 5.9% 18/10/2019','fixed',NULL,NULL,20,'2009-06-23','2019-10-18',1,3,0.059,1,3,100,100,NULL,0,NULL,NULL,NULL),(57,'Treasury 5% 18/10/2020','fixed',NULL,NULL,20,'2010-01-14','2020-10-18',1,3,0.05,1,3,100,100,NULL,0,NULL,NULL,NULL),(58,'Treasury 5.4% 13/03/2025','fixed',NULL,NULL,20,'2009-09-06','2025-03-13',1,3,0.054,1,3,100,100,NULL,0,NULL,NULL,NULL),(59,'Buoni ordinari del tes 29/02/2012','fixed',NULL,NULL,20,'2011-08-23','2012-02-29',1,3,0,1,3,100,100,NULL,0,NULL,NULL,NULL),(60,'Buoni ordinari del tes 29/06/2012','fixed',NULL,NULL,20,'2011-12-22','2012-06-29',1,3,0,1,3,100,100,NULL,0,NULL,NULL,NULL),(61,'Buoni ordinari del tes 14/12/2012','fixed',NULL,NULL,20,'2011-12-06','2012-12-14',1,3,0,1,3,100,100,NULL,0,NULL,NULL,NULL),(62,'Buoni poliennali del tes 01/11/2013','fixed',NULL,NULL,20,'2010-10-21','2013-11-01',1,3,0.0225,1,3,100,100,NULL,0,NULL,NULL,NULL),(63,'Buoni poliennali del tes 15/11/2014','fixed',NULL,NULL,20,'2011-11-22','2014-11-15',1,3,0.06,1,3,100,100,NULL,0,NULL,NULL,NULL),(64,'Buoni poliennali del tes 01/11/2015','fixed',NULL,NULL,20,'2010-11-05','2015-11-01',1,3,0.03,1,3,100,100,NULL,0,NULL,NULL,NULL),(65,'Buoni poliennali del tes 15/09/2016','fixed',NULL,NULL,20,'2011-09-06','2016-09-15',1,3,0.0475,1,3,100,100,NULL,0,NULL,NULL,NULL),(66,'Buoni poliennali del tes 01/02/2018','fixed',NULL,NULL,20,'2007-08-23','2018-02-01',1,3,0.045,1,3,100,100,NULL,0,NULL,NULL,NULL),(67,'Buoni poliennali del tes 01/03/2019','fixed',NULL,NULL,20,'2008-10-23','2019-03-01',1,3,0.045,1,3,100,100,NULL,0,NULL,NULL,NULL),(68,'Buoni poliennali del tes 01/03/2020','fixed',NULL,NULL,20,'2009-09-22','2020-03-01',1,3,0.0425,1,3,100,100,NULL,0,NULL,NULL,NULL),(69,'Buoni poliennali del tes 01/03/2021','fixed',NULL,NULL,20,'2010-08-24','2021-03-01',1,3,0.0375,1,3,100,100,NULL,0,NULL,NULL,NULL),(70,'Buoni poliennali del tes 01/03/2022','fixed',NULL,NULL,20,'2011-08-23','2022-03-01',1,3,0.05,1,3,100,100,NULL,0,NULL,NULL,NULL),(71,'Buoni poliennali del tes 01/05/2031','fixed',NULL,NULL,20,'2000-03-08','2031-05-01',1,3,0.06,1,3,100,100,NULL,0,NULL,NULL,NULL),(72,'Buoni poliennali del tes 01/08/2034','fixed',NULL,NULL,20,'2003-09-17','2034-08-01',1,3,0.05,1,3,100,100,NULL,0,NULL,NULL,NULL),(73,'Buoni poliennali del tes 01/09/2040','fixed',NULL,NULL,20,'2009-09-08','2040-09-01',1,3,0.05,1,3,100,100,NULL,0,NULL,NULL,NULL),(74,'Hellenic t-bill 23/03/2012','fixed',NULL,NULL,20,'2011-12-16','2012-03-23',1,3,0,1,3,100,100,NULL,0,NULL,NULL,NULL),(75,'Hellenic t-bill 15/06/2012','fixed',NULL,NULL,20,'2011-12-09','2012-06-15',1,3,0,1,3,100,100,NULL,0,NULL,NULL,NULL),(76,'Hellenic republic 4.1% 20/08/2012','fixed',NULL,NULL,20,'2007-02-23','2012-08-20',1,3,0.041,1,3,100,100,NULL,0,NULL,NULL,NULL),(77,'Hellenic republic 4% 20/08/2013','fixed',NULL,NULL,20,'2008-03-14','2013-08-20',1,3,0.04,1,3,100,100,NULL,0,NULL,NULL,NULL),(78,'Hellenic republic 5.5% 20/08/2014','fixed',NULL,NULL,20,'2009-01-21','2014-08-20',1,3,0.055,1,3,100,100,NULL,0,NULL,NULL,NULL),(79,'Hellenic republic 6.1% 20/08/2015','fixed',NULL,NULL,20,'2010-01-26','2015-08-20',1,3,0.061,1,3,100,100,NULL,0,NULL,NULL,NULL),(80,'Hellenic republic 3.6% 20/07/2016','fixed',NULL,NULL,20,'2006-01-11','2016-07-20',1,3,0.036,1,3,100,100,NULL,0,NULL,NULL,NULL),(81,'Hellenic republic 4.3% 20/07/2017','fixed',NULL,NULL,20,'2007-01-10','2017-07-20',1,3,0.043,1,3,100,100,NULL,0,NULL,NULL,NULL),(82,'Hellenic republic 4.6% 20/07/2018','fixed',NULL,NULL,20,'2008-05-06','2018-07-20',1,3,0.046,1,3,100,100,NULL,0,NULL,NULL,NULL),(83,'Hellenic republic 6.5% 22/10/2019','fixed',NULL,NULL,20,'2000-01-07','2019-10-22',1,3,0.065,1,3,100,100,NULL,0,NULL,NULL,NULL),(84,'Hellenic republic 6.25% 19/06/2020','fixed',NULL,NULL,20,'2010-03-04','2020-06-19',1,3,0.0625,1,3,100,100,NULL,0,NULL,NULL,NULL),(85,'Hellenic republic 5.9% 22/10/2022','fixed',NULL,NULL,20,'2002-04-16','2022-10-22',1,3,0.059,1,3,100,100,NULL,0,NULL,NULL,NULL),(86,'Hellenic republic 5.3% 20/03/2026','fixed',NULL,NULL,20,'2009-11-03','2026-03-20',1,3,0.053,1,3,100,100,NULL,0,NULL,NULL,NULL),(87,'Hellenic republic 4.5% 20/09/2037','fixed',NULL,NULL,20,'2005-03-02','2037-09-20',1,3,0.045,1,3,100,100,NULL,0,NULL,NULL,NULL),(88,'Hellenic republic 4.6% 20/09/2040','fixed',NULL,NULL,20,'2007-01-30','2040-09-20',1,3,0.046,1,3,100,100,NULL,0,NULL,NULL,NULL);
/*!40000 ALTER TABLE `bond` ENABLE KEYS */;
UNLOCK TABLES;

--
-- Table structure for table `calendar`
--

DROP TABLE IF EXISTS `calendar`;
/*!40101 SET @saved_cs_client     = @@character_set_client */;
/*!40101 SET character_set_client = utf8 */;
CREATE TABLE `calendar` (
  `Id` int(11) NOT NULL AUTO_INCREMENT,
  `CountryId` int(11) NOT NULL,
  `Name` varchar(45) DEFAULT NULL,
  `ClassName` varchar(45) DEFAULT NULL,
  `MarketName` varchar(45) DEFAULT NULL,
  `Weekend1` enum('Sun','Mon','Tue','Wed','Thu','Fri','Sat') DEFAULT NULL,
  `Weekend2` enum('Sun','Mon','Tue','Wed','Thu','Fri','Sat') DEFAULT NULL,
  `UserCreated` int(11) NOT NULL,
  `IpCreated` varchar(45) NOT NULL,
  PRIMARY KEY (`Id`),
  KEY `fk_Calendar_UserCreated` (`UserCreated`),
  KEY `fk_Calendar_CountryId` (`CountryId`),
  CONSTRAINT `fk_Calendar_UserCreated` FOREIGN KEY (`UserCreated`) REFERENCES `users` (`Id`) ON UPDATE CASCADE,
  CONSTRAINT `fk_Calendar_CountryId` FOREIGN KEY (`CountryId`) REFERENCES `country` (`Id`) ON UPDATE CASCADE
) ENGINE=InnoDB AUTO_INCREMENT=52 DEFAULT CHARSET=utf8;
/*!40101 SET character_set_client = @saved_cs_client */;

--
-- Dumping data for table `calendar`
--

LOCK TABLES `calendar` WRITE;
/*!40000 ALTER TABLE `calendar` DISABLE KEYS */;
INSERT INTO `calendar` VALUES (1,1,NULL,'Argentina','Merval',NULL,NULL,1,'192.168.0.0'),(2,2,NULL,'Australia','',NULL,NULL,1,'192.168.0.0'),(3,3,NULL,'BespokeCalendar',NULL,NULL,NULL,1,'192.168.0.0'),(4,4,NULL,'Brazil','Settlement',NULL,NULL,1,'192.168.0.0'),(5,4,NULL,'Brazil','Exchange',NULL,NULL,1,'192.168.0.0'),(6,5,NULL,'Canada','Settlement',NULL,NULL,1,'192.168.0.0'),(7,5,NULL,'Canada','TSX',NULL,NULL,1,'192.168.0.0'),(8,6,NULL,'China','SSE',NULL,NULL,1,'192.168.0.0'),(9,7,NULL,'CzechRepublic','PSE',NULL,NULL,1,'192.168.0.0'),(10,8,NULL,'Denmark',NULL,NULL,NULL,1,'192.168.0.0'),(11,9,NULL,'Finland',NULL,NULL,NULL,1,'192.168.0.0'),(12,10,NULL,'Germany','Settlement',NULL,NULL,1,'192.168.0.0'),(13,10,NULL,'Germany','FrankfurtStockExchange',NULL,NULL,1,'192.168.0.0'),(14,10,NULL,'Germany','Xetra',NULL,NULL,1,'192.168.0.0'),(15,10,NULL,'Germany','Eurex',NULL,NULL,1,'192.168.0.0'),(16,10,NULL,'Germany','Euwax',NULL,NULL,1,'192.168.0.0'),(17,11,NULL,'HongKong','HKEx',NULL,NULL,1,'192.168.0.0'),(18,12,NULL,'Hungary',NULL,NULL,NULL,1,'192.168.0.0'),(19,13,NULL,'Iceland','ICEX',NULL,NULL,1,'192.168.0.0'),(20,14,NULL,'India','NSE',NULL,NULL,1,'192.168.0.0'),(21,15,NULL,'Indonesia','BEJ',NULL,NULL,1,'192.168.0.0'),(22,15,NULL,'Indonesia','JSX',NULL,NULL,1,'192.168.0.0'),(23,16,NULL,'Italy','Settlement',NULL,NULL,1,'192.168.0.0'),(24,16,NULL,'Italy','Exchange',NULL,NULL,1,'192.168.0.0'),(25,17,NULL,'Japan',NULL,NULL,NULL,1,'192.168.0.0'),(26,3,NULL,'JointCalendar',NULL,NULL,NULL,1,'192.168.0.0'),(27,19,NULL,'Mexico','BMV',NULL,NULL,1,'192.168.0.0'),(28,20,NULL,'NewZealand',NULL,NULL,NULL,1,'192.168.0.0'),(29,21,NULL,'Norway',NULL,NULL,NULL,1,'192.168.0.0'),(30,3,NULL,'NullCalendar',NULL,NULL,NULL,1,'192.168.0.0'),(31,23,NULL,'Poland',NULL,NULL,NULL,1,'192.168.0.0'),(32,24,NULL,'SaudiArabia','Tadawul',NULL,NULL,1,'192.168.0.0'),(33,25,NULL,'Singapore','SGX',NULL,NULL,1,'192.168.0.0'),(34,26,NULL,'Slovakia','BSSE',NULL,NULL,1,'192.168.0.0'),(35,27,NULL,'SouthAfrica',NULL,NULL,NULL,1,'192.168.0.0'),(36,28,NULL,'SouthKorea','Settlement',NULL,NULL,1,'192.168.0.0'),(37,28,NULL,'SouthKorea','KRX',NULL,NULL,1,'192.168.0.0'),(38,29,NULL,'Sweden',NULL,NULL,NULL,1,'192.168.0.0'),(39,30,NULL,'Switzerland',NULL,NULL,NULL,1,'192.168.0.0'),(40,31,NULL,'Taiwan','TSEC',NULL,NULL,1,'192.168.0.0'),(41,3,NULL,'TARGET',NULL,NULL,NULL,1,'192.168.0.0'),(42,33,NULL,'Turkey',NULL,NULL,NULL,1,'192.168.0.0'),(43,34,NULL,'Ukraine','USE',NULL,NULL,1,'192.168.0.0'),(44,35,NULL,'UnitedKingdom','Settlement',NULL,NULL,1,'192.168.0.0'),(45,35,NULL,'UnitedKingdom','Exchange',NULL,NULL,1,'192.168.0.0'),(46,35,NULL,'UnitedKingdom','Metals',NULL,NULL,1,'192.168.0.0'),(47,36,NULL,'UnitedStates','Settlement',NULL,NULL,1,'192.168.0.0'),(48,36,NULL,'UnitedStates','NYSE',NULL,NULL,1,'192.168.0.0'),(49,36,NULL,'UnitedStates','GovernmentBond',NULL,NULL,1,'192.168.0.0'),(50,36,NULL,'UnitedStates','NERC',NULL,NULL,1,'192.168.0.0'),(51,3,NULL,'WeekendsOnly','null',NULL,NULL,1,'192.168.0.0');
/*!40000 ALTER TABLE `calendar` ENABLE KEYS */;
UNLOCK TABLES;

--
-- Table structure for table `calendarholidays`
--

DROP TABLE IF EXISTS `calendarholidays`;
/*!40101 SET @saved_cs_client     = @@character_set_client */;
/*!40101 SET character_set_client = utf8 */;
CREATE TABLE `calendarholidays` (
  `Id` int(11) NOT NULL AUTO_INCREMENT,
  `CalendarId` int(11) NOT NULL,
  `Date` date NOT NULL,
  `Name` varchar(45) NOT NULL,
  `IfYearly` tinyint(1) DEFAULT NULL,
  `UserCreated` int(11) NOT NULL,
  `IpCreated` varchar(45) NOT NULL,
  PRIMARY KEY (`Id`),
  UNIQUE KEY `unique_pair` (`Id`,`Date`),
  KEY `fk_CalendarHolidays_UserCreated` (`UserCreated`),
  KEY `fk_CalendarHolidays_CalendarId` (`CalendarId`),
  CONSTRAINT `fk_CalendarHolidays_UserCreated` FOREIGN KEY (`UserCreated`) REFERENCES `users` (`Id`) ON UPDATE CASCADE,
  CONSTRAINT `fk_CalendarHolidays_CalendarId` FOREIGN KEY (`CalendarId`) REFERENCES `calendar` (`Id`) ON UPDATE CASCADE
) ENGINE=InnoDB DEFAULT CHARSET=utf8;
/*!40101 SET character_set_client = @saved_cs_client */;

--
-- Dumping data for table `calendarholidays`
--

LOCK TABLES `calendarholidays` WRITE;
/*!40000 ALTER TABLE `calendarholidays` DISABLE KEYS */;
/*!40000 ALTER TABLE `calendarholidays` ENABLE KEYS */;
UNLOCK TABLES;

--
-- Table structure for table `country`
--

DROP TABLE IF EXISTS `country`;
/*!40101 SET @saved_cs_client     = @@character_set_client */;
/*!40101 SET character_set_client = utf8 */;
CREATE TABLE `country` (
  `Id` int(11) NOT NULL AUTO_INCREMENT,
  `Name` varchar(45) NOT NULL,
  `UserCreated` int(11) NOT NULL,
  `IpCreated` varchar(45) NOT NULL,
  PRIMARY KEY (`Id`),
  KEY `fk_Country_UserCreated` (`UserCreated`),
  CONSTRAINT `fk_Country_UserCreated` FOREIGN KEY (`UserCreated`) REFERENCES `users` (`Id`) ON UPDATE CASCADE
) ENGINE=InnoDB AUTO_INCREMENT=37 DEFAULT CHARSET=utf8;
/*!40101 SET character_set_client = @saved_cs_client */;

--
-- Dumping data for table `country`
--

LOCK TABLES `country` WRITE;
/*!40000 ALTER TABLE `country` DISABLE KEYS */;
INSERT INTO `country` VALUES (1,'Argentina',1,'192.168.0.0'),(2,'Australia',1,'192.168.0.0'),(3,'General',1,'192.168.0.0'),(4,'Brazil',1,'192.168.0.0'),(5,'Canada',1,'192.168.0.0'),(6,'China',1,'192.168.0.0'),(7,'CzechRepublic',1,'192.168.0.0'),(8,'Denmark',1,'192.168.0.0'),(9,'Finland',1,'192.168.0.0'),(10,'Germany',1,'192.168.0.0'),(11,'HongKong',1,'192.168.0.0'),(12,'Hungary',1,'192.168.0.0'),(13,'Iceland',1,'192.168.0.0'),(14,'India',1,'192.168.0.0'),(15,'Indonesia',1,'192.168.0.0'),(16,'Italy',1,'192.168.0.0'),(17,'Japan',1,'192.168.0.0'),(19,'Mexico',1,'192.168.0.0'),(20,'NewZealand',1,'192.168.0.0'),(21,'Norway',1,'192.168.0.0'),(23,'Poland',1,'192.168.0.0'),(24,'SaudiArabia',1,'192.168.0.0'),(25,'Singapore',1,'192.168.0.0'),(26,'Slovakia',1,'192.168.0.0'),(27,'SouthAfrica',1,'192.168.0.0'),(28,'SouthKorea',1,'192.168.0.0'),(29,'Sweden',1,'192.168.0.0'),(30,'Switzerland',1,'192.168.0.0'),(31,'Taiwan',1,'192.168.0.0'),(33,'Turkey',1,'192.168.0.0'),(34,'Ukraine',1,'192.168.0.0'),(35,'UnitedKingdom',1,'192.168.0.0'),(36,'UnitedStates',1,'192.168.0.0');
/*!40000 ALTER TABLE `country` ENABLE KEYS */;
UNLOCK TABLES;

--
-- Table structure for table `currency`
--

DROP TABLE IF EXISTS `currency`;
/*!40101 SET @saved_cs_client     = @@character_set_client */;
/*!40101 SET character_set_client = utf8 */;
CREATE TABLE `currency` (
  `Id` int(11) NOT NULL AUTO_INCREMENT,
  `ClassName` varchar(45) DEFAULT NULL,
  `Name` varchar(45) DEFAULT NULL,
  `Code` varchar(3) DEFAULT NULL,
  `NumericCode` int(11) DEFAULT NULL,
  `Symbol` varchar(1) DEFAULT NULL,
  `FractionSymbol` varchar(1) DEFAULT NULL,
  `FractionsPerUnit` int(11) DEFAULT NULL,
  `Rounding` enum('None','Up','Down','Closest','Floor','Ceiling') DEFAULT NULL,
  `RoundingDigit` int(11) DEFAULT NULL,
  `UserCreated` int(11) DEFAULT NULL,
  `IpCreated` varchar(45) DEFAULT NULL,
  PRIMARY KEY (`Id`),
  UNIQUE KEY `unique_pair` (`Name`,`ClassName`),
  KEY `fk_CurrencyDefinition_UserCreated` (`UserCreated`),
  CONSTRAINT `fk_CurrencyDefinition_UserCreated` FOREIGN KEY (`UserCreated`) REFERENCES `users` (`Id`) ON UPDATE CASCADE
) ENGINE=InnoDB AUTO_INCREMENT=67 DEFAULT CHARSET=utf8;
/*!40101 SET character_set_client = @saved_cs_client */;

--
-- Dumping data for table `currency`
--

LOCK TABLES `currency` WRITE;
/*!40000 ALTER TABLE `currency` DISABLE KEYS */;
INSERT INTO `currency` VALUES (1,'ARSCurrency',NULL,NULL,NULL,NULL,NULL,NULL,NULL,NULL,NULL,NULL),(2,'ATSCurrency',NULL,NULL,NULL,NULL,NULL,NULL,NULL,NULL,NULL,NULL),(3,'AUDCurrency',NULL,NULL,NULL,NULL,NULL,NULL,NULL,NULL,NULL,NULL),(4,'BDTCurrency',NULL,NULL,NULL,NULL,NULL,NULL,NULL,NULL,NULL,NULL),(5,'BEFCurrency',NULL,NULL,NULL,NULL,NULL,NULL,NULL,NULL,NULL,NULL),(6,'BGLCurrency',NULL,NULL,NULL,NULL,NULL,NULL,NULL,NULL,NULL,NULL),(7,'BRLCurrency',NULL,NULL,NULL,NULL,NULL,NULL,NULL,NULL,NULL,NULL),(8,'BYRCurrency',NULL,NULL,NULL,NULL,NULL,NULL,NULL,NULL,NULL,NULL),(9,'CADCurrency',NULL,NULL,NULL,NULL,NULL,NULL,NULL,NULL,NULL,NULL),(10,'CHFCurrency',NULL,NULL,NULL,NULL,NULL,NULL,NULL,NULL,NULL,NULL),(11,'CLPCurrency',NULL,NULL,NULL,NULL,NULL,NULL,NULL,NULL,NULL,NULL),(12,'CNYCurrency',NULL,NULL,NULL,NULL,NULL,NULL,NULL,NULL,NULL,NULL),(13,'COPCurrency',NULL,NULL,NULL,NULL,NULL,NULL,NULL,NULL,NULL,NULL),(14,'CYPCurrency',NULL,NULL,NULL,NULL,NULL,NULL,NULL,NULL,NULL,NULL),(15,'CZKCurrency',NULL,NULL,NULL,NULL,NULL,NULL,NULL,NULL,NULL,NULL),(16,'DEMCurrency',NULL,NULL,NULL,NULL,NULL,NULL,NULL,NULL,NULL,NULL),(17,'DKKCurrency',NULL,NULL,NULL,NULL,NULL,NULL,NULL,NULL,NULL,NULL),(18,'EEKCurrency',NULL,NULL,NULL,NULL,NULL,NULL,NULL,NULL,NULL,NULL),(19,'ESPCurrency',NULL,NULL,NULL,NULL,NULL,NULL,NULL,NULL,NULL,NULL),(20,'EURCurrency',NULL,NULL,NULL,NULL,NULL,NULL,NULL,NULL,NULL,NULL),(21,'FIMCurrency',NULL,NULL,NULL,NULL,NULL,NULL,NULL,NULL,NULL,NULL),(22,'FRFCurrency',NULL,NULL,NULL,NULL,NULL,NULL,NULL,NULL,NULL,NULL),(23,'GBPCurrency',NULL,NULL,NULL,NULL,NULL,NULL,NULL,NULL,NULL,NULL),(24,'GRDCurrency',NULL,NULL,NULL,NULL,NULL,NULL,NULL,NULL,NULL,NULL),(25,'HKDCurrency',NULL,NULL,NULL,NULL,NULL,NULL,NULL,NULL,NULL,NULL),(26,'HUFCurrency',NULL,NULL,NULL,NULL,NULL,NULL,NULL,NULL,NULL,NULL),(27,'IEPCurrency',NULL,NULL,NULL,NULL,NULL,NULL,NULL,NULL,NULL,NULL),(28,'ILSCurrency',NULL,NULL,NULL,NULL,NULL,NULL,NULL,NULL,NULL,NULL),(29,'INRCurrency',NULL,NULL,NULL,NULL,NULL,NULL,NULL,NULL,NULL,NULL),(30,'IQDCurrency',NULL,NULL,NULL,NULL,NULL,NULL,NULL,NULL,NULL,NULL),(31,'IRRCurrency',NULL,NULL,NULL,NULL,NULL,NULL,NULL,NULL,NULL,NULL),(32,'ISKCurrency',NULL,NULL,NULL,NULL,NULL,NULL,NULL,NULL,NULL,NULL),(33,'ITLCurrency',NULL,NULL,NULL,NULL,NULL,NULL,NULL,NULL,NULL,NULL),(34,'JPYCurrency',NULL,NULL,NULL,NULL,NULL,NULL,NULL,NULL,NULL,NULL),(35,'KRWCurrency',NULL,NULL,NULL,NULL,NULL,NULL,NULL,NULL,NULL,NULL),(36,'KWDCurrency',NULL,NULL,NULL,NULL,NULL,NULL,NULL,NULL,NULL,NULL),(37,'LTLCurrency',NULL,NULL,NULL,NULL,NULL,NULL,NULL,NULL,NULL,NULL),(38,'LUFCurrency',NULL,NULL,NULL,NULL,NULL,NULL,NULL,NULL,NULL,NULL),(39,'LVLCurrency',NULL,NULL,NULL,NULL,NULL,NULL,NULL,NULL,NULL,NULL),(40,'MTLCurrency',NULL,NULL,NULL,NULL,NULL,NULL,NULL,NULL,NULL,NULL),(41,'MXNCurrency',NULL,NULL,NULL,NULL,NULL,NULL,NULL,NULL,NULL,NULL),(42,'NLGCurrency',NULL,NULL,NULL,NULL,NULL,NULL,NULL,NULL,NULL,NULL),(43,'NOKCurrency',NULL,NULL,NULL,NULL,NULL,NULL,NULL,NULL,NULL,NULL),(44,'NPRCurrency',NULL,NULL,NULL,NULL,NULL,NULL,NULL,NULL,NULL,NULL),(45,'NZDCurrency',NULL,NULL,NULL,NULL,NULL,NULL,NULL,NULL,NULL,NULL),(46,'PEHCurrency',NULL,NULL,NULL,NULL,NULL,NULL,NULL,NULL,NULL,NULL),(47,'PEICurrency',NULL,NULL,NULL,NULL,NULL,NULL,NULL,NULL,NULL,NULL),(48,'PENCurrency',NULL,NULL,NULL,NULL,NULL,NULL,NULL,NULL,NULL,NULL),(49,'PKRCurrency',NULL,NULL,NULL,NULL,NULL,NULL,NULL,NULL,NULL,NULL),(50,'PLNCurrency',NULL,NULL,NULL,NULL,NULL,NULL,NULL,NULL,NULL,NULL),(51,'PTECurrency',NULL,NULL,NULL,NULL,NULL,NULL,NULL,NULL,NULL,NULL),(52,'ROLCurrency',NULL,NULL,NULL,NULL,NULL,NULL,NULL,NULL,NULL,NULL),(53,'RONCurrency',NULL,NULL,NULL,NULL,NULL,NULL,NULL,NULL,NULL,NULL),(54,'SARCurrency',NULL,NULL,NULL,NULL,NULL,NULL,NULL,NULL,NULL,NULL),(55,'SEKCurrency',NULL,NULL,NULL,NULL,NULL,NULL,NULL,NULL,NULL,NULL),(56,'SGDCurrency',NULL,NULL,NULL,NULL,NULL,NULL,NULL,NULL,NULL,NULL),(57,'SITCurrency',NULL,NULL,NULL,NULL,NULL,NULL,NULL,NULL,NULL,NULL),(58,'SKKCurrency',NULL,NULL,NULL,NULL,NULL,NULL,NULL,NULL,NULL,NULL),(59,'THBCurrency',NULL,NULL,NULL,NULL,NULL,NULL,NULL,NULL,NULL,NULL),(60,'TRLCurrency',NULL,NULL,NULL,NULL,NULL,NULL,NULL,NULL,NULL,NULL),(61,'TRYCurrency',NULL,NULL,NULL,NULL,NULL,NULL,NULL,NULL,NULL,NULL),(62,'TTDCurrency',NULL,NULL,NULL,NULL,NULL,NULL,NULL,NULL,NULL,NULL),(63,'TWDCurrency',NULL,NULL,NULL,NULL,NULL,NULL,NULL,NULL,NULL,NULL),(64,'USDCurrency',NULL,NULL,NULL,NULL,NULL,NULL,NULL,NULL,NULL,NULL),(65,'VEBCurrency',NULL,NULL,NULL,NULL,NULL,NULL,NULL,NULL,NULL,NULL),(66,'ZARCurrency',NULL,NULL,NULL,NULL,NULL,NULL,NULL,NULL,NULL,NULL);
/*!40000 ALTER TABLE `currency` ENABLE KEYS */;
UNLOCK TABLES;

--
-- Table structure for table `daycounter`
--

DROP TABLE IF EXISTS `daycounter`;
/*!40101 SET @saved_cs_client     = @@character_set_client */;
/*!40101 SET character_set_client = utf8 */;
CREATE TABLE `daycounter` (
  `Id` int(11) NOT NULL AUTO_INCREMENT,
  `Name` varchar(45) DEFAULT NULL,
  `ClassName` varchar(45) DEFAULT NULL,
  `ClassNameParam` varchar(45) DEFAULT NULL,
  PRIMARY KEY (`Id`)
) ENGINE=InnoDB AUTO_INCREMENT=6 DEFAULT CHARSET=utf8;
/*!40101 SET character_set_client = @saved_cs_client */;

--
-- Dumping data for table `daycounter`
--

LOCK TABLES `daycounter` WRITE;
/*!40000 ALTER TABLE `daycounter` DISABLE KEYS */;
INSERT INTO `daycounter` VALUES (1,NULL,'Actual360',''),(2,NULL,'Actual365Fixed',''),(3,NULL,'ActualActual','ISDA'),(4,NULL,'Business252',''),(5,NULL,'Thirty360','');
/*!40000 ALTER TABLE `daycounter` ENABLE KEYS */;
UNLOCK TABLES;

--
-- Table structure for table `enumbasis`
--

DROP TABLE IF EXISTS `enumbasis`;
/*!40101 SET @saved_cs_client     = @@character_set_client */;
/*!40101 SET character_set_client = utf8 */;
CREATE TABLE `enumbasis` (
  `Id` int(11) NOT NULL AUTO_INCREMENT,
  `Name` varchar(45) NOT NULL,
  PRIMARY KEY (`Id`),
  UNIQUE KEY `unique_name` (`Name`)
) ENGINE=InnoDB AUTO_INCREMENT=6 DEFAULT CHARSET=utf8;
/*!40101 SET character_set_client = @saved_cs_client */;

--
-- Dumping data for table `enumbasis`
--

LOCK TABLES `enumbasis` WRITE;
/*!40000 ALTER TABLE `enumbasis` DISABLE KEYS */;
INSERT INTO `enumbasis` VALUES (5,'30/360 (Bond Basis)'),(1,'Actual/360'),(2,'Actual/365 (Fixed)'),(3,'Actual/Actual (ISDA)'),(4,'Business/252');
/*!40000 ALTER TABLE `enumbasis` ENABLE KEYS */;
UNLOCK TABLES;

--
-- Table structure for table `enumbusinessdayconvention`
--

DROP TABLE IF EXISTS `enumbusinessdayconvention`;
/*!40101 SET @saved_cs_client     = @@character_set_client */;
/*!40101 SET character_set_client = utf8 */;
CREATE TABLE `enumbusinessdayconvention` (
  `Id` int(11) NOT NULL AUTO_INCREMENT,
  `Name` varchar(45) NOT NULL,
  PRIMARY KEY (`Id`),
  UNIQUE KEY `unique_name` (`Name`)
) ENGINE=InnoDB AUTO_INCREMENT=6 DEFAULT CHARSET=utf8;
/*!40101 SET character_set_client = @saved_cs_client */;

--
-- Dumping data for table `enumbusinessdayconvention`
--

LOCK TABLES `enumbusinessdayconvention` WRITE;
/*!40000 ALTER TABLE `enumbusinessdayconvention` DISABLE KEYS */;
INSERT INTO `enumbusinessdayconvention` VALUES (1,'Following'),(2,'ModifiedFollowing'),(4,'ModifiedPreceding'),(3,'Preceding'),(5,'Unadjusted');
/*!40000 ALTER TABLE `enumbusinessdayconvention` ENABLE KEYS */;
UNLOCK TABLES;

--
-- Table structure for table `enumcompounding`
--

DROP TABLE IF EXISTS `enumcompounding`;
/*!40101 SET @saved_cs_client     = @@character_set_client */;
/*!40101 SET character_set_client = utf8 */;
CREATE TABLE `enumcompounding` (
  `Id` int(11) NOT NULL AUTO_INCREMENT,
  `Name` varchar(45) NOT NULL,
  PRIMARY KEY (`Id`),
  UNIQUE KEY `unique_name` (`Name`)
) ENGINE=InnoDB AUTO_INCREMENT=5 DEFAULT CHARSET=utf8;
/*!40101 SET character_set_client = @saved_cs_client */;

--
-- Dumping data for table `enumcompounding`
--

LOCK TABLES `enumcompounding` WRITE;
/*!40000 ALTER TABLE `enumcompounding` DISABLE KEYS */;
INSERT INTO `enumcompounding` VALUES (4,'Absolute'),(2,'Actuarial'),(3,'Continuous'),(1,'Linear');
/*!40000 ALTER TABLE `enumcompounding` ENABLE KEYS */;
UNLOCK TABLES;

--
-- Table structure for table `enumdategeneration`
--

DROP TABLE IF EXISTS `enumdategeneration`;
/*!40101 SET @saved_cs_client     = @@character_set_client */;
/*!40101 SET character_set_client = utf8 */;
CREATE TABLE `enumdategeneration` (
  `Id` int(11) NOT NULL AUTO_INCREMENT,
  `Name` varchar(45) NOT NULL,
  PRIMARY KEY (`Id`),
  UNIQUE KEY `unique_name` (`Name`)
) ENGINE=InnoDB AUTO_INCREMENT=8 DEFAULT CHARSET=utf8;
/*!40101 SET character_set_client = @saved_cs_client */;

--
-- Dumping data for table `enumdategeneration`
--

LOCK TABLES `enumdategeneration` WRITE;
/*!40000 ALTER TABLE `enumdategeneration` DISABLE KEYS */;
INSERT INTO `enumdategeneration` VALUES (1,'Backward'),(7,'CDS'),(2,'Forward'),(6,'OldCDS'),(3,'ThirdWednesday'),(4,'Twentieth'),(5,'TwentiethIMM');
/*!40000 ALTER TABLE `enumdategeneration` ENABLE KEYS */;
UNLOCK TABLES;

--
-- Table structure for table `enumfrequency`
--

DROP TABLE IF EXISTS `enumfrequency`;
/*!40101 SET @saved_cs_client     = @@character_set_client */;
/*!40101 SET character_set_client = utf8 */;
CREATE TABLE `enumfrequency` (
  `Id` int(11) NOT NULL AUTO_INCREMENT,
  `Name` varchar(45) NOT NULL,
  PRIMARY KEY (`Id`),
  UNIQUE KEY `unique_name` (`Name`)
) ENGINE=InnoDB AUTO_INCREMENT=14 DEFAULT CHARSET=utf8;
/*!40101 SET character_set_client = @saved_cs_client */;

--
-- Dumping data for table `enumfrequency`
--

LOCK TABLES `enumfrequency` WRITE;
/*!40000 ALTER TABLE `enumfrequency` DISABLE KEYS */;
INSERT INTO `enumfrequency` VALUES (3,'Annual'),(7,'Bimonthly'),(10,'Biweekly'),(12,'Daily'),(5,'Every-fourth-Month'),(9,'Every-fourth-week'),(8,'Monthly'),(1,'NoFrequency'),(2,'Once'),(13,'OtherFrequency'),(6,'Quarterly'),(4,'Semiannual'),(11,'Weekly');
/*!40000 ALTER TABLE `enumfrequency` ENABLE KEYS */;
UNLOCK TABLES;

--
-- Table structure for table `exchangerate`
--

DROP TABLE IF EXISTS `exchangerate`;
/*!40101 SET @saved_cs_client     = @@character_set_client */;
/*!40101 SET character_set_client = utf8 */;
CREATE TABLE `exchangerate` (
  `Id` int(11) NOT NULL AUTO_INCREMENT,
  `Name` varchar(45) DEFAULT NULL,
  `ClassName` varchar(45) DEFAULT NULL,
  `PrimaryCurrency` int(11) NOT NULL,
  `SecondaryCurrency` int(11) NOT NULL,
  `DataProviderId` int(11) DEFAULT NULL,
  `DataReference` varchar(45) DEFAULT NULL,
  `Accuracy` int(11) DEFAULT NULL,
  `SettlementDays` int(11) DEFAULT NULL,
  `FixingPlace` int(11) DEFAULT NULL,
  `UserCreated` int(11) DEFAULT NULL,
  `IpCreated` varchar(45) DEFAULT NULL,
  PRIMARY KEY (`Id`),
  UNIQUE KEY `unique_pair` (`Name`,`ClassName`),
  KEY `fk_ExchangeRate_DataProviderId` (`DataProviderId`),
  KEY `fk_ExchangeRate_UserCreated` (`UserCreated`),
  KEY `fk_ExchangeRate_PrimaryCurrency` (`PrimaryCurrency`),
  KEY `fk_ExchangeRate_SecondaryCurrency` (`SecondaryCurrency`),
  CONSTRAINT `fk_ExchangeRate_DataProviderId` FOREIGN KEY (`DataProviderId`) REFERENCES `provider` (`Id`) ON UPDATE CASCADE,
  CONSTRAINT `fk_ExchangeRate_UserCreated` FOREIGN KEY (`UserCreated`) REFERENCES `users` (`Id`) ON UPDATE CASCADE,
  CONSTRAINT `fk_ExchangeRate_PrimaryCurrency` FOREIGN KEY (`PrimaryCurrency`) REFERENCES `currency` (`Id`) ON UPDATE CASCADE,
  CONSTRAINT `fk_ExchangeRate_SecondaryCurrency` FOREIGN KEY (`SecondaryCurrency`) REFERENCES `currency` (`Id`) ON UPDATE CASCADE
) ENGINE=InnoDB AUTO_INCREMENT=16 DEFAULT CHARSET=utf8;
/*!40101 SET character_set_client = @saved_cs_client */;

--
-- Dumping data for table `exchangerate`
--

LOCK TABLES `exchangerate` WRITE;
/*!40000 ALTER TABLE `exchangerate` DISABLE KEYS */;
INSERT INTO `exchangerate` VALUES (1,'EURUSD',NULL,20,64,2,'BBG0013HGRV5',NULL,2,NULL,1,'192.168.0.0'),(2,'EURCHF',NULL,20,10,2,'BBG0013HQFX8',NULL,2,NULL,1,'192.168.0.0'),(3,'EURGBP',NULL,20,23,2,'BBG0013HQFT3',NULL,2,NULL,1,'192.168.0.0'),(4,'EURJPY',NULL,20,34,2,'BBG0013HQG84',NULL,2,NULL,1,'192.168.0.0'),(5,'USDCHF',NULL,64,10,2,'BBG0013HFN45',NULL,2,NULL,1,'192.168.0.0'),(6,'USDGBP',NULL,64,23,2,'BBG0013HJDF1',NULL,2,NULL,1,'192.168.0.0'),(7,'USDJPY',NULL,64,34,2,'BBG0013HG3T1',NULL,2,NULL,1,'192.168.0.0'),(8,'CHFGBP',NULL,10,23,2,'BBG0013HKR13',NULL,2,NULL,1,'192.168.0.0'),(9,'CHFJPY',NULL,10,34,2,'BBG0013HKSD8',NULL,2,NULL,1,'192.168.0.0'),(10,'GBPJPY',NULL,23,34,2,'BBG0013HKQQ8',NULL,2,NULL,1,'192.168.0.0'),(11,'AUDEUR',NULL,3,20,2,'BBG0013HQ0Y0',NULL,2,NULL,1,'192.168.0.0'),(12,'AUDUSD',NULL,3,64,2,'BBG0013HFHG5',NULL,2,NULL,1,'192.168.0.0'),(13,'AUDGBP',NULL,3,23,2,'BBG0013HKV69',NULL,2,NULL,1,'192.168.0.0'),(14,'AUDJPY',NULL,3,34,2,'BBG0013J11D4',NULL,2,NULL,1,'192.168.0.0'),(15,'AUDCHF',NULL,3,10,2,'BBG0013HH7G5',NULL,2,NULL,1,'192.168.0.0');
/*!40000 ALTER TABLE `exchangerate` ENABLE KEYS */;
UNLOCK TABLES;

--
-- Table structure for table `exchangeratehistory`
--

DROP TABLE IF EXISTS `exchangeratehistory`;
/*!40101 SET @saved_cs_client     = @@character_set_client */;
/*!40101 SET character_set_client = utf8 */;
CREATE TABLE `exchangeratehistory` (
  `Id` int(11) NOT NULL AUTO_INCREMENT,
  `RateId` int(11) NOT NULL,
  `Date` date NOT NULL,
  `High` double DEFAULT NULL,
  `Low` double DEFAULT NULL,
  `Open` double DEFAULT NULL,
  `Close` double DEFAULT NULL,
  `Theoretical` double DEFAULT NULL,
  `UserCreated` int(11) NOT NULL,
  `IpCreated` varchar(45) NOT NULL,
  PRIMARY KEY (`Id`),
  UNIQUE KEY `unique_pair` (`Id`,`Date`),
  KEY `fk_ExchangeRateHistory_UserCreated` (`UserCreated`),
  CONSTRAINT `fk_ExchangeRateHistory_UserCreated` FOREIGN KEY (`UserCreated`) REFERENCES `users` (`Id`) ON UPDATE CASCADE
) ENGINE=InnoDB AUTO_INCREMENT=166 DEFAULT CHARSET=utf8;
/*!40101 SET character_set_client = @saved_cs_client */;

--
-- Dumping data for table `exchangeratehistory`
--

LOCK TABLES `exchangeratehistory` WRITE;
/*!40000 ALTER TABLE `exchangeratehistory` DISABLE KEYS */;
INSERT INTO `exchangeratehistory` VALUES (1,1,'2012-03-23',NULL,NULL,NULL,1.327,NULL,1,'192.168.0.0'),(2,2,'2012-03-23',NULL,NULL,NULL,1.205,NULL,1,'192.168.0.0'),(3,3,'2012-03-23',NULL,NULL,NULL,0.8361,NULL,1,'192.168.0.0'),(4,4,'2012-03-23',NULL,NULL,NULL,109.27,NULL,1,'192.168.0.0'),(5,5,'2012-03-23',NULL,NULL,NULL,0.908,NULL,1,'192.168.0.0'),(6,6,'2012-03-23',NULL,NULL,NULL,0.63,NULL,1,'192.168.0.0'),(7,7,'2012-03-23',NULL,NULL,NULL,82.3418,NULL,1,'192.168.0.0'),(8,8,'2012-03-23',NULL,NULL,NULL,0.6939,NULL,1,'192.168.0.0'),(9,9,'2012-03-23',NULL,NULL,NULL,90.681,NULL,1,'192.168.0.0'),(10,10,'2012-03-23',NULL,NULL,NULL,130.689,NULL,1,'192.168.0.0'),(11,11,'2012-03-23',NULL,NULL,NULL,0.7887,NULL,1,'192.168.0.0'),(12,12,'2012-03-23',NULL,NULL,NULL,1.0466,NULL,1,'192.168.0.0'),(13,13,'2012-03-23',NULL,NULL,NULL,0.6596,NULL,1,'192.168.0.0'),(14,14,'2012-03-23',NULL,NULL,NULL,86.1704,NULL,1,'192.168.0.0'),(15,15,'2012-03-23',NULL,NULL,NULL,0.9503,NULL,1,'192.168.0.0'),(16,1,'2012-04-16',NULL,NULL,NULL,1.3142,NULL,1,'192.168.0.0'),(17,2,'2012-04-16',NULL,NULL,NULL,1.2019,NULL,1,'192.168.0.0'),(18,3,'2012-04-16',NULL,NULL,NULL,0.8264,NULL,1,'192.168.0.0'),(19,4,'2012-04-16',NULL,NULL,NULL,105.67,NULL,1,'192.168.0.0'),(20,5,'2012-04-16',NULL,NULL,NULL,0.9145,NULL,1,'192.168.0.0'),(21,6,'2012-04-16',NULL,NULL,NULL,0.6288,NULL,1,'192.168.0.0'),(22,7,'2012-04-16',NULL,NULL,NULL,80.41,NULL,1,'192.168.0.0'),(23,8,'2012-04-16',NULL,NULL,NULL,0.6876,NULL,1,'192.168.0.0'),(24,9,'2012-04-16',NULL,NULL,NULL,87.924,NULL,1,'192.168.0.0'),(25,10,'2012-04-16',NULL,NULL,NULL,127.8372,NULL,1,'192.168.0.0'),(26,11,'2012-04-16',NULL,NULL,NULL,0.788,NULL,1,'192.168.0.0'),(27,12,'2012-04-16',NULL,NULL,NULL,1.0355,NULL,1,'192.168.0.0'),(28,13,'2012-04-16',NULL,NULL,NULL,0.6513,NULL,1,'192.168.0.0'),(29,14,'2012-04-16',NULL,NULL,NULL,83.2617,NULL,1,'192.168.0.0'),(30,15,'2012-04-16',NULL,NULL,NULL,0.9469,NULL,1,'192.168.0.0'),(31,1,'2012-04-20',NULL,NULL,NULL,1.3183,NULL,1,'192.168.0.0'),(32,2,'2012-04-20',NULL,NULL,NULL,1.2015,NULL,1,'192.168.0.0'),(33,3,'2012-04-20',NULL,NULL,NULL,0.8182,NULL,1,'192.168.0.0'),(34,4,'2012-04-20',NULL,NULL,NULL,107.55,NULL,1,'192.168.0.0'),(35,5,'2012-04-20',NULL,NULL,NULL,0.9089,NULL,1,'192.168.0.0'),(36,6,'2012-04-20',NULL,NULL,NULL,0.6205,NULL,1,'192.168.0.0'),(37,7,'2012-04-20',NULL,NULL,NULL,81.57,NULL,1,'192.168.0.0'),(38,8,'2012-04-20',NULL,NULL,NULL,0.6822,NULL,1,'192.168.0.0'),(39,9,'2012-04-20',NULL,NULL,NULL,89.491,NULL,1,'192.168.0.0'),(40,10,'2012-04-20',NULL,NULL,NULL,131.456,NULL,1,'192.168.0.0'),(41,11,'2012-04-20',NULL,NULL,NULL,0.7865,NULL,1,'192.168.0.0'),(42,12,'2012-04-20',NULL,NULL,NULL,1.037,NULL,1,'192.168.0.0'),(43,13,'2012-04-20',NULL,NULL,NULL,0.6435,NULL,1,'192.168.0.0'),(44,14,'2012-04-20',NULL,NULL,NULL,84.608,NULL,1,'192.168.0.0'),(45,15,'2012-04-20',NULL,NULL,NULL,0.9454,NULL,1,'192.168.0.0'),(46,1,'2012-04-30',NULL,NULL,NULL,1.3238,NULL,1,'192.168.0.0'),(47,2,'2012-04-30',NULL,NULL,NULL,1.2013,NULL,1,'192.168.0.0'),(48,3,'2012-04-30',NULL,NULL,NULL,0.8154,NULL,1,'192.168.0.0'),(49,4,'2012-04-30',NULL,NULL,NULL,105.6594,NULL,1,'192.168.0.0'),(50,5,'2012-04-30',NULL,NULL,NULL,0.9074,NULL,1,'192.168.0.0'),(51,6,'2012-04-30',NULL,NULL,NULL,0.6159,NULL,1,'192.168.0.0'),(52,7,'2012-04-30',NULL,NULL,NULL,79.82,NULL,1,'192.168.0.0'),(53,8,'2012-04-30',NULL,NULL,NULL,0.6788,NULL,1,'192.168.0.0'),(54,9,'2012-04-30',NULL,NULL,NULL,87.958,NULL,1,'192.168.0.0'),(55,10,'2012-04-30',NULL,NULL,NULL,129.566,NULL,1,'192.168.0.0'),(56,11,'2012-04-30',NULL,NULL,NULL,0.7877,NULL,1,'192.168.0.0'),(57,12,'2012-04-30',NULL,NULL,NULL,1.0428,NULL,1,'192.168.0.0'),(58,13,'2012-04-30',NULL,NULL,NULL,0.6423,NULL,1,'192.168.0.0'),(59,14,'2012-04-30',NULL,NULL,NULL,83.245,NULL,1,'192.168.0.0'),(60,15,'2012-04-30',NULL,NULL,NULL,0.9462,NULL,1,'192.168.0.0'),(61,1,'2012-05-08',NULL,NULL,NULL,1.3004,NULL,1,'192.168.0.0'),(62,2,'2012-05-08',NULL,NULL,NULL,1.2012,NULL,1,'192.168.0.0'),(63,3,'2012-05-08',NULL,NULL,NULL,0.8048,NULL,1,'192.168.0.0'),(64,4,'2012-05-08',NULL,NULL,NULL,103.88,NULL,1,'192.168.0.0'),(65,5,'2012-05-08',NULL,NULL,NULL,0.9235,NULL,1,'192.168.0.0'),(66,6,'2012-05-08',NULL,NULL,NULL,0.6188,NULL,1,'192.168.0.0'),(67,7,'2012-05-08',NULL,NULL,NULL,79.87,NULL,1,'192.168.0.0'),(68,8,'2012-05-08',NULL,NULL,NULL,0.67,NULL,1,'192.168.0.0'),(69,9,'2012-05-08',NULL,NULL,NULL,86.482,NULL,1,'192.168.0.0'),(70,10,'2012-05-08',NULL,NULL,NULL,129.057,NULL,1,'192.168.0.0'),(71,11,'2012-05-08',NULL,NULL,NULL,0.7781,NULL,1,'192.168.0.0'),(72,12,'2012-05-08',NULL,NULL,NULL,1.012,NULL,1,'192.168.0.0'),(73,13,'2012-05-08',NULL,NULL,NULL,0.6264,NULL,1,'192.168.0.0'),(74,14,'2012-05-08',NULL,NULL,NULL,80.8349,NULL,1,'192.168.0.0'),(75,15,'2012-05-08',NULL,NULL,NULL,0.9347,NULL,1,'192.168.0.0'),(76,1,'2012-05-14',NULL,NULL,NULL,1.2823,NULL,1,'192.168.0.0'),(77,2,'2012-05-14',NULL,NULL,NULL,1.2011,NULL,1,'192.168.0.0'),(78,3,'2012-05-14',NULL,NULL,NULL,0.7968,NULL,1,'192.168.0.0'),(79,4,'2012-05-14',NULL,NULL,NULL,102.3798,NULL,1,'192.168.0.0'),(80,5,'2012-05-14',NULL,NULL,NULL,0.9366,NULL,1,'192.168.0.0'),(81,6,'2012-05-14',NULL,NULL,NULL,0.6214,NULL,1,'192.168.0.0'),(82,7,'2012-05-14',NULL,NULL,NULL,79.85,NULL,1,'192.168.0.0'),(83,8,'2012-05-14',NULL,NULL,NULL,0.6633,NULL,1,'192.168.0.0'),(84,9,'2012-05-14',NULL,NULL,NULL,85.239,NULL,1,'192.168.0.0'),(85,10,'2012-05-14',NULL,NULL,NULL,128.4772,NULL,1,'192.168.0.0'),(86,11,'2012-05-14',NULL,NULL,NULL,0.7765,NULL,1,'192.168.0.0'),(87,12,'2012-05-14',NULL,NULL,NULL,0.9957,NULL,1,'192.168.0.0'),(88,13,'2012-05-14',NULL,NULL,NULL,0.6188,NULL,1,'192.168.0.0'),(89,14,'2012-05-14',NULL,NULL,NULL,79.513,NULL,1,'192.168.0.0'),(90,15,'2012-05-14',NULL,NULL,NULL,0.9329,NULL,1,'192.168.0.0'),(91,1,'2012-05-21',NULL,NULL,NULL,1.2817,NULL,1,'192.168.0.0'),(92,2,'2012-05-21',NULL,NULL,NULL,1.2011,NULL,1,'192.168.0.0'),(93,3,'2012-05-21',NULL,NULL,NULL,0.8094,NULL,1,'192.168.0.0'),(94,4,'2012-05-21',NULL,NULL,NULL,101.65,NULL,1,'192.168.0.0'),(95,5,'2012-05-21',NULL,NULL,NULL,0.9372,NULL,1,'192.168.0.0'),(96,6,'2012-05-21',NULL,NULL,NULL,0.6315,NULL,1,'192.168.0.0'),(97,7,'2012-05-21',NULL,NULL,NULL,79.31,NULL,1,'192.168.0.0'),(98,8,'2012-05-21',NULL,NULL,NULL,0.6739,NULL,1,'192.168.0.0'),(99,9,'2012-05-21',NULL,NULL,NULL,84.616,NULL,1,'192.168.0.0'),(100,10,'2012-05-21',NULL,NULL,NULL,125.576,NULL,1,'192.168.0.0'),(101,11,'2012-05-21',NULL,NULL,NULL,0.7735,NULL,1,'192.168.0.0'),(102,12,'2012-05-21',NULL,NULL,NULL,0.9915,NULL,1,'192.168.0.0'),(103,13,'2012-05-21',NULL,NULL,NULL,0.626,NULL,1,'192.168.0.0'),(104,14,'2012-05-21',NULL,NULL,NULL,78.633,NULL,1,'192.168.0.0'),(105,15,'2012-05-21',NULL,NULL,NULL,0.9292,NULL,1,'192.168.0.0'),(106,1,'2012-05-25',NULL,NULL,NULL,1.2554,NULL,1,'192.168.0.0'),(107,2,'2012-05-25',NULL,NULL,NULL,1.2016,NULL,1,'192.168.0.0'),(108,3,'2012-05-25',NULL,NULL,NULL,0.8002,NULL,1,'192.168.0.0'),(109,4,'2012-05-25',NULL,NULL,NULL,99.99,NULL,1,'192.168.0.0'),(110,5,'2012-05-25',NULL,NULL,NULL,0.9571,NULL,1,'192.168.0.0'),(111,6,'2012-05-25',NULL,NULL,NULL,0.6383,NULL,1,'192.168.0.0'),(112,7,'2012-05-25',NULL,NULL,NULL,79.642,NULL,1,'192.168.0.0'),(113,8,'2012-05-25',NULL,NULL,NULL,0.6653,NULL,1,'192.168.0.0'),(114,9,'2012-05-25',NULL,NULL,NULL,83.217,NULL,1,'192.168.0.0'),(115,10,'2012-05-25',NULL,NULL,NULL,124.7925,NULL,1,'192.168.0.0'),(116,11,'2012-05-25',NULL,NULL,NULL,0.7795,NULL,1,'192.168.0.0'),(117,12,'2012-05-25',NULL,NULL,NULL,0.9787,NULL,1,'192.168.0.0'),(118,13,'2012-05-25',NULL,NULL,NULL,0.6239,NULL,1,'192.168.0.0'),(119,14,'2012-05-25',NULL,NULL,NULL,77.965,NULL,1,'192.168.0.0'),(120,15,'2012-05-25',NULL,NULL,NULL,0.9367,NULL,1,'192.168.0.0'),(121,1,'2012-07-12',NULL,NULL,NULL,1.2202,NULL,1,'192.168.0.0'),(122,2,'2012-07-12',NULL,NULL,NULL,1.2008,NULL,1,'192.168.0.0'),(123,3,'2012-07-12',NULL,NULL,NULL,0.7909,NULL,1,'192.168.0.0'),(124,4,'2012-07-12',NULL,NULL,NULL,96.8,NULL,1,'192.168.0.0'),(125,5,'2012-07-12',NULL,NULL,NULL,0.9841,NULL,1,'192.168.0.0'),(126,6,'2012-07-12',NULL,NULL,NULL,0.648,NULL,1,'192.168.0.0'),(127,7,'2012-07-12',NULL,NULL,NULL,79.31,NULL,1,'192.168.0.0'),(128,8,'2012-07-12',NULL,NULL,NULL,0.6586,NULL,1,'192.168.0.0'),(129,9,'2012-07-12',NULL,NULL,NULL,80.5879,NULL,1,'192.168.0.0'),(130,10,'2012-07-12',NULL,NULL,NULL,122.3478,NULL,1,'192.168.0.0'),(131,11,'2012-07-12',NULL,NULL,NULL,0.8308,NULL,1,'192.168.0.0'),(132,12,'2012-07-12',NULL,NULL,NULL,1.0139,NULL,1,'192.168.0.0'),(133,13,'2012-07-12',NULL,NULL,NULL,0.6572,NULL,1,'192.168.0.0'),(134,14,'2012-07-12',NULL,NULL,NULL,80.41,NULL,1,'192.168.0.0'),(135,15,'2012-07-12',NULL,NULL,NULL,0.9978,NULL,1,'192.168.0.0'),(136,1,'2012-07-13',NULL,NULL,NULL,1.2248,NULL,1,'192.168.0.0'),(137,2,'2012-07-13',NULL,NULL,NULL,1.2008,NULL,1,'192.168.0.0'),(138,3,'2012-07-13',NULL,NULL,NULL,0.7865,NULL,1,'192.168.0.0'),(139,4,'2012-07-13',NULL,NULL,NULL,96.9703,NULL,1,'192.168.0.0'),(140,5,'2012-07-13',NULL,NULL,NULL,0.9804,NULL,1,'192.168.0.0'),(141,6,'2012-07-13',NULL,NULL,NULL,0.6421,NULL,1,'192.168.0.0'),(142,7,'2012-07-13',NULL,NULL,NULL,79.18,NULL,1,'192.168.0.0'),(143,8,'2012-07-13',NULL,NULL,NULL,0.6547,NULL,1,'192.168.0.0'),(144,9,'2012-07-13',NULL,NULL,NULL,80.779,NULL,1,'192.168.0.0'),(145,10,'2012-07-13',NULL,NULL,NULL,123.3117,NULL,1,'192.168.0.0'),(146,11,'2012-07-13',NULL,NULL,NULL,0.8347,NULL,1,'192.168.0.0'),(147,12,'2012-07-13',NULL,NULL,NULL,1.0225,NULL,1,'192.168.0.0'),(148,13,'2012-07-13',NULL,NULL,NULL,0.6564,NULL,1,'192.168.0.0'),(149,14,'2012-07-13',NULL,NULL,NULL,80.9579,NULL,1,'192.168.0.0'),(150,15,'2012-07-13',NULL,NULL,NULL,1.0026,NULL,1,'192.168.0.0'),(151,1,'2012-07-20',NULL,NULL,NULL,1.2157,NULL,1,'192.168.0.0'),(152,2,'2012-07-20',NULL,NULL,NULL,1.2009,NULL,1,'192.168.0.0'),(153,3,'2012-07-20',NULL,NULL,NULL,0.7782,NULL,1,'192.168.0.0'),(154,4,'2012-07-20',NULL,NULL,NULL,95.43,NULL,1,'192.168.0.0'),(155,5,'2012-07-20',NULL,NULL,NULL,0.988,NULL,1,'192.168.0.0'),(156,6,'2012-07-20',NULL,NULL,NULL,0.64,NULL,1,'192.168.0.0'),(157,7,'2012-07-20',NULL,NULL,NULL,78.49,NULL,1,'192.168.0.0'),(158,8,'2012-07-20',NULL,NULL,NULL,0.6479,NULL,1,'192.168.0.0'),(159,9,'2012-07-20',NULL,NULL,NULL,79.439,NULL,1,'192.168.0.0'),(160,10,'2012-07-20',NULL,NULL,NULL,122.667,NULL,1,'192.168.0.0'),(161,11,'2012-07-20',NULL,NULL,NULL,0.8536,NULL,1,'192.168.0.0'),(162,12,'2012-07-20',NULL,NULL,NULL,1.0378,NULL,1,'192.168.0.0'),(163,13,'2012-07-20',NULL,NULL,NULL,0.6643,NULL,1,'192.168.0.0'),(164,14,'2012-07-20',NULL,NULL,NULL,81.457,NULL,1,'192.168.0.0'),(165,15,'2012-07-20',NULL,NULL,NULL,1.0262,NULL,1,'192.168.0.0');
/*!40000 ALTER TABLE `exchangeratehistory` ENABLE KEYS */;
UNLOCK TABLES;

--
-- Table structure for table `provider`
--

DROP TABLE IF EXISTS `provider`;
/*!40101 SET @saved_cs_client     = @@character_set_client */;
/*!40101 SET character_set_client = utf8 */;
CREATE TABLE `provider` (
  `Id` int(11) NOT NULL AUTO_INCREMENT,
  `Name` varchar(45) NOT NULL,
  PRIMARY KEY (`Id`),
  UNIQUE KEY `unique_name` (`Name`)
) ENGINE=InnoDB AUTO_INCREMENT=3 DEFAULT CHARSET=utf8;
/*!40101 SET character_set_client = @saved_cs_client */;

--
-- Dumping data for table `provider`
--

LOCK TABLES `provider` WRITE;
/*!40000 ALTER TABLE `provider` DISABLE KEYS */;
INSERT INTO `provider` VALUES (2,'Bloomberg'),(1,'Reuters');
/*!40000 ALTER TABLE `provider` ENABLE KEYS */;
UNLOCK TABLES;

--
-- Table structure for table `rate`
--

DROP TABLE IF EXISTS `rate`;
/*!40101 SET @saved_cs_client     = @@character_set_client */;
/*!40101 SET character_set_client = utf8 */;
CREATE TABLE `rate` (
  `Id` int(11) NOT NULL AUTO_INCREMENT,
  `Name` varchar(45) DEFAULT NULL,
  `ClassName` varchar(45) DEFAULT NULL,
  `Type` enum('deposit','swap') NOT NULL,
  `DataProviderId` int(11) DEFAULT NULL,
  `DataReference` varchar(45) DEFAULT NULL,
  `CurrencyId` int(11) DEFAULT NULL,
  `Length` int(11) DEFAULT NULL,
  `TimeUnit` enum('Days','Weeks','Months','Years') DEFAULT NULL,
  `Accuracy` int(11) DEFAULT NULL,
  `BasisId` int(11) DEFAULT NULL,
  `FrequencyId` int(11) DEFAULT NULL,
  `CompoundingId` int(11) DEFAULT NULL,
  `Spread` double DEFAULT NULL,
  `SettlementDays` int(11) DEFAULT NULL,
  `YieldCurveId` int(11) DEFAULT NULL,
  `FixingPlace` int(11) DEFAULT NULL,
  `IndexId` int(11) DEFAULT NULL,
  `UserCreated` int(11) DEFAULT NULL,
  `IpCreated` varchar(45) DEFAULT NULL,
  PRIMARY KEY (`Id`),
  UNIQUE KEY `unique_pair` (`Name`,`ClassName`),
  KEY `fk_Rate_DataProviderId` (`DataProviderId`),
  KEY `fk_Rate_CurrencyId` (`CurrencyId`),
  KEY `fk_Rate_Basis` (`BasisId`),
  KEY `fk_Rate_FrequencyId` (`FrequencyId`),
  KEY `fk_Rate_CompoundingId` (`CompoundingId`),
  KEY `fk_Rate_YieldCurveId` (`YieldCurveId`),
  KEY `fk_Rate_UserCreated` (`UserCreated`),
  KEY `fk_Rate_IndexId` (`IndexId`),
  CONSTRAINT `fk_Rate_DataProviderId` FOREIGN KEY (`DataProviderId`) REFERENCES `provider` (`Id`) ON UPDATE CASCADE,
  CONSTRAINT `fk_Rate_CurrencyId` FOREIGN KEY (`CurrencyId`) REFERENCES `currency` (`Id`) ON UPDATE CASCADE,
  CONSTRAINT `fk_Rate_Basis` FOREIGN KEY (`BasisId`) REFERENCES `enumbasis` (`Id`) ON UPDATE CASCADE,
  CONSTRAINT `fk_Rate_FrequencyId` FOREIGN KEY (`FrequencyId`) REFERENCES `enumfrequency` (`Id`) ON UPDATE CASCADE,
  CONSTRAINT `fk_Rate_CompoundingId` FOREIGN KEY (`CompoundingId`) REFERENCES `enumcompounding` (`Id`) ON UPDATE CASCADE,
  CONSTRAINT `fk_Rate_YieldCurveId` FOREIGN KEY (`YieldCurveId`) REFERENCES `yieldcurve` (`Id`) ON UPDATE CASCADE,
  CONSTRAINT `fk_Rate_UserCreated` FOREIGN KEY (`UserCreated`) REFERENCES `users` (`Id`) ON UPDATE CASCADE,
  CONSTRAINT `fk_Rate_IndexId` FOREIGN KEY (`IndexId`) REFERENCES `rate` (`Id`) ON UPDATE CASCADE
) ENGINE=InnoDB AUTO_INCREMENT=341 DEFAULT CHARSET=utf8;
/*!40101 SET character_set_client = @saved_cs_client */;

--
-- Dumping data for table `rate`
--

LOCK TABLES `rate` WRITE;
/*!40000 ALTER TABLE `rate` DISABLE KEYS */;
INSERT INTO `rate` VALUES (1,NULL,'EURLiborON','deposit',2,'EE00O/N Index',20,NULL,NULL,NULL,NULL,NULL,NULL,NULL,NULL,NULL,NULL,NULL,NULL,NULL),(2,NULL,'EURLiborSW','deposit',2,'EE0001W Index',20,NULL,NULL,NULL,NULL,NULL,NULL,NULL,NULL,NULL,NULL,NULL,NULL,NULL),(3,NULL,'EURLibor2W','deposit',2,'EE0002W Index',20,NULL,NULL,NULL,NULL,NULL,NULL,NULL,NULL,NULL,NULL,NULL,NULL,NULL),(4,NULL,'EURLibor1M','deposit',2,'EE0001M Index',20,NULL,NULL,NULL,NULL,NULL,NULL,NULL,NULL,NULL,NULL,NULL,NULL,NULL),(5,NULL,'EURLibor2M','deposit',2,'EE0002M Index',20,NULL,NULL,NULL,NULL,NULL,NULL,NULL,NULL,NULL,NULL,NULL,NULL,NULL),(6,NULL,'EURLibor3M','deposit',2,'EE0003M Index',20,NULL,NULL,NULL,NULL,NULL,NULL,NULL,NULL,NULL,NULL,NULL,NULL,NULL),(7,NULL,'EURLibor4M','deposit',2,'EE0004M Index',20,NULL,NULL,NULL,NULL,NULL,NULL,NULL,NULL,NULL,NULL,NULL,NULL,NULL),(8,NULL,'EURLibor5M','deposit',2,'EE0005M Index',20,NULL,NULL,NULL,NULL,NULL,NULL,NULL,NULL,NULL,NULL,NULL,NULL,NULL),(9,NULL,'EURLibor6M','deposit',2,'EE0006M Index',20,NULL,NULL,NULL,NULL,NULL,NULL,NULL,NULL,NULL,NULL,NULL,NULL,NULL),(10,NULL,'EURLibor7M','deposit',2,'EE0007M Index',20,NULL,NULL,NULL,NULL,NULL,NULL,NULL,NULL,NULL,NULL,NULL,NULL,NULL),(11,NULL,'EURLibor8M','deposit',2,'EE0008M Index',20,NULL,NULL,NULL,NULL,NULL,NULL,NULL,NULL,NULL,NULL,NULL,NULL,NULL),(12,NULL,'EURLibor9M','deposit',2,'EE0009M Index',20,NULL,NULL,NULL,NULL,NULL,NULL,NULL,NULL,NULL,NULL,NULL,NULL,NULL),(13,NULL,'EURLibor10M','deposit',2,'EE0010M Index',20,NULL,NULL,NULL,NULL,NULL,NULL,NULL,NULL,NULL,NULL,NULL,NULL,NULL),(14,NULL,'EURLibor11M','deposit',2,'EE0011M Index',20,NULL,NULL,NULL,NULL,NULL,NULL,NULL,NULL,NULL,NULL,NULL,NULL,NULL),(15,NULL,'EURLibor1Y','deposit',2,'EE0012M Index',20,NULL,NULL,NULL,NULL,NULL,NULL,NULL,NULL,NULL,NULL,NULL,NULL,NULL),(16,NULL,'EuriborSW','deposit',2,'EUR001W Index',20,NULL,NULL,NULL,NULL,NULL,NULL,NULL,NULL,NULL,NULL,NULL,NULL,NULL),(17,NULL,'Euribor2W','deposit',2,'EUR002W Index',20,NULL,NULL,NULL,NULL,NULL,NULL,NULL,NULL,NULL,NULL,NULL,NULL,NULL),(18,NULL,'Euribor3W','deposit',2,'EUR003W Index',20,NULL,NULL,NULL,NULL,NULL,NULL,NULL,NULL,NULL,NULL,NULL,NULL,NULL),(19,NULL,'Euribor1M','deposit',2,'EUR001M Index',20,NULL,NULL,NULL,NULL,NULL,NULL,NULL,NULL,NULL,NULL,NULL,NULL,NULL),(20,NULL,'Euribor2M','deposit',2,'EUR002M Index',20,NULL,NULL,NULL,NULL,NULL,NULL,NULL,NULL,NULL,NULL,NULL,NULL,NULL),(21,NULL,'Euribor3M','deposit',2,'EUR003M Index',20,NULL,NULL,NULL,NULL,NULL,NULL,NULL,NULL,NULL,NULL,NULL,NULL,NULL),(22,NULL,'Euribor4M','deposit',2,'EUR004M Index',20,NULL,NULL,NULL,NULL,NULL,NULL,NULL,NULL,NULL,NULL,NULL,NULL,NULL),(23,NULL,'Euribor5M','deposit',2,'EUR005M Index',20,NULL,NULL,NULL,NULL,NULL,NULL,NULL,NULL,NULL,NULL,NULL,NULL,NULL),(24,NULL,'Euribor6M','deposit',2,'EUR006M Index',20,NULL,NULL,NULL,NULL,NULL,NULL,NULL,NULL,NULL,NULL,NULL,NULL,NULL),(25,NULL,'Euribor7M','deposit',2,'EUR007M Index',20,NULL,NULL,NULL,NULL,NULL,NULL,NULL,NULL,NULL,NULL,NULL,NULL,NULL),(26,NULL,'Euribor8M','deposit',2,'EUR008M Index',20,NULL,NULL,NULL,NULL,NULL,NULL,NULL,NULL,NULL,NULL,NULL,NULL,NULL),(27,NULL,'Euribor9M','deposit',2,'EUR009M Index',20,NULL,NULL,NULL,NULL,NULL,NULL,NULL,NULL,NULL,NULL,NULL,NULL,NULL),(28,NULL,'Euribor10M','deposit',2,'EUR010M Index',20,NULL,NULL,NULL,NULL,NULL,NULL,NULL,NULL,NULL,NULL,NULL,NULL,NULL),(29,NULL,'Euribor11M','deposit',2,'EUR011M Index',20,NULL,NULL,NULL,NULL,NULL,NULL,NULL,NULL,NULL,NULL,NULL,NULL,NULL),(30,NULL,'Euribor1Y','deposit',2,'EUR012M Index',20,NULL,NULL,NULL,NULL,NULL,NULL,NULL,NULL,NULL,NULL,NULL,NULL,NULL),(31,NULL,'Euribor365_SW','deposit',NULL,NULL,20,NULL,NULL,NULL,NULL,NULL,NULL,NULL,NULL,NULL,NULL,NULL,NULL,NULL),(32,NULL,'Euribor365_2W','deposit',NULL,NULL,20,NULL,NULL,NULL,NULL,NULL,NULL,NULL,NULL,NULL,NULL,NULL,NULL,NULL),(33,NULL,'Euribor365_3W','deposit',NULL,NULL,20,NULL,NULL,NULL,NULL,NULL,NULL,NULL,NULL,NULL,NULL,NULL,NULL,NULL),(34,NULL,'Euribor365_1M','deposit',NULL,NULL,20,NULL,NULL,NULL,NULL,NULL,NULL,NULL,NULL,NULL,NULL,NULL,NULL,NULL),(35,NULL,'Euribor365_2M','deposit',NULL,NULL,20,NULL,NULL,NULL,NULL,NULL,NULL,NULL,NULL,NULL,NULL,NULL,NULL,NULL),(36,NULL,'Euribor365_3M','deposit',NULL,NULL,20,NULL,NULL,NULL,NULL,NULL,NULL,NULL,NULL,NULL,NULL,NULL,NULL,NULL),(37,NULL,'Euribor365_4M','deposit',NULL,NULL,20,NULL,NULL,NULL,NULL,NULL,NULL,NULL,NULL,NULL,NULL,NULL,NULL,NULL),(38,NULL,'Euribor365_5M','deposit',NULL,NULL,20,NULL,NULL,NULL,NULL,NULL,NULL,NULL,NULL,NULL,NULL,NULL,NULL,NULL),(39,NULL,'Euribor365_6M','deposit',NULL,NULL,20,NULL,NULL,NULL,NULL,NULL,NULL,NULL,NULL,NULL,NULL,NULL,NULL,NULL),(40,NULL,'Euribor365_7M','deposit',NULL,NULL,20,NULL,NULL,NULL,NULL,NULL,NULL,NULL,NULL,NULL,NULL,NULL,NULL,NULL),(41,NULL,'Euribor365_8M','deposit',NULL,NULL,20,NULL,NULL,NULL,NULL,NULL,NULL,NULL,NULL,NULL,NULL,NULL,NULL,NULL),(42,NULL,'Euribor365_9M','deposit',NULL,NULL,20,NULL,NULL,NULL,NULL,NULL,NULL,NULL,NULL,NULL,NULL,NULL,NULL,NULL),(43,NULL,'Euribor365_10M','deposit',NULL,NULL,20,NULL,NULL,NULL,NULL,NULL,NULL,NULL,NULL,NULL,NULL,NULL,NULL,NULL),(44,NULL,'Euribor365_11M','deposit',NULL,NULL,20,NULL,NULL,NULL,NULL,NULL,NULL,NULL,NULL,NULL,NULL,NULL,NULL,NULL),(45,NULL,'Euribor365_1Y','deposit',NULL,NULL,20,NULL,NULL,NULL,NULL,NULL,NULL,NULL,NULL,NULL,NULL,NULL,NULL,NULL),(46,NULL,'USDLiborON','deposit',2,'US00O/N Index',64,NULL,NULL,NULL,NULL,NULL,NULL,NULL,NULL,NULL,NULL,NULL,NULL,NULL),(47,NULL,'USDLiborSW','deposit',2,'US0001W Index',64,NULL,NULL,NULL,NULL,NULL,NULL,NULL,NULL,NULL,NULL,NULL,NULL,NULL),(48,NULL,'USDLibor2W','deposit',2,'US0002W Index',64,NULL,NULL,NULL,NULL,NULL,NULL,NULL,NULL,NULL,NULL,NULL,NULL,NULL),(49,NULL,'USDLibor1M','deposit',2,'US0001M Index',64,NULL,NULL,NULL,NULL,NULL,NULL,NULL,NULL,NULL,NULL,NULL,NULL,NULL),(50,NULL,'USDLibor2M','deposit',2,'US0002M Index',64,NULL,NULL,NULL,NULL,NULL,NULL,NULL,NULL,NULL,NULL,NULL,NULL,NULL),(51,NULL,'USDLibor3M','deposit',2,'US0003M Index',64,NULL,NULL,NULL,NULL,NULL,NULL,NULL,NULL,NULL,NULL,NULL,NULL,NULL),(52,NULL,'USDLibor4M','deposit',2,'US0004M Index',64,NULL,NULL,NULL,NULL,NULL,NULL,NULL,NULL,NULL,NULL,NULL,NULL,NULL),(53,NULL,'USDLibor5M','deposit',2,'US0005M Index',64,NULL,NULL,NULL,NULL,NULL,NULL,NULL,NULL,NULL,NULL,NULL,NULL,NULL),(54,NULL,'USDLibor6M','deposit',2,'US0006M Index',64,NULL,NULL,NULL,NULL,NULL,NULL,NULL,NULL,NULL,NULL,NULL,NULL,NULL),(55,NULL,'USDLibor7M','deposit',2,'US0007M Index',64,NULL,NULL,NULL,NULL,NULL,NULL,NULL,NULL,NULL,NULL,NULL,NULL,NULL),(56,NULL,'USDLibor8M','deposit',2,'US0008M Index',64,NULL,NULL,NULL,NULL,NULL,NULL,NULL,NULL,NULL,NULL,NULL,NULL,NULL),(57,NULL,'USDLibor9M','deposit',2,'US0009M Index',64,NULL,NULL,NULL,NULL,NULL,NULL,NULL,NULL,NULL,NULL,NULL,NULL,NULL),(58,NULL,'USDLibor10M','deposit',2,'US0010M Index',64,NULL,NULL,NULL,NULL,NULL,NULL,NULL,NULL,NULL,NULL,NULL,NULL,NULL),(59,NULL,'USDLibor11M','deposit',2,'US0011M Index',64,NULL,NULL,NULL,NULL,NULL,NULL,NULL,NULL,NULL,NULL,NULL,NULL,NULL),(60,NULL,'USDLibor1Y','deposit',2,'US0012M Index',64,NULL,NULL,NULL,NULL,NULL,NULL,NULL,NULL,NULL,NULL,NULL,NULL,NULL),(61,NULL,'GBPLiborON','deposit',2,'BP00O/N Index',23,NULL,NULL,NULL,NULL,NULL,NULL,NULL,NULL,NULL,NULL,NULL,NULL,NULL),(62,NULL,'GBPLiborSW','deposit',2,'BP0001W Index',23,NULL,NULL,NULL,NULL,NULL,NULL,NULL,NULL,NULL,NULL,NULL,NULL,NULL),(63,NULL,'GBPLibor2W','deposit',2,'BP0002W Index',23,NULL,NULL,NULL,NULL,NULL,NULL,NULL,NULL,NULL,NULL,NULL,NULL,NULL),(64,NULL,'GBPLibor1M','deposit',2,'BP0001M Index',23,NULL,NULL,NULL,NULL,NULL,NULL,NULL,NULL,NULL,NULL,NULL,NULL,NULL),(65,NULL,'GBPLibor2M','deposit',2,'BP0002M Index',23,NULL,NULL,NULL,NULL,NULL,NULL,NULL,NULL,NULL,NULL,NULL,NULL,NULL),(66,NULL,'GBPLibor3M','deposit',2,'BP0003M Index',23,NULL,NULL,NULL,NULL,NULL,NULL,NULL,NULL,NULL,NULL,NULL,NULL,NULL),(67,NULL,'GBPLibor4M','deposit',2,'BP0004M Index',23,NULL,NULL,NULL,NULL,NULL,NULL,NULL,NULL,NULL,NULL,NULL,NULL,NULL),(68,NULL,'GBPLibor5M','deposit',2,'BP0005M Index',23,NULL,NULL,NULL,NULL,NULL,NULL,NULL,NULL,NULL,NULL,NULL,NULL,NULL),(69,NULL,'GBPLibor6M','deposit',2,'BP0006M Index',23,NULL,NULL,NULL,NULL,NULL,NULL,NULL,NULL,NULL,NULL,NULL,NULL,NULL),(70,NULL,'GBPLibor7M','deposit',2,'BP0007M Index',23,NULL,NULL,NULL,NULL,NULL,NULL,NULL,NULL,NULL,NULL,NULL,NULL,NULL),(71,NULL,'GBPLibor8M','deposit',2,'BP0008M Index',23,NULL,NULL,NULL,NULL,NULL,NULL,NULL,NULL,NULL,NULL,NULL,NULL,NULL),(72,NULL,'GBPLibor9M','deposit',2,'BP0009M Index',23,NULL,NULL,NULL,NULL,NULL,NULL,NULL,NULL,NULL,NULL,NULL,NULL,NULL),(73,NULL,'GBPLibor10M','deposit',2,'BP0010M Index',23,NULL,NULL,NULL,NULL,NULL,NULL,NULL,NULL,NULL,NULL,NULL,NULL,NULL),(74,NULL,'GBPLibor11M','deposit',2,'BP0011M Index',23,NULL,NULL,NULL,NULL,NULL,NULL,NULL,NULL,NULL,NULL,NULL,NULL,NULL),(75,NULL,'GBPLibor1Y','deposit',2,'BP0012M Index',23,NULL,NULL,NULL,NULL,NULL,NULL,NULL,NULL,NULL,NULL,NULL,NULL,NULL),(76,NULL,'AUDLiborON','deposit',2,'AU00S/N Index',NULL,NULL,NULL,NULL,NULL,NULL,NULL,NULL,NULL,NULL,NULL,NULL,NULL,NULL),(77,NULL,'AUDLiborSW','deposit',2,'AU0001W Index',NULL,NULL,NULL,NULL,NULL,NULL,NULL,NULL,NULL,NULL,NULL,NULL,NULL,NULL),(78,NULL,'AUDLibor2W','deposit',2,'AU0002W Index',NULL,NULL,NULL,NULL,NULL,NULL,NULL,NULL,NULL,NULL,NULL,NULL,NULL,NULL),(79,NULL,'AUDLibor1M','deposit',2,'AU0001M Index',NULL,NULL,NULL,NULL,NULL,NULL,NULL,NULL,NULL,NULL,NULL,NULL,NULL,NULL),(80,NULL,'AUDLibor2M','deposit',2,'AU0002M Index',NULL,NULL,NULL,NULL,NULL,NULL,NULL,NULL,NULL,NULL,NULL,NULL,NULL,NULL),(81,NULL,'AUDLibor3M','deposit',2,'AU0003M Index',NULL,NULL,NULL,NULL,NULL,NULL,NULL,NULL,NULL,NULL,NULL,NULL,NULL,NULL),(82,NULL,'AUDLibor4M','deposit',2,'AU0004M Index',NULL,NULL,NULL,NULL,NULL,NULL,NULL,NULL,NULL,NULL,NULL,NULL,NULL,NULL),(83,NULL,'AUDLibor5M','deposit',2,'AU0005M Index',NULL,NULL,NULL,NULL,NULL,NULL,NULL,NULL,NULL,NULL,NULL,NULL,NULL,NULL),(84,NULL,'AUDLibor6M','deposit',2,'AU0006M Index',NULL,NULL,NULL,NULL,NULL,NULL,NULL,NULL,NULL,NULL,NULL,NULL,NULL,NULL),(85,NULL,'AUDLibor7M','deposit',2,'AU0007M Index',NULL,NULL,NULL,NULL,NULL,NULL,NULL,NULL,NULL,NULL,NULL,NULL,NULL,NULL),(86,NULL,'AUDLibor8M','deposit',2,'AU0008M Index',NULL,NULL,NULL,NULL,NULL,NULL,NULL,NULL,NULL,NULL,NULL,NULL,NULL,NULL),(87,NULL,'AUDLibor9M','deposit',2,'AU0009M Index',NULL,NULL,NULL,NULL,NULL,NULL,NULL,NULL,NULL,NULL,NULL,NULL,NULL,NULL),(88,NULL,'AUDLibor10M','deposit',2,'AU0010M Index',NULL,NULL,NULL,NULL,NULL,NULL,NULL,NULL,NULL,NULL,NULL,NULL,NULL,NULL),(89,NULL,'AUDLibor11M','deposit',2,'AU0011M Index',NULL,NULL,NULL,NULL,NULL,NULL,NULL,NULL,NULL,NULL,NULL,NULL,NULL,NULL),(90,NULL,'AUDLibor1Y','deposit',2,'AU0012M Index',NULL,NULL,NULL,NULL,NULL,NULL,NULL,NULL,NULL,NULL,NULL,NULL,NULL,NULL),(91,NULL,'CADLiborON','deposit',2,'CD00O/N Index',NULL,NULL,NULL,NULL,NULL,NULL,NULL,NULL,NULL,NULL,NULL,NULL,NULL,NULL),(92,NULL,'CADLiborSW','deposit',2,'CD0001W Index',NULL,NULL,NULL,NULL,NULL,NULL,NULL,NULL,NULL,NULL,NULL,NULL,NULL,NULL),(93,NULL,'CADLibor2W','deposit',2,'CD0002W Index',NULL,NULL,NULL,NULL,NULL,NULL,NULL,NULL,NULL,NULL,NULL,NULL,NULL,NULL),(94,NULL,'CADLibor1M','deposit',2,'CD0001M Index',NULL,NULL,NULL,NULL,NULL,NULL,NULL,NULL,NULL,NULL,NULL,NULL,NULL,NULL),(95,NULL,'CADLibor2M','deposit',2,'CD0002M Index',NULL,NULL,NULL,NULL,NULL,NULL,NULL,NULL,NULL,NULL,NULL,NULL,NULL,NULL),(96,NULL,'CADLibor3M','deposit',2,'CD0003M Index',NULL,NULL,NULL,NULL,NULL,NULL,NULL,NULL,NULL,NULL,NULL,NULL,NULL,NULL),(97,NULL,'CADLibor4M','deposit',2,'CD0004M Index',NULL,NULL,NULL,NULL,NULL,NULL,NULL,NULL,NULL,NULL,NULL,NULL,NULL,NULL),(98,NULL,'CADLibor5M','deposit',2,'CD0005M Index',NULL,NULL,NULL,NULL,NULL,NULL,NULL,NULL,NULL,NULL,NULL,NULL,NULL,NULL),(99,NULL,'CADLibor6M','deposit',2,'CD0006M Index',NULL,NULL,NULL,NULL,NULL,NULL,NULL,NULL,NULL,NULL,NULL,NULL,NULL,NULL),(100,NULL,'CADLibor7M','deposit',2,'CD0007M Index',NULL,NULL,NULL,NULL,NULL,NULL,NULL,NULL,NULL,NULL,NULL,NULL,NULL,NULL),(101,NULL,'CADLibor8M','deposit',2,'CD0008M Index',NULL,NULL,NULL,NULL,NULL,NULL,NULL,NULL,NULL,NULL,NULL,NULL,NULL,NULL),(102,NULL,'CADLibor9M','deposit',2,'CD0009M Index',NULL,NULL,NULL,NULL,NULL,NULL,NULL,NULL,NULL,NULL,NULL,NULL,NULL,NULL),(103,NULL,'CADLibor10M','deposit',2,'CD0010M Index',NULL,NULL,NULL,NULL,NULL,NULL,NULL,NULL,NULL,NULL,NULL,NULL,NULL,NULL),(104,NULL,'CADLibor11M','deposit',2,'CD0011M Index',NULL,NULL,NULL,NULL,NULL,NULL,NULL,NULL,NULL,NULL,NULL,NULL,NULL,NULL),(105,NULL,'CADLibor1Y','deposit',2,'CD00012M Index',NULL,NULL,NULL,NULL,NULL,NULL,NULL,NULL,NULL,NULL,NULL,NULL,NULL,NULL),(106,NULL,'CHFLiborON','deposit',2,'SF00S/N Index',10,NULL,NULL,NULL,NULL,NULL,NULL,NULL,NULL,NULL,NULL,NULL,NULL,NULL),(107,NULL,'CHFLiborSW','deposit',2,'SF0001W Index',10,NULL,NULL,NULL,NULL,NULL,NULL,NULL,NULL,NULL,NULL,NULL,NULL,NULL),(108,NULL,'CHFLibor2W','deposit',2,'SF0002W Index',10,NULL,NULL,NULL,NULL,NULL,NULL,NULL,NULL,NULL,NULL,NULL,NULL,NULL),(109,NULL,'CHFLibor1M','deposit',2,'SF0001M Index',10,NULL,NULL,NULL,NULL,NULL,NULL,NULL,NULL,NULL,NULL,NULL,NULL,NULL),(110,NULL,'CHFLibor2M','deposit',2,'SF0002M Index',10,NULL,NULL,NULL,NULL,NULL,NULL,NULL,NULL,NULL,NULL,NULL,NULL,NULL),(111,NULL,'CHFLibor3M','deposit',2,'SF0003M Index',10,NULL,NULL,NULL,NULL,NULL,NULL,NULL,NULL,NULL,NULL,NULL,NULL,NULL),(112,NULL,'CHFLibor4M','deposit',2,'SF0004M Index',10,NULL,NULL,NULL,NULL,NULL,NULL,NULL,NULL,NULL,NULL,NULL,NULL,NULL),(113,NULL,'CHFLibor5M','deposit',2,'SF0005M Index',10,NULL,NULL,NULL,NULL,NULL,NULL,NULL,NULL,NULL,NULL,NULL,NULL,NULL),(114,NULL,'CHFLibor6M','deposit',2,'SF0006M Index',10,NULL,NULL,NULL,NULL,NULL,NULL,NULL,NULL,NULL,NULL,NULL,NULL,NULL),(115,NULL,'CHFLibor7M','deposit',2,'SF0007M Index',10,NULL,NULL,NULL,NULL,NULL,NULL,NULL,NULL,NULL,NULL,NULL,NULL,NULL),(116,NULL,'CHFLibor8M','deposit',2,'SF0008M Index',10,NULL,NULL,NULL,NULL,NULL,NULL,NULL,NULL,NULL,NULL,NULL,NULL,NULL),(117,NULL,'CHFLibor9M','deposit',2,'SF0009M Index',10,NULL,NULL,NULL,NULL,NULL,NULL,NULL,NULL,NULL,NULL,NULL,NULL,NULL),(118,NULL,'CHFLibor10M','deposit',2,'SF0010M Index',10,NULL,NULL,NULL,NULL,NULL,NULL,NULL,NULL,NULL,NULL,NULL,NULL,NULL),(119,NULL,'CHFLibor11M','deposit',2,'SF0011M Index',10,NULL,NULL,NULL,NULL,NULL,NULL,NULL,NULL,NULL,NULL,NULL,NULL,NULL),(120,NULL,'CHFLibor1Y','deposit',2,'SF0012M Index',10,NULL,NULL,NULL,NULL,NULL,NULL,NULL,NULL,NULL,NULL,NULL,NULL,NULL),(121,NULL,'DKKLiborON','deposit',2,'DK00S/N Index',NULL,NULL,NULL,NULL,NULL,NULL,NULL,NULL,NULL,NULL,NULL,NULL,NULL,NULL),(122,NULL,'DKKLiborSW','deposit',2,'DK0001W Index',NULL,NULL,NULL,NULL,NULL,NULL,NULL,NULL,NULL,NULL,NULL,NULL,NULL,NULL),(123,NULL,'DKKLibor2W','deposit',2,'DK0002W Index',NULL,NULL,NULL,NULL,NULL,NULL,NULL,NULL,NULL,NULL,NULL,NULL,NULL,NULL),(124,NULL,'DKKLibor1M','deposit',2,'DK0001M Index',NULL,NULL,NULL,NULL,NULL,NULL,NULL,NULL,NULL,NULL,NULL,NULL,NULL,NULL),(125,NULL,'DKKLibor2M','deposit',2,'DK0002M Index',NULL,NULL,NULL,NULL,NULL,NULL,NULL,NULL,NULL,NULL,NULL,NULL,NULL,NULL),(126,NULL,'DKKLibor3M','deposit',2,'DK0003M Index',NULL,NULL,NULL,NULL,NULL,NULL,NULL,NULL,NULL,NULL,NULL,NULL,NULL,NULL),(127,NULL,'DKKLibor4M','deposit',2,'DK0004M Index',NULL,NULL,NULL,NULL,NULL,NULL,NULL,NULL,NULL,NULL,NULL,NULL,NULL,NULL),(128,NULL,'DKKLibor5M','deposit',2,'DK0005M Index',NULL,NULL,NULL,NULL,NULL,NULL,NULL,NULL,NULL,NULL,NULL,NULL,NULL,NULL),(129,NULL,'DKKLibor6M','deposit',2,'DK0006M Index',NULL,NULL,NULL,NULL,NULL,NULL,NULL,NULL,NULL,NULL,NULL,NULL,NULL,NULL),(130,NULL,'DKKLibor7M','deposit',2,'DK0007M Index',NULL,NULL,NULL,NULL,NULL,NULL,NULL,NULL,NULL,NULL,NULL,NULL,NULL,NULL),(131,NULL,'DKKLibor8M','deposit',2,'DK0008M Index',NULL,NULL,NULL,NULL,NULL,NULL,NULL,NULL,NULL,NULL,NULL,NULL,NULL,NULL),(132,NULL,'DKKLibor9M','deposit',2,'DK0009M Index',NULL,NULL,NULL,NULL,NULL,NULL,NULL,NULL,NULL,NULL,NULL,NULL,NULL,NULL),(133,NULL,'DKKLibor10M','deposit',2,'DK0010M Index',NULL,NULL,NULL,NULL,NULL,NULL,NULL,NULL,NULL,NULL,NULL,NULL,NULL,NULL),(134,NULL,'DKKLibor11M','deposit',2,'DK0011M Index',NULL,NULL,NULL,NULL,NULL,NULL,NULL,NULL,NULL,NULL,NULL,NULL,NULL,NULL),(135,NULL,'DKKLibor1Y','deposit',2,'DK0012M Index',NULL,NULL,NULL,NULL,NULL,NULL,NULL,NULL,NULL,NULL,NULL,NULL,NULL,NULL),(136,NULL,'JPYLiborON','deposit',2,'JY00S/N Index',34,NULL,NULL,NULL,NULL,NULL,NULL,NULL,NULL,NULL,NULL,NULL,NULL,NULL),(137,NULL,'JPYLiborSW','deposit',2,'JY0001W Index',34,NULL,NULL,NULL,NULL,NULL,NULL,NULL,NULL,NULL,NULL,NULL,NULL,NULL),(138,NULL,'JPYLibor2W','deposit',2,'JY0002W Index',34,NULL,NULL,NULL,NULL,NULL,NULL,NULL,NULL,NULL,NULL,NULL,NULL,NULL),(139,NULL,'JPYLibor1M','deposit',2,'JY0001M Index',34,NULL,NULL,NULL,NULL,NULL,NULL,NULL,NULL,NULL,NULL,NULL,NULL,NULL),(140,NULL,'JPYLibor2M','deposit',2,'JY0002M Index',34,NULL,NULL,NULL,NULL,NULL,NULL,NULL,NULL,NULL,NULL,NULL,NULL,NULL),(141,NULL,'JPYLibor3M','deposit',2,'JY0003M Index',34,NULL,NULL,NULL,NULL,NULL,NULL,NULL,NULL,NULL,NULL,NULL,NULL,NULL),(142,NULL,'JPYLibor4M','deposit',2,'JY0004M Index',34,NULL,NULL,NULL,NULL,NULL,NULL,NULL,NULL,NULL,NULL,NULL,NULL,NULL),(143,NULL,'JPYLibor5M','deposit',2,'JY0005M Index',34,NULL,NULL,NULL,NULL,NULL,NULL,NULL,NULL,NULL,NULL,NULL,NULL,NULL),(144,NULL,'JPYLibor6M','deposit',2,'JY0006M Index',34,NULL,NULL,NULL,NULL,NULL,NULL,NULL,NULL,NULL,NULL,NULL,NULL,NULL),(145,NULL,'JPYLibor7M','deposit',2,'JY0007M Index',34,NULL,NULL,NULL,NULL,NULL,NULL,NULL,NULL,NULL,NULL,NULL,NULL,NULL),(146,NULL,'JPYLibor8M','deposit',2,'JY0008M Index',34,NULL,NULL,NULL,NULL,NULL,NULL,NULL,NULL,NULL,NULL,NULL,NULL,NULL),(147,NULL,'JPYLibor9M','deposit',2,'JY0009M Index',34,NULL,NULL,NULL,NULL,NULL,NULL,NULL,NULL,NULL,NULL,NULL,NULL,NULL),(148,NULL,'JPYLibor10M','deposit',2,'JY0010M Index',34,NULL,NULL,NULL,NULL,NULL,NULL,NULL,NULL,NULL,NULL,NULL,NULL,NULL),(149,NULL,'JPYLibor11M','deposit',2,'JY0011M Index',34,NULL,NULL,NULL,NULL,NULL,NULL,NULL,NULL,NULL,NULL,NULL,NULL,NULL),(150,NULL,'JPYLibor1Y','deposit',2,'JY0012M Index',34,NULL,NULL,NULL,NULL,NULL,NULL,NULL,NULL,NULL,NULL,NULL,NULL,NULL),(151,NULL,'NZDLiborON','deposit',2,'NZ00S/N Index',NULL,NULL,NULL,NULL,NULL,NULL,NULL,NULL,NULL,NULL,NULL,NULL,NULL,NULL),(152,NULL,'NZDLiborSW','deposit',2,'NZ0001W Index',NULL,NULL,NULL,NULL,NULL,NULL,NULL,NULL,NULL,NULL,NULL,NULL,NULL,NULL),(153,NULL,'NZDLibor2W','deposit',2,'NZ0002W Index',NULL,NULL,NULL,NULL,NULL,NULL,NULL,NULL,NULL,NULL,NULL,NULL,NULL,NULL),(154,NULL,'NZDLibor1M','deposit',2,'NZ0001M Index',NULL,NULL,NULL,NULL,NULL,NULL,NULL,NULL,NULL,NULL,NULL,NULL,NULL,NULL),(155,NULL,'NZDLibor2M','deposit',2,'NZ0002M Index',NULL,NULL,NULL,NULL,NULL,NULL,NULL,NULL,NULL,NULL,NULL,NULL,NULL,NULL),(156,NULL,'NZDLibor3M','deposit',2,'NZ0003M Index',NULL,NULL,NULL,NULL,NULL,NULL,NULL,NULL,NULL,NULL,NULL,NULL,NULL,NULL),(157,NULL,'NZDLibor4M','deposit',2,'NZ0004M Index',NULL,NULL,NULL,NULL,NULL,NULL,NULL,NULL,NULL,NULL,NULL,NULL,NULL,NULL),(158,NULL,'NZDLibor5M','deposit',2,'NZ0005M Index',NULL,NULL,NULL,NULL,NULL,NULL,NULL,NULL,NULL,NULL,NULL,NULL,NULL,NULL),(159,NULL,'NZDLibor6M','deposit',2,'NZ0006M Index',NULL,NULL,NULL,NULL,NULL,NULL,NULL,NULL,NULL,NULL,NULL,NULL,NULL,NULL),(160,NULL,'NZDLibor7M','deposit',2,'NZ0007M Index',NULL,NULL,NULL,NULL,NULL,NULL,NULL,NULL,NULL,NULL,NULL,NULL,NULL,NULL),(161,NULL,'NZDLibor8M','deposit',2,'NZ0008M Index',NULL,NULL,NULL,NULL,NULL,NULL,NULL,NULL,NULL,NULL,NULL,NULL,NULL,NULL),(162,NULL,'NZDLibor9M','deposit',2,'NZ0009M Index',NULL,NULL,NULL,NULL,NULL,NULL,NULL,NULL,NULL,NULL,NULL,NULL,NULL,NULL),(163,NULL,'NZDLibor10M','deposit',2,'NZ0010M Index',NULL,NULL,NULL,NULL,NULL,NULL,NULL,NULL,NULL,NULL,NULL,NULL,NULL,NULL),(164,NULL,'NZDLibor11M','deposit',2,'NZ0011M Index',NULL,NULL,NULL,NULL,NULL,NULL,NULL,NULL,NULL,NULL,NULL,NULL,NULL,NULL),(165,NULL,'NZDLibor1Y','deposit',2,'NZ0012M Index',NULL,NULL,NULL,NULL,NULL,NULL,NULL,NULL,NULL,NULL,NULL,NULL,NULL,NULL),(166,NULL,'SEKLiborON','deposit',2,'SK00S/N Index',NULL,NULL,NULL,NULL,NULL,NULL,NULL,NULL,NULL,NULL,NULL,NULL,NULL,NULL),(167,NULL,'SEKLiborSW','deposit',2,'SK0001W Index',NULL,NULL,NULL,NULL,NULL,NULL,NULL,NULL,NULL,NULL,NULL,NULL,NULL,NULL),(168,NULL,'SEKLibor2W','deposit',2,'SK0002W Index',NULL,NULL,NULL,NULL,NULL,NULL,NULL,NULL,NULL,NULL,NULL,NULL,NULL,NULL),(169,NULL,'SEKLibor1M','deposit',2,'SK0001M Index',NULL,NULL,NULL,NULL,NULL,NULL,NULL,NULL,NULL,NULL,NULL,NULL,NULL,NULL),(170,NULL,'SEKLibor2M','deposit',2,'SK0002M Index',NULL,NULL,NULL,NULL,NULL,NULL,NULL,NULL,NULL,NULL,NULL,NULL,NULL,NULL),(171,NULL,'SEKLibor3M','deposit',2,'SK0003M Index',NULL,NULL,NULL,NULL,NULL,NULL,NULL,NULL,NULL,NULL,NULL,NULL,NULL,NULL),(172,NULL,'SEKLibor4M','deposit',2,'SK0004M Index',NULL,NULL,NULL,NULL,NULL,NULL,NULL,NULL,NULL,NULL,NULL,NULL,NULL,NULL),(173,NULL,'SEKLibor5M','deposit',2,'SK0005M Index',NULL,NULL,NULL,NULL,NULL,NULL,NULL,NULL,NULL,NULL,NULL,NULL,NULL,NULL),(174,NULL,'SEKLibor6M','deposit',2,'SK0006M Index',NULL,NULL,NULL,NULL,NULL,NULL,NULL,NULL,NULL,NULL,NULL,NULL,NULL,NULL),(175,NULL,'SEKLibor7M','deposit',2,'SK0007M Index',NULL,NULL,NULL,NULL,NULL,NULL,NULL,NULL,NULL,NULL,NULL,NULL,NULL,NULL),(176,NULL,'SEKLibor8M','deposit',2,'SK0008M Index',NULL,NULL,NULL,NULL,NULL,NULL,NULL,NULL,NULL,NULL,NULL,NULL,NULL,NULL),(177,NULL,'SEKLibor9M','deposit',2,'SK0009M Index',NULL,NULL,NULL,NULL,NULL,NULL,NULL,NULL,NULL,NULL,NULL,NULL,NULL,NULL),(178,NULL,'SEKLibor10M','deposit',2,'SK0010M Index',NULL,NULL,NULL,NULL,NULL,NULL,NULL,NULL,NULL,NULL,NULL,NULL,NULL,NULL),(179,NULL,'SEKLibor11M','deposit',2,'SK0011M Index',NULL,NULL,NULL,NULL,NULL,NULL,NULL,NULL,NULL,NULL,NULL,NULL,NULL,NULL),(180,NULL,'SEKLibor1Y','deposit',2,'SK0012M Index',NULL,NULL,NULL,NULL,NULL,NULL,NULL,NULL,NULL,NULL,NULL,NULL,NULL,NULL),(181,NULL,'EurLiborSwapIsdaFixA1y','swap',2,'ELISDA01 Index',20,NULL,NULL,NULL,NULL,NULL,NULL,NULL,NULL,NULL,NULL,NULL,NULL,NULL),(182,NULL,'EurLiborSwapIsdaFixA2y','swap',2,'ELISDA02 Index',20,NULL,NULL,NULL,NULL,NULL,NULL,NULL,NULL,NULL,NULL,NULL,NULL,NULL),(183,NULL,'EurLiborSwapIsdaFixA3y','swap',2,'ELISDA03 Index',20,NULL,NULL,NULL,NULL,NULL,NULL,NULL,NULL,NULL,NULL,NULL,NULL,NULL),(184,NULL,'EurLiborSwapIsdaFixA4y','swap',2,'ELISDA04 Index',20,NULL,NULL,NULL,NULL,NULL,NULL,NULL,NULL,NULL,NULL,NULL,NULL,NULL),(185,NULL,'EurLiborSwapIsdaFixA5y','swap',2,'ELISDA05 Index',20,NULL,NULL,NULL,NULL,NULL,NULL,NULL,NULL,NULL,NULL,NULL,NULL,NULL),(186,NULL,'EurLiborSwapIsdaFixA6y','swap',2,'ELISDA06 Index',20,NULL,NULL,NULL,NULL,NULL,NULL,NULL,NULL,NULL,NULL,NULL,NULL,NULL),(187,NULL,'EurLiborSwapIsdaFixA7y','swap',2,'ELISDA07 Index',20,NULL,NULL,NULL,NULL,NULL,NULL,NULL,NULL,NULL,NULL,NULL,NULL,NULL),(188,NULL,'EurLiborSwapIsdaFixA8y','swap',2,'ELISDA08 Index',20,NULL,NULL,NULL,NULL,NULL,NULL,NULL,NULL,NULL,NULL,NULL,NULL,NULL),(189,NULL,'EurLiborSwapIsdaFixA9y','swap',2,'ELISDA09 Index',20,NULL,NULL,NULL,NULL,NULL,NULL,NULL,NULL,NULL,NULL,NULL,NULL,NULL),(190,NULL,'EurLiborSwapIsdaFixA10y','swap',2,'ELISDA10 Index',20,NULL,NULL,NULL,NULL,NULL,NULL,NULL,NULL,NULL,NULL,NULL,NULL,NULL),(191,NULL,'EurLiborSwapIsdaFixA12y','swap',2,'ELISDA12 Index',20,NULL,NULL,NULL,NULL,NULL,NULL,NULL,NULL,NULL,NULL,NULL,NULL,NULL),(192,NULL,'EurLiborSwapIsdaFixA15y','swap',2,'ELISDA15 Index',20,NULL,NULL,NULL,NULL,NULL,NULL,NULL,NULL,NULL,NULL,NULL,NULL,NULL),(193,NULL,'EurLiborSwapIsdaFixA20y','swap',2,'ELISDA20 Index',20,NULL,NULL,NULL,NULL,NULL,NULL,NULL,NULL,NULL,NULL,NULL,NULL,NULL),(194,NULL,'EurLiborSwapIsdaFixA25y','swap',2,'ELISDA25 Index',20,NULL,NULL,NULL,NULL,NULL,NULL,NULL,NULL,NULL,NULL,NULL,NULL,NULL),(195,NULL,'EurLiborSwapIsdaFixA30y','swap',2,'ELISDA30 Index',20,NULL,NULL,NULL,NULL,NULL,NULL,NULL,NULL,NULL,NULL,NULL,NULL,NULL),(196,NULL,'EurLiborSwapIsdaFixB1y','swap',2,'ELISDB01 Index',20,NULL,NULL,NULL,NULL,NULL,NULL,NULL,NULL,NULL,NULL,NULL,NULL,NULL),(197,NULL,'EurLiborSwapIsdaFixB2y','swap',2,'ELISDB02 Index',20,NULL,NULL,NULL,NULL,NULL,NULL,NULL,NULL,NULL,NULL,NULL,NULL,NULL),(198,NULL,'EurLiborSwapIsdaFixB3y','swap',2,'ELISDB03 Index',20,NULL,NULL,NULL,NULL,NULL,NULL,NULL,NULL,NULL,NULL,NULL,NULL,NULL),(199,NULL,'EurLiborSwapIsdaFixB4y','swap',2,'ELISDB04 Index',20,NULL,NULL,NULL,NULL,NULL,NULL,NULL,NULL,NULL,NULL,NULL,NULL,NULL),(200,NULL,'EurLiborSwapIsdaFixB5y','swap',2,'ELISDB05 Index',20,NULL,NULL,NULL,NULL,NULL,NULL,NULL,NULL,NULL,NULL,NULL,NULL,NULL),(201,NULL,'EurLiborSwapIsdaFixB6y','swap',2,'ELISDB06 Index',20,NULL,NULL,NULL,NULL,NULL,NULL,NULL,NULL,NULL,NULL,NULL,NULL,NULL),(202,NULL,'EurLiborSwapIsdaFixB7y','swap',2,'ELISDB07 Index',20,NULL,NULL,NULL,NULL,NULL,NULL,NULL,NULL,NULL,NULL,NULL,NULL,NULL),(203,NULL,'EurLiborSwapIsdaFixB8y','swap',2,'ELISDB08 Index',20,NULL,NULL,NULL,NULL,NULL,NULL,NULL,NULL,NULL,NULL,NULL,NULL,NULL),(204,NULL,'EurLiborSwapIsdaFixB9y','swap',2,'ELISDB09 Index',20,NULL,NULL,NULL,NULL,NULL,NULL,NULL,NULL,NULL,NULL,NULL,NULL,NULL),(205,NULL,'EurLiborSwapIsdaFixB10y','swap',2,'ELISDB10 Index',20,NULL,NULL,NULL,NULL,NULL,NULL,NULL,NULL,NULL,NULL,NULL,NULL,NULL),(206,NULL,'EurLiborSwapIsdaFixB12y','swap',2,'ELISDB12 Index',20,NULL,NULL,NULL,NULL,NULL,NULL,NULL,NULL,NULL,NULL,NULL,NULL,NULL),(207,NULL,'EurLiborSwapIsdaFixB15y','swap',2,'ELISDB15 Index',20,NULL,NULL,NULL,NULL,NULL,NULL,NULL,NULL,NULL,NULL,NULL,NULL,NULL),(208,NULL,'EurLiborSwapIsdaFixB20y','swap',2,'ELISDB20 Index',20,NULL,NULL,NULL,NULL,NULL,NULL,NULL,NULL,NULL,NULL,NULL,NULL,NULL),(209,NULL,'EurLiborSwapIsdaFixB25y','swap',2,'ELISDB25 Index',20,NULL,NULL,NULL,NULL,NULL,NULL,NULL,NULL,NULL,NULL,NULL,NULL,NULL),(210,NULL,'EurLiborSwapIsdaFixB30y','swap',2,'ELISDB30 Index',20,NULL,NULL,NULL,NULL,NULL,NULL,NULL,NULL,NULL,NULL,NULL,NULL,NULL),(211,NULL,'EurLiborSwapIfrFix1y','swap',NULL,NULL,20,NULL,NULL,NULL,NULL,NULL,NULL,NULL,NULL,NULL,NULL,NULL,NULL,NULL),(212,NULL,'EurLiborSwapIfrFix2y','swap',NULL,NULL,20,NULL,NULL,NULL,NULL,NULL,NULL,NULL,NULL,NULL,NULL,NULL,NULL,NULL),(213,NULL,'EurLiborSwapIfrFix3y','swap',NULL,NULL,20,NULL,NULL,NULL,NULL,NULL,NULL,NULL,NULL,NULL,NULL,NULL,NULL,NULL),(214,NULL,'EurLiborSwapIfrFix4y','swap',NULL,NULL,20,NULL,NULL,NULL,NULL,NULL,NULL,NULL,NULL,NULL,NULL,NULL,NULL,NULL),(215,NULL,'EurLiborSwapIfrFix5y','swap',NULL,NULL,20,NULL,NULL,NULL,NULL,NULL,NULL,NULL,NULL,NULL,NULL,NULL,NULL,NULL),(216,NULL,'EurLiborSwapIfrFix6y','swap',NULL,NULL,20,NULL,NULL,NULL,NULL,NULL,NULL,NULL,NULL,NULL,NULL,NULL,NULL,NULL),(217,NULL,'EurLiborSwapIfrFix7y','swap',NULL,NULL,20,NULL,NULL,NULL,NULL,NULL,NULL,NULL,NULL,NULL,NULL,NULL,NULL,NULL),(218,NULL,'EurLiborSwapIfrFix8y','swap',NULL,NULL,20,NULL,NULL,NULL,NULL,NULL,NULL,NULL,NULL,NULL,NULL,NULL,NULL,NULL),(219,NULL,'EurLiborSwapIfrFix9y','swap',NULL,NULL,20,NULL,NULL,NULL,NULL,NULL,NULL,NULL,NULL,NULL,NULL,NULL,NULL,NULL),(220,NULL,'EurLiborSwapIfrFix10y','swap',NULL,NULL,20,NULL,NULL,NULL,NULL,NULL,NULL,NULL,NULL,NULL,NULL,NULL,NULL,NULL),(221,NULL,'EurLiborSwapIfrFix12y','swap',NULL,NULL,20,NULL,NULL,NULL,NULL,NULL,NULL,NULL,NULL,NULL,NULL,NULL,NULL,NULL),(222,NULL,'EurLiborSwapIfrFix15y','swap',NULL,NULL,20,NULL,NULL,NULL,NULL,NULL,NULL,NULL,NULL,NULL,NULL,NULL,NULL,NULL),(223,NULL,'EurLiborSwapIfrFix20y','swap',NULL,NULL,20,NULL,NULL,NULL,NULL,NULL,NULL,NULL,NULL,NULL,NULL,NULL,NULL,NULL),(224,NULL,'EurLiborSwapIfrFix25y','swap',NULL,NULL,20,NULL,NULL,NULL,NULL,NULL,NULL,NULL,NULL,NULL,NULL,NULL,NULL,NULL),(225,NULL,'EurLiborSwapIfrFix30y','swap',NULL,NULL,20,NULL,NULL,NULL,NULL,NULL,NULL,NULL,NULL,NULL,NULL,NULL,NULL,NULL),(226,NULL,'EuriborSwapIsdaFixA1y','swap',2,'EIISDA01 Index',20,NULL,NULL,NULL,NULL,NULL,NULL,NULL,NULL,NULL,NULL,NULL,NULL,NULL),(227,NULL,'EuriborSwapIsdaFixA2y','swap',2,'EIISDA02 Index',20,NULL,NULL,NULL,NULL,NULL,NULL,NULL,NULL,NULL,NULL,NULL,NULL,NULL),(228,NULL,'EuriborSwapIsdaFixA3y','swap',2,'EIISDA03 Index',20,NULL,NULL,NULL,NULL,NULL,NULL,NULL,NULL,NULL,NULL,NULL,NULL,NULL),(229,NULL,'EuriborSwapIsdaFixA4y','swap',2,'EIISDA04 Index',20,NULL,NULL,NULL,NULL,NULL,NULL,NULL,NULL,NULL,NULL,NULL,NULL,NULL),(230,NULL,'EuriborSwapIsdaFixA5y','swap',2,'EIISDA05 Index',20,NULL,NULL,NULL,NULL,NULL,NULL,NULL,NULL,NULL,NULL,NULL,NULL,NULL),(231,NULL,'EuriborSwapIsdaFixA6y','swap',2,'EIISDA06 Index',20,NULL,NULL,NULL,NULL,NULL,NULL,NULL,NULL,NULL,NULL,NULL,NULL,NULL),(232,NULL,'EuriborSwapIsdaFixA7y','swap',2,'EIISDA07 Index',20,NULL,NULL,NULL,NULL,NULL,NULL,NULL,NULL,NULL,NULL,NULL,NULL,NULL),(233,NULL,'EuriborSwapIsdaFixA8y','swap',2,'EIISDA08 Index',20,NULL,NULL,NULL,NULL,NULL,NULL,NULL,NULL,NULL,NULL,NULL,NULL,NULL),(234,NULL,'EuriborSwapIsdaFixA9y','swap',2,'EIISDA09 Index',20,NULL,NULL,NULL,NULL,NULL,NULL,NULL,NULL,NULL,NULL,NULL,NULL,NULL),(235,NULL,'EuriborSwapIsdaFixA10y','swap',2,'EIISDA10 Index',20,NULL,NULL,NULL,NULL,NULL,NULL,NULL,NULL,NULL,NULL,NULL,NULL,NULL),(236,NULL,'EuriborSwapIsdaFixA12y','swap',2,'EIISDA12 Index',20,NULL,NULL,NULL,NULL,NULL,NULL,NULL,NULL,NULL,NULL,NULL,NULL,NULL),(237,NULL,'EuriborSwapIsdaFixA15y','swap',2,'EIISDA15 Index',20,NULL,NULL,NULL,NULL,NULL,NULL,NULL,NULL,NULL,NULL,NULL,NULL,NULL),(238,NULL,'EuriborSwapIsdaFixA20y','swap',2,'EIISDA20 Index',20,NULL,NULL,NULL,NULL,NULL,NULL,NULL,NULL,NULL,NULL,NULL,NULL,NULL),(239,NULL,'EuriborSwapIsdaFixA25y','swap',2,'EIISDA25 Index',20,NULL,NULL,NULL,NULL,NULL,NULL,NULL,NULL,NULL,NULL,NULL,NULL,NULL),(240,NULL,'EuriborSwapIsdaFixA30y','swap',2,'EIISDA30 Index',20,NULL,NULL,NULL,NULL,NULL,NULL,NULL,NULL,NULL,NULL,NULL,NULL,NULL),(241,NULL,'EuriborSwapIsdaFixB1y','swap',2,'EIISDB01 Index',20,NULL,NULL,NULL,NULL,NULL,NULL,NULL,NULL,NULL,NULL,NULL,NULL,NULL),(242,NULL,'EuriborSwapIsdaFixB2y','swap',2,'EIISDB02 Index',20,NULL,NULL,NULL,NULL,NULL,NULL,NULL,NULL,NULL,NULL,NULL,NULL,NULL),(243,NULL,'EuriborSwapIsdaFixB3y','swap',2,'EIISDB03 Index',20,NULL,NULL,NULL,NULL,NULL,NULL,NULL,NULL,NULL,NULL,NULL,NULL,NULL),(244,NULL,'EuriborSwapIsdaFixB4y','swap',2,'EIISDB04 Index',20,NULL,NULL,NULL,NULL,NULL,NULL,NULL,NULL,NULL,NULL,NULL,NULL,NULL),(245,NULL,'EuriborSwapIsdaFixB5y','swap',2,'EIISDB05 Index',20,NULL,NULL,NULL,NULL,NULL,NULL,NULL,NULL,NULL,NULL,NULL,NULL,NULL),(246,NULL,'EuriborSwapIsdaFixB6y','swap',2,'EIISDB06 Index',20,NULL,NULL,NULL,NULL,NULL,NULL,NULL,NULL,NULL,NULL,NULL,NULL,NULL),(247,NULL,'EuriborSwapIsdaFixB7y','swap',2,'EIISDB07 Index',20,NULL,NULL,NULL,NULL,NULL,NULL,NULL,NULL,NULL,NULL,NULL,NULL,NULL),(248,NULL,'EuriborSwapIsdaFixB8y','swap',2,'EIISDB08 Index',20,NULL,NULL,NULL,NULL,NULL,NULL,NULL,NULL,NULL,NULL,NULL,NULL,NULL),(249,NULL,'EuriborSwapIsdaFixB9y','swap',2,'EIISDB09 Index',20,NULL,NULL,NULL,NULL,NULL,NULL,NULL,NULL,NULL,NULL,NULL,NULL,NULL),(250,NULL,'EuriborSwapIsdaFixB10y','swap',2,'EIISDB10 Index',20,NULL,NULL,NULL,NULL,NULL,NULL,NULL,NULL,NULL,NULL,NULL,NULL,NULL),(251,NULL,'EuriborSwapIsdaFixB12y','swap',2,'EIISDB12 Index',20,NULL,NULL,NULL,NULL,NULL,NULL,NULL,NULL,NULL,NULL,NULL,NULL,NULL),(252,NULL,'EuriborSwapIsdaFixB15y','swap',2,'EIISDB15 Index',20,NULL,NULL,NULL,NULL,NULL,NULL,NULL,NULL,NULL,NULL,NULL,NULL,NULL),(253,NULL,'EuriborSwapIsdaFixB20y','swap',2,'EIISDB20 Index',20,NULL,NULL,NULL,NULL,NULL,NULL,NULL,NULL,NULL,NULL,NULL,NULL,NULL),(254,NULL,'EuriborSwapIsdaFixB25y','swap',2,'EIISDB25 Index',20,NULL,NULL,NULL,NULL,NULL,NULL,NULL,NULL,NULL,NULL,NULL,NULL,NULL),(255,NULL,'EuriborSwapIsdaFixB30y','swap',2,'EIISDB30 Index',20,NULL,NULL,NULL,NULL,NULL,NULL,NULL,NULL,NULL,NULL,NULL,NULL,NULL),(256,NULL,'GbpLiborSwapIsdaFix1y','swap',2,'BPISDB01 Index',23,NULL,NULL,NULL,NULL,NULL,NULL,NULL,NULL,NULL,NULL,NULL,NULL,NULL),(257,NULL,'GbpLiborSwapIsdaFix2y','swap',2,'BPISDB02 Index',23,NULL,NULL,NULL,NULL,NULL,NULL,NULL,NULL,NULL,NULL,NULL,NULL,NULL),(258,NULL,'GbpLiborSwapIsdaFix3y','swap',2,'BPISDB03 Index',23,NULL,NULL,NULL,NULL,NULL,NULL,NULL,NULL,NULL,NULL,NULL,NULL,NULL),(259,NULL,'GbpLiborSwapIsdaFix4y','swap',2,'BPISDB04 Index',23,NULL,NULL,NULL,NULL,NULL,NULL,NULL,NULL,NULL,NULL,NULL,NULL,NULL),(260,NULL,'GbpLiborSwapIsdaFix5y','swap',2,'BPISDB05 Index',23,NULL,NULL,NULL,NULL,NULL,NULL,NULL,NULL,NULL,NULL,NULL,NULL,NULL),(261,NULL,'GbpLiborSwapIsdaFix6y','swap',2,'BPISDB06 Index',23,NULL,NULL,NULL,NULL,NULL,NULL,NULL,NULL,NULL,NULL,NULL,NULL,NULL),(262,NULL,'GbpLiborSwapIsdaFix7y','swap',2,'BPISDB07 Index',23,NULL,NULL,NULL,NULL,NULL,NULL,NULL,NULL,NULL,NULL,NULL,NULL,NULL),(263,NULL,'GbpLiborSwapIsdaFix8y','swap',2,'BPISDB08 Index',23,NULL,NULL,NULL,NULL,NULL,NULL,NULL,NULL,NULL,NULL,NULL,NULL,NULL),(264,NULL,'GbpLiborSwapIsdaFix9y','swap',2,'BPISDB09 Index',23,NULL,NULL,NULL,NULL,NULL,NULL,NULL,NULL,NULL,NULL,NULL,NULL,NULL),(265,NULL,'GbpLiborSwapIsdaFix10y','swap',2,'BPISDB10 Index',23,NULL,NULL,NULL,NULL,NULL,NULL,NULL,NULL,NULL,NULL,NULL,NULL,NULL),(266,NULL,'GbpLiborSwapIsdaFix12y','swap',2,'BPISDB12 Index',23,NULL,NULL,NULL,NULL,NULL,NULL,NULL,NULL,NULL,NULL,NULL,NULL,NULL),(267,NULL,'GbpLiborSwapIsdaFix15y','swap',2,'BPISDB15 Index',23,NULL,NULL,NULL,NULL,NULL,NULL,NULL,NULL,NULL,NULL,NULL,NULL,NULL),(268,NULL,'GbpLiborSwapIsdaFix20y','swap',2,'BPISDB20 Index',23,NULL,NULL,NULL,NULL,NULL,NULL,NULL,NULL,NULL,NULL,NULL,NULL,NULL),(269,NULL,'GbpLiborSwapIsdaFix25y','swap',2,'BPISDB25 Index',23,NULL,NULL,NULL,NULL,NULL,NULL,NULL,NULL,NULL,NULL,NULL,NULL,NULL),(270,NULL,'GbpLiborSwapIsdaFix30y','swap',2,'BPISDB30 Index',23,NULL,NULL,NULL,NULL,NULL,NULL,NULL,NULL,NULL,NULL,NULL,NULL,NULL),(271,NULL,'UsdLiborSwapIsdaFixAm1y','swap',2,'USISDA01 Index',64,NULL,NULL,NULL,NULL,NULL,NULL,NULL,NULL,NULL,NULL,NULL,NULL,NULL),(272,NULL,'UsdLiborSwapIsdaFixAm2y','swap',2,'USISDA02 Index',64,NULL,NULL,NULL,NULL,NULL,NULL,NULL,NULL,NULL,NULL,NULL,NULL,NULL),(273,NULL,'UsdLiborSwapIsdaFixAm3y','swap',2,'USISDA03 Index',64,NULL,NULL,NULL,NULL,NULL,NULL,NULL,NULL,NULL,NULL,NULL,NULL,NULL),(274,NULL,'UsdLiborSwapIsdaFixAm4y','swap',2,'USISDA04 Index',64,NULL,NULL,NULL,NULL,NULL,NULL,NULL,NULL,NULL,NULL,NULL,NULL,NULL),(275,NULL,'UsdLiborSwapIsdaFixAm5y','swap',2,'USISDA05 Index',64,NULL,NULL,NULL,NULL,NULL,NULL,NULL,NULL,NULL,NULL,NULL,NULL,NULL),(276,NULL,'UsdLiborSwapIsdaFixAm6y','swap',2,'USISDA06 Index',64,NULL,NULL,NULL,NULL,NULL,NULL,NULL,NULL,NULL,NULL,NULL,NULL,NULL),(277,NULL,'UsdLiborSwapIsdaFixAm7y','swap',2,'USISDA07 Index',64,NULL,NULL,NULL,NULL,NULL,NULL,NULL,NULL,NULL,NULL,NULL,NULL,NULL),(278,NULL,'UsdLiborSwapIsdaFixAm8y','swap',2,'USISDA08 Index',64,NULL,NULL,NULL,NULL,NULL,NULL,NULL,NULL,NULL,NULL,NULL,NULL,NULL),(279,NULL,'UsdLiborSwapIsdaFixAm9y','swap',2,'USISDA09 Index',64,NULL,NULL,NULL,NULL,NULL,NULL,NULL,NULL,NULL,NULL,NULL,NULL,NULL),(280,NULL,'UsdLiborSwapIsdaFixAm10y','swap',2,'USISDA10 Index',64,NULL,NULL,NULL,NULL,NULL,NULL,NULL,NULL,NULL,NULL,NULL,NULL,NULL),(281,NULL,'UsdLiborSwapIsdaFixAm15y','swap',2,'USISDA15 Index',64,NULL,NULL,NULL,NULL,NULL,NULL,NULL,NULL,NULL,NULL,NULL,NULL,NULL),(282,NULL,'UsdLiborSwapIsdaFixAm20y','swap',2,'USISDA20 Index',64,NULL,NULL,NULL,NULL,NULL,NULL,NULL,NULL,NULL,NULL,NULL,NULL,NULL),(283,NULL,'UsdLiborSwapIsdaFixAm30y','swap',2,'USISDA30 Index',64,NULL,NULL,NULL,NULL,NULL,NULL,NULL,NULL,NULL,NULL,NULL,NULL,NULL),(284,NULL,'UsdLiborSwapIsdaFixPm1y','swap',2,'USISDP01 Index',64,NULL,NULL,NULL,NULL,NULL,NULL,NULL,NULL,NULL,NULL,NULL,NULL,NULL),(285,NULL,'UsdLiborSwapIsdaFixPm2y','swap',NULL,NULL,64,NULL,NULL,NULL,NULL,NULL,NULL,NULL,NULL,NULL,NULL,NULL,NULL,NULL),(286,NULL,'UsdLiborSwapIsdaFixPm3y','swap',NULL,NULL,64,NULL,NULL,NULL,NULL,NULL,NULL,NULL,NULL,NULL,NULL,NULL,NULL,NULL),(287,NULL,'UsdLiborSwapIsdaFixPm4y','swap',NULL,NULL,64,NULL,NULL,NULL,NULL,NULL,NULL,NULL,NULL,NULL,NULL,NULL,NULL,NULL),(288,NULL,'UsdLiborSwapIsdaFixPm5y','swap',NULL,NULL,64,NULL,NULL,NULL,NULL,NULL,NULL,NULL,NULL,NULL,NULL,NULL,NULL,NULL),(289,NULL,'UsdLiborSwapIsdaFixPm6y','swap',NULL,NULL,64,NULL,NULL,NULL,NULL,NULL,NULL,NULL,NULL,NULL,NULL,NULL,NULL,NULL),(290,NULL,'UsdLiborSwapIsdaFixPm7y','swap',NULL,NULL,64,NULL,NULL,NULL,NULL,NULL,NULL,NULL,NULL,NULL,NULL,NULL,NULL,NULL),(291,NULL,'UsdLiborSwapIsdaFixPm8y','swap',NULL,NULL,64,NULL,NULL,NULL,NULL,NULL,NULL,NULL,NULL,NULL,NULL,NULL,NULL,NULL),(292,NULL,'UsdLiborSwapIsdaFixPm9y','swap',NULL,NULL,64,NULL,NULL,NULL,NULL,NULL,NULL,NULL,NULL,NULL,NULL,NULL,NULL,NULL),(293,NULL,'UsdLiborSwapIsdaFixPm10y','swap',NULL,NULL,64,NULL,NULL,NULL,NULL,NULL,NULL,NULL,NULL,NULL,NULL,NULL,NULL,NULL),(294,NULL,'UsdLiborSwapIsdaFixPm15y','swap',NULL,NULL,64,NULL,NULL,NULL,NULL,NULL,NULL,NULL,NULL,NULL,NULL,NULL,NULL,NULL),(295,NULL,'UsdLiborSwapIsdaFixPm20y','swap',NULL,NULL,64,NULL,NULL,NULL,NULL,NULL,NULL,NULL,NULL,NULL,NULL,NULL,NULL,NULL),(296,NULL,'UsdLiborSwapIsdaFixPm30y','swap',NULL,NULL,64,NULL,NULL,NULL,NULL,NULL,NULL,NULL,NULL,NULL,NULL,NULL,NULL,NULL),(297,NULL,'JpyLiborSwapIsdaFixAm1y','swap',2,'JYISDA01 Index',34,NULL,NULL,NULL,NULL,NULL,NULL,NULL,NULL,NULL,NULL,NULL,NULL,NULL),(298,NULL,'JpyLiborSwapIsdaFixAm2y','swap',2,'JYISDA02 Index',34,NULL,NULL,NULL,NULL,NULL,NULL,NULL,NULL,NULL,NULL,NULL,NULL,NULL),(299,NULL,'JpyLiborSwapIsdaFixAm3y','swap',2,'JYISDA03 Index',34,NULL,NULL,NULL,NULL,NULL,NULL,NULL,NULL,NULL,NULL,NULL,NULL,NULL),(300,NULL,'JpyLiborSwapIsdaFixAm4y','swap',2,'JYISDA04 Index',34,NULL,NULL,NULL,NULL,NULL,NULL,NULL,NULL,NULL,NULL,NULL,NULL,NULL),(301,NULL,'JpyLiborSwapIsdaFixAm5y','swap',2,'JYISDA05 Index',34,NULL,NULL,NULL,NULL,NULL,NULL,NULL,NULL,NULL,NULL,NULL,NULL,NULL),(302,NULL,'JpyLiborSwapIsdaFixAm6y','swap',2,'JYISDA06 Index',34,NULL,NULL,NULL,NULL,NULL,NULL,NULL,NULL,NULL,NULL,NULL,NULL,NULL),(303,NULL,'JpyLiborSwapIsdaFixAm7y','swap',2,'JYISDA07 Index',34,NULL,NULL,NULL,NULL,NULL,NULL,NULL,NULL,NULL,NULL,NULL,NULL,NULL),(304,NULL,'JpyLiborSwapIsdaFixAm8y','swap',2,'JYISDA08 Index',34,NULL,NULL,NULL,NULL,NULL,NULL,NULL,NULL,NULL,NULL,NULL,NULL,NULL),(305,NULL,'JpyLiborSwapIsdaFixAm9y','swap',2,'JYISDA09 Index',34,NULL,NULL,NULL,NULL,NULL,NULL,NULL,NULL,NULL,NULL,NULL,NULL,NULL),(306,NULL,'JpyLiborSwapIsdaFixAm10y','swap',2,'JYISDA10 Index',34,NULL,NULL,NULL,NULL,NULL,NULL,NULL,NULL,NULL,NULL,NULL,NULL,NULL),(307,NULL,'JpyLiborSwapIsdaFixAm12y','swap',2,'JYISDA12 Index',34,NULL,NULL,NULL,NULL,NULL,NULL,NULL,NULL,NULL,NULL,NULL,NULL,NULL),(308,NULL,'JpyLiborSwapIsdaFixAm15y','swap',2,'JYISDA15 Index',34,NULL,NULL,NULL,NULL,NULL,NULL,NULL,NULL,NULL,NULL,NULL,NULL,NULL),(309,NULL,'JpyLiborSwapIsdaFixAm20y','swap',2,'JYISDA20 Index',34,NULL,NULL,NULL,NULL,NULL,NULL,NULL,NULL,NULL,NULL,NULL,NULL,NULL),(310,NULL,'JpyLiborSwapIsdaFixAm25y','swap',2,'JYISDA25 Index',34,NULL,NULL,NULL,NULL,NULL,NULL,NULL,NULL,NULL,NULL,NULL,NULL,NULL),(311,NULL,'JpyLiborSwapIsdaFixAm30y','swap',2,'JYISDA30 Index',34,NULL,NULL,NULL,NULL,NULL,NULL,NULL,NULL,NULL,NULL,NULL,NULL,NULL),(312,NULL,'JpyLiborSwapIsdaFixAm35y','swap',2,'JYISDA35 Index',34,NULL,NULL,NULL,NULL,NULL,NULL,NULL,NULL,NULL,NULL,NULL,NULL,NULL),(313,NULL,'JpyLiborSwapIsdaFixAm40y','swap',2,'JYISDA40 Index',34,NULL,NULL,NULL,NULL,NULL,NULL,NULL,NULL,NULL,NULL,NULL,NULL,NULL),(314,NULL,'JpyLiborSwapIsdaFixPm1y','swap',2,'JYISDP01 Index',34,NULL,NULL,NULL,NULL,NULL,NULL,NULL,NULL,NULL,NULL,NULL,NULL,NULL),(315,NULL,'JpyLiborSwapIsdaFixPm2y','swap',2,'JYISDP02 Index',34,NULL,NULL,NULL,NULL,NULL,NULL,NULL,NULL,NULL,NULL,NULL,NULL,NULL),(316,NULL,'JpyLiborSwapIsdaFixPm3y','swap',2,'JYISDP03 Index',34,NULL,NULL,NULL,NULL,NULL,NULL,NULL,NULL,NULL,NULL,NULL,NULL,NULL),(317,NULL,'JpyLiborSwapIsdaFixPm4y','swap',2,'JYISDP04 Index',34,NULL,NULL,NULL,NULL,NULL,NULL,NULL,NULL,NULL,NULL,NULL,NULL,NULL),(318,NULL,'JpyLiborSwapIsdaFixPm5y','swap',2,'JYISDP05 Index',34,NULL,NULL,NULL,NULL,NULL,NULL,NULL,NULL,NULL,NULL,NULL,NULL,NULL),(319,NULL,'JpyLiborSwapIsdaFixPm6y','swap',2,'JYISDP06 Index',34,NULL,NULL,NULL,NULL,NULL,NULL,NULL,NULL,NULL,NULL,NULL,NULL,NULL),(320,NULL,'JpyLiborSwapIsdaFixPm7y','swap',2,'JYISDP07 Index',34,NULL,NULL,NULL,NULL,NULL,NULL,NULL,NULL,NULL,NULL,NULL,NULL,NULL),(321,NULL,'JpyLiborSwapIsdaFixPm8y','swap',2,'JYISDP08 Index',34,NULL,NULL,NULL,NULL,NULL,NULL,NULL,NULL,NULL,NULL,NULL,NULL,NULL),(322,NULL,'JpyLiborSwapIsdaFixPm9y','swap',2,'JYISDP09 Index',34,NULL,NULL,NULL,NULL,NULL,NULL,NULL,NULL,NULL,NULL,NULL,NULL,NULL),(323,NULL,'JpyLiborSwapIsdaFixPm10y','swap',2,'JYISDP10 Index',34,NULL,NULL,NULL,NULL,NULL,NULL,NULL,NULL,NULL,NULL,NULL,NULL,NULL),(324,NULL,'JpyLiborSwapIsdaFixPm12y','swap',2,'JYISDP12 Index',34,NULL,NULL,NULL,NULL,NULL,NULL,NULL,NULL,NULL,NULL,NULL,NULL,NULL),(325,NULL,'JpyLiborSwapIsdaFixPm15y','swap',2,'JYISDP15 Index',34,NULL,NULL,NULL,NULL,NULL,NULL,NULL,NULL,NULL,NULL,NULL,NULL,NULL),(326,NULL,'JpyLiborSwapIsdaFixPm20y','swap',2,'JYISDP20 Index',34,NULL,NULL,NULL,NULL,NULL,NULL,NULL,NULL,NULL,NULL,NULL,NULL,NULL),(327,NULL,'JpyLiborSwapIsdaFixPm25y','swap',2,'JYISDP25 Index',34,NULL,NULL,NULL,NULL,NULL,NULL,NULL,NULL,NULL,NULL,NULL,NULL,NULL),(328,NULL,'JpyLiborSwapIsdaFixPm30y','swap',2,'JYISDP30 Index',34,NULL,NULL,NULL,NULL,NULL,NULL,NULL,NULL,NULL,NULL,NULL,NULL,NULL),(329,NULL,'JpyLiborSwapIsdaFixPm35y','swap',2,'JYISDP35 Index',34,NULL,NULL,NULL,NULL,NULL,NULL,NULL,NULL,NULL,NULL,NULL,NULL,NULL),(330,NULL,'JpyLiborSwapIsdaFixPm40y','swap',2,'JYISDP40 Index',34,NULL,NULL,NULL,NULL,NULL,NULL,NULL,NULL,NULL,NULL,NULL,NULL,NULL),(331,NULL,'ChfLiborSwapIsdaFix1y','swap',2,'SFISDA01 Index',10,NULL,NULL,NULL,NULL,NULL,NULL,NULL,NULL,NULL,NULL,NULL,NULL,NULL),(332,NULL,'ChfLiborSwapIsdaFix2y','swap',2,'SFISDA02 Index',10,NULL,NULL,NULL,NULL,NULL,NULL,NULL,NULL,NULL,NULL,NULL,NULL,NULL),(333,NULL,'ChfLiborSwapIsdaFix3y','swap',2,'SFISDA03 Index',10,NULL,NULL,NULL,NULL,NULL,NULL,NULL,NULL,NULL,NULL,NULL,NULL,NULL),(334,NULL,'ChfLiborSwapIsdaFix4y','swap',2,'SFISDA04 Index',10,NULL,NULL,NULL,NULL,NULL,NULL,NULL,NULL,NULL,NULL,NULL,NULL,NULL),(335,NULL,'ChfLiborSwapIsdaFix5y','swap',2,'SFISDA05 Index',10,NULL,NULL,NULL,NULL,NULL,NULL,NULL,NULL,NULL,NULL,NULL,NULL,NULL),(336,NULL,'ChfLiborSwapIsdaFix6y','swap',2,'SFISDA06 Index',10,NULL,NULL,NULL,NULL,NULL,NULL,NULL,NULL,NULL,NULL,NULL,NULL,NULL),(337,NULL,'ChfLiborSwapIsdaFix7y','swap',2,'SFISDA07 Index',10,NULL,NULL,NULL,NULL,NULL,NULL,NULL,NULL,NULL,NULL,NULL,NULL,NULL),(338,NULL,'ChfLiborSwapIsdaFix8y','swap',2,'SFISDA08 Index',10,NULL,NULL,NULL,NULL,NULL,NULL,NULL,NULL,NULL,NULL,NULL,NULL,NULL),(339,NULL,'ChfLiborSwapIsdaFix9y','swap',2,'SFISDA09 Index',10,NULL,NULL,NULL,NULL,NULL,NULL,NULL,NULL,NULL,NULL,NULL,NULL,NULL),(340,NULL,'ChfLiborSwapIsdaFix10y','swap',2,'SFISDA10 Index',10,NULL,NULL,NULL,NULL,NULL,NULL,NULL,NULL,NULL,NULL,NULL,NULL,NULL);
/*!40000 ALTER TABLE `rate` ENABLE KEYS */;
UNLOCK TABLES;

--
-- Table structure for table `ratehistory`
--

DROP TABLE IF EXISTS `ratehistory`;
/*!40101 SET @saved_cs_client     = @@character_set_client */;
/*!40101 SET character_set_client = utf8 */;
CREATE TABLE `ratehistory` (
  `Id` int(11) NOT NULL AUTO_INCREMENT,
  `RateId` int(11) NOT NULL,
  `Date` date NOT NULL,
  `High` double DEFAULT NULL,
  `Low` double DEFAULT NULL,
  `Open` double DEFAULT NULL,
  `Close` double DEFAULT NULL,
  `Theoretical` double DEFAULT NULL,
  `UserCreated` int(11) NOT NULL,
  `IpCreated` varchar(45) NOT NULL,
  PRIMARY KEY (`Id`),
  UNIQUE KEY `unique_pair` (`Id`,`Date`),
  KEY `fk_RateHistory_UserCreated` (`UserCreated`),
  CONSTRAINT `fk_RateHistory_UserCreated` FOREIGN KEY (`UserCreated`) REFERENCES `users` (`Id`) ON UPDATE CASCADE
) ENGINE=InnoDB DEFAULT CHARSET=utf8;
/*!40101 SET character_set_client = @saved_cs_client */;

--
-- Dumping data for table `ratehistory`
--

LOCK TABLES `ratehistory` WRITE;
/*!40000 ALTER TABLE `ratehistory` DISABLE KEYS */;
/*!40000 ALTER TABLE `ratehistory` ENABLE KEYS */;
UNLOCK TABLES;

--
-- Table structure for table `users`
--

DROP TABLE IF EXISTS `users`;
/*!40101 SET @saved_cs_client     = @@character_set_client */;
/*!40101 SET character_set_client = utf8 */;
CREATE TABLE `users` (
  `Id` int(11) NOT NULL AUTO_INCREMENT,
  `Name` varchar(45) NOT NULL,
  `UserCreated` int(11) NOT NULL,
  `IpCreated` varchar(45) NOT NULL,
  PRIMARY KEY (`Id`),
  UNIQUE KEY `unique_name` (`Name`),
  KEY `fk_Users_UserCreated` (`UserCreated`),
  CONSTRAINT `fk_Users_UserCreated` FOREIGN KEY (`UserCreated`) REFERENCES `users` (`Id`) ON UPDATE CASCADE
) ENGINE=InnoDB AUTO_INCREMENT=2 DEFAULT CHARSET=utf8;
/*!40101 SET character_set_client = @saved_cs_client */;

--
-- Dumping data for table `users`
--

LOCK TABLES `users` WRITE;
/*!40000 ALTER TABLE `users` DISABLE KEYS */;
INSERT INTO `users` VALUES (1,'reserved',1,'192.168.0.0');
/*!40000 ALTER TABLE `users` ENABLE KEYS */;
UNLOCK TABLES;

--
-- Temporary table structure for view `vwbond`
--

DROP TABLE IF EXISTS `vwbond`;
/*!50001 DROP VIEW IF EXISTS `vwbond`*/;
SET @saved_cs_client     = @@character_set_client;
SET character_set_client = utf8;
/*!50001 CREATE TABLE `vwbond` (
  `Id` int(11),
  `Name` varchar(45),
  `Type` enum('fixed','floating'),
  `DataProviderId` int(11),
  `DataReference` varchar(45),
  `CurrencyId` int(11),
  `IssueDate` date,
  `MaturityDate` date,
  `DateGenerationId` int(11),
  `CouponFrequencyId` int(11),
  `Coupon` double,
  `CouponConventionId` int(11),
  `CouponBasisId` int(11),
  `Redemption` double,
  `Nominal` double,
  `CalendarId` int(11),
  `SettlementDays` int(11),
  `YieldCurveId` int(11),
  `UserCreated` int(11),
  `IpCreated` varchar(45),
  `EnumBasis` varchar(45),
  `EnumFrequency` varchar(45),
  `EnumBusinessDayConvention` varchar(45),
  `EnumDateGeneration` varchar(45)
) ENGINE=MyISAM */;
SET character_set_client = @saved_cs_client;

--
-- Temporary table structure for view `vwcalendar`
--

DROP TABLE IF EXISTS `vwcalendar`;
/*!50001 DROP VIEW IF EXISTS `vwcalendar`*/;
SET @saved_cs_client     = @@character_set_client;
SET character_set_client = utf8;
/*!50001 CREATE TABLE `vwcalendar` (
  `Id` int(11),
  `CountryId` int(11),
  `Name` varchar(45),
  `ClassName` varchar(45),
  `MarketName` varchar(45),
  `Weekend1` enum('Sun','Mon','Tue','Wed','Thu','Fri','Sat'),
  `Weekend2` enum('Sun','Mon','Tue','Wed','Thu','Fri','Sat'),
  `UserCreated` int(11),
  `IpCreated` varchar(45)
) ENGINE=MyISAM */;
SET character_set_client = @saved_cs_client;

--
-- Temporary table structure for view `vwcalendarholidays`
--

DROP TABLE IF EXISTS `vwcalendarholidays`;
/*!50001 DROP VIEW IF EXISTS `vwcalendarholidays`*/;
SET @saved_cs_client     = @@character_set_client;
SET character_set_client = utf8;
/*!50001 CREATE TABLE `vwcalendarholidays` (
  `Id` int(11),
  `CalendarId` int(11),
  `Date` date,
  `Name` varchar(45),
  `IfYearly` tinyint(1),
  `UserCreated` int(11),
  `IpCreated` varchar(45)
) ENGINE=MyISAM */;
SET character_set_client = @saved_cs_client;

--
-- Temporary table structure for view `vwcountry`
--

DROP TABLE IF EXISTS `vwcountry`;
/*!50001 DROP VIEW IF EXISTS `vwcountry`*/;
SET @saved_cs_client     = @@character_set_client;
SET character_set_client = utf8;
/*!50001 CREATE TABLE `vwcountry` (
  `Id` int(11),
  `Name` varchar(45),
  `UserCreated` int(11),
  `IpCreated` varchar(45)
) ENGINE=MyISAM */;
SET character_set_client = @saved_cs_client;

--
-- Temporary table structure for view `vwcurrency`
--

DROP TABLE IF EXISTS `vwcurrency`;
/*!50001 DROP VIEW IF EXISTS `vwcurrency`*/;
SET @saved_cs_client     = @@character_set_client;
SET character_set_client = utf8;
/*!50001 CREATE TABLE `vwcurrency` (
  `Id` int(11),
  `ClassName` varchar(45),
  `Name` varchar(45),
  `Code` varchar(3),
  `NumericCode` int(11),
  `Symbol` varchar(1),
  `FractionSymbol` varchar(1),
  `FractionsPerUnit` int(11),
  `Rounding` enum('None','Up','Down','Closest','Floor','Ceiling'),
  `RoundingDigit` int(11),
  `UserCreated` int(11),
  `IpCreated` varchar(45)
) ENGINE=MyISAM */;
SET character_set_client = @saved_cs_client;

--
-- Temporary table structure for view `vwdaycounter`
--

DROP TABLE IF EXISTS `vwdaycounter`;
/*!50001 DROP VIEW IF EXISTS `vwdaycounter`*/;
SET @saved_cs_client     = @@character_set_client;
SET character_set_client = utf8;
/*!50001 CREATE TABLE `vwdaycounter` (
  `Id` int(11),
  `Name` varchar(45),
  `ClassName` varchar(45),
  `ClassNameParam` varchar(45)
) ENGINE=MyISAM */;
SET character_set_client = @saved_cs_client;

--
-- Temporary table structure for view `vwenumbasis`
--

DROP TABLE IF EXISTS `vwenumbasis`;
/*!50001 DROP VIEW IF EXISTS `vwenumbasis`*/;
SET @saved_cs_client     = @@character_set_client;
SET character_set_client = utf8;
/*!50001 CREATE TABLE `vwenumbasis` (
  `Id` int(11),
  `Name` varchar(45)
) ENGINE=MyISAM */;
SET character_set_client = @saved_cs_client;

--
-- Temporary table structure for view `vwenumbusinessdayconvention`
--

DROP TABLE IF EXISTS `vwenumbusinessdayconvention`;
/*!50001 DROP VIEW IF EXISTS `vwenumbusinessdayconvention`*/;
SET @saved_cs_client     = @@character_set_client;
SET character_set_client = utf8;
/*!50001 CREATE TABLE `vwenumbusinessdayconvention` (
  `Id` int(11),
  `Name` varchar(45)
) ENGINE=MyISAM */;
SET character_set_client = @saved_cs_client;

--
-- Temporary table structure for view `vwenumcompounding`
--

DROP TABLE IF EXISTS `vwenumcompounding`;
/*!50001 DROP VIEW IF EXISTS `vwenumcompounding`*/;
SET @saved_cs_client     = @@character_set_client;
SET character_set_client = utf8;
/*!50001 CREATE TABLE `vwenumcompounding` (
  `Id` int(11),
  `Name` varchar(45)
) ENGINE=MyISAM */;
SET character_set_client = @saved_cs_client;

--
-- Temporary table structure for view `vwenumdategeneration`
--

DROP TABLE IF EXISTS `vwenumdategeneration`;
/*!50001 DROP VIEW IF EXISTS `vwenumdategeneration`*/;
SET @saved_cs_client     = @@character_set_client;
SET character_set_client = utf8;
/*!50001 CREATE TABLE `vwenumdategeneration` (
  `Id` int(11),
  `Name` varchar(45)
) ENGINE=MyISAM */;
SET character_set_client = @saved_cs_client;

--
-- Temporary table structure for view `vwenumfrequency`
--

DROP TABLE IF EXISTS `vwenumfrequency`;
/*!50001 DROP VIEW IF EXISTS `vwenumfrequency`*/;
SET @saved_cs_client     = @@character_set_client;
SET character_set_client = utf8;
/*!50001 CREATE TABLE `vwenumfrequency` (
  `Id` int(11),
  `Name` varchar(45)
) ENGINE=MyISAM */;
SET character_set_client = @saved_cs_client;

--
-- Temporary table structure for view `vwexchangerate`
--

DROP TABLE IF EXISTS `vwexchangerate`;
/*!50001 DROP VIEW IF EXISTS `vwexchangerate`*/;
SET @saved_cs_client     = @@character_set_client;
SET character_set_client = utf8;
/*!50001 CREATE TABLE `vwexchangerate` (
  `Id` int(11),
  `Name` varchar(45),
  `ClassName` varchar(45),
  `PrimaryCurrency` int(11),
  `SecondaryCurrency` int(11),
  `DataProviderId` int(11),
  `DataReference` varchar(45),
  `Accuracy` int(11),
  `SettlementDays` int(11),
  `FixingPlace` int(11),
  `UserCreated` int(11),
  `IpCreated` varchar(45)
) ENGINE=MyISAM */;
SET character_set_client = @saved_cs_client;

--
-- Temporary table structure for view `vwexchangeratehistory`
--

DROP TABLE IF EXISTS `vwexchangeratehistory`;
/*!50001 DROP VIEW IF EXISTS `vwexchangeratehistory`*/;
SET @saved_cs_client     = @@character_set_client;
SET character_set_client = utf8;
/*!50001 CREATE TABLE `vwexchangeratehistory` (
  `Id` int(11),
  `RateId` int(11),
  `Date` date,
  `High` double,
  `Low` double,
  `Open` double,
  `Close` double,
  `Theoretical` double,
  `UserCreated` int(11),
  `IpCreated` varchar(45)
) ENGINE=MyISAM */;
SET character_set_client = @saved_cs_client;

--
-- Temporary table structure for view `vwprovider`
--

DROP TABLE IF EXISTS `vwprovider`;
/*!50001 DROP VIEW IF EXISTS `vwprovider`*/;
SET @saved_cs_client     = @@character_set_client;
SET character_set_client = utf8;
/*!50001 CREATE TABLE `vwprovider` (
  `Id` int(11),
  `Name` varchar(45)
) ENGINE=MyISAM */;
SET character_set_client = @saved_cs_client;

--
-- Temporary table structure for view `vwrate`
--

DROP TABLE IF EXISTS `vwrate`;
/*!50001 DROP VIEW IF EXISTS `vwrate`*/;
SET @saved_cs_client     = @@character_set_client;
SET character_set_client = utf8;
/*!50001 CREATE TABLE `vwrate` (
  `Id` int(11),
  `Name` varchar(45),
  `ClassName` varchar(45),
  `Type` enum('deposit','swap'),
  `DataProviderId` int(11),
  `DataReference` varchar(45),
  `CurrencyId` int(11),
  `Length` int(11),
  `TimeUnit` enum('Days','Weeks','Months','Years'),
  `Accuracy` int(11),
  `BasisId` int(11),
  `FrequencyId` int(11),
  `CompoundingId` int(11),
  `Spread` double,
  `SettlementDays` int(11),
  `YieldCurveId` int(11),
  `FixingPlace` int(11),
  `IndexId` int(11),
  `UserCreated` int(11),
  `IpCreated` varchar(45),
  `EnumCompounding` varchar(45),
  `EnumBasis` varchar(45),
  `EnumFrequency` varchar(45)
) ENGINE=MyISAM */;
SET character_set_client = @saved_cs_client;

--
-- Temporary table structure for view `vwratehistory`
--

DROP TABLE IF EXISTS `vwratehistory`;
/*!50001 DROP VIEW IF EXISTS `vwratehistory`*/;
SET @saved_cs_client     = @@character_set_client;
SET character_set_client = utf8;
/*!50001 CREATE TABLE `vwratehistory` (
  `Id` int(11),
  `RateId` int(11),
  `Date` date,
  `High` double,
  `Low` double,
  `Open` double,
  `Close` double,
  `Theoretical` double,
  `UserCreated` int(11),
  `IpCreated` varchar(45)
) ENGINE=MyISAM */;
SET character_set_client = @saved_cs_client;

--
-- Temporary table structure for view `vwusers`
--

DROP TABLE IF EXISTS `vwusers`;
/*!50001 DROP VIEW IF EXISTS `vwusers`*/;
SET @saved_cs_client     = @@character_set_client;
SET character_set_client = utf8;
/*!50001 CREATE TABLE `vwusers` (
  `Id` int(11),
  `Name` varchar(45),
  `UserCreated` int(11),
  `IpCreated` varchar(45)
) ENGINE=MyISAM */;
SET character_set_client = @saved_cs_client;

--
-- Temporary table structure for view `vwycentry`
--

DROP TABLE IF EXISTS `vwycentry`;
/*!50001 DROP VIEW IF EXISTS `vwycentry`*/;
SET @saved_cs_client     = @@character_set_client;
SET character_set_client = utf8;
/*!50001 CREATE TABLE `vwycentry` (
  `Id` int(11),
  `YieldCurveId` int(11),
  `Type` enum('deposit','swap','bond'),
  `Length` int(11),
  `TimeUnit` enum('Days','Weeks','Months','Years'),
  `RateId` int(11),
  `DateStart` date,
  `DateFinish` date,
  `DataProviderId` int(11),
  `DataReference` varchar(45),
  `UserCreated` int(11),
  `IpCreated` varchar(45)
) ENGINE=MyISAM */;
SET character_set_client = @saved_cs_client;

--
-- Temporary table structure for view `vwycentryhistory`
--

DROP TABLE IF EXISTS `vwycentryhistory`;
/*!50001 DROP VIEW IF EXISTS `vwycentryhistory`*/;
SET @saved_cs_client     = @@character_set_client;
SET character_set_client = utf8;
/*!50001 CREATE TABLE `vwycentryhistory` (
  `Id` int(11),
  `YcEntryId` int(11),
  `Date` date,
  `Value` double,
  `UserCreated` int(11),
  `IpCreated` varchar(45)
) ENGINE=MyISAM */;
SET character_set_client = @saved_cs_client;

--
-- Temporary table structure for view `vwycfamily`
--

DROP TABLE IF EXISTS `vwycfamily`;
/*!50001 DROP VIEW IF EXISTS `vwycfamily`*/;
SET @saved_cs_client     = @@character_set_client;
SET character_set_client = utf8;
/*!50001 CREATE TABLE `vwycfamily` (
  `Id` int(11),
  `CurrencyId` int(11),
  `Name` varchar(45),
  `UserCreated` int(11),
  `IpCreated` varchar(45)
) ENGINE=MyISAM */;
SET character_set_client = @saved_cs_client;

--
-- Temporary table structure for view `vwyieldcurve`
--

DROP TABLE IF EXISTS `vwyieldcurve`;
/*!50001 DROP VIEW IF EXISTS `vwyieldcurve`*/;
SET @saved_cs_client     = @@character_set_client;
SET character_set_client = utf8;
/*!50001 CREATE TABLE `vwyieldcurve` (
  `Id` int(11),
  `Name` varchar(45),
  `Family` varchar(45),
  `FamilyId` int(11),
  `Currency` varchar(45),
  `CurrencyId` int(11),
  `ZcCompounding` varchar(45),
  `ZcBasis` varchar(45),
  `ZcFrequency` varchar(45),
  `ifZC` tinyint(1),
  `ForwCompounding` varchar(45),
  `ForwBasis` varchar(45),
  `ForwFrequency` varchar(45),
  `ifForw` tinyint(1),
  `SpreadType` enum('0','1'),
  `SpreadSize` double,
  `SpreadFamily` int(11)
) ENGINE=MyISAM */;
SET character_set_client = @saved_cs_client;

--
-- Table structure for table `ycentry`
--

DROP TABLE IF EXISTS `ycentry`;
/*!40101 SET @saved_cs_client     = @@character_set_client */;
/*!40101 SET character_set_client = utf8 */;
CREATE TABLE `ycentry` (
  `Id` int(11) NOT NULL AUTO_INCREMENT,
  `YieldCurveId` int(11) NOT NULL,
  `Type` enum('deposit','swap','bond') NOT NULL,
  `Length` int(11) DEFAULT NULL,
  `TimeUnit` enum('Days','Weeks','Months','Years') DEFAULT NULL,
  `RateId` int(11) NOT NULL,
  `DateStart` date DEFAULT NULL,
  `DateFinish` date DEFAULT NULL,
  `DataProviderId` int(11) DEFAULT NULL,
  `DataReference` varchar(45) DEFAULT NULL,
  `UserCreated` int(11) NOT NULL,
  `IpCreated` varchar(45) NOT NULL,
  PRIMARY KEY (`Id`),
  KEY `fk_YcEntry_YieldCurveId` (`YieldCurveId`),
  KEY `fk_YcEntry_RateId` (`RateId`),
  KEY `fk_YcEntry_DataProviderId` (`DataProviderId`),
  KEY `fk_YcEntry_UserCreated` (`UserCreated`),
  CONSTRAINT `fk_YcEntry_YieldCurveId` FOREIGN KEY (`YieldCurveId`) REFERENCES `yieldcurve` (`Id`) ON UPDATE CASCADE,
  CONSTRAINT `fk_YcEntry_RateId` FOREIGN KEY (`RateId`) REFERENCES `rate` (`Id`) ON UPDATE CASCADE,
  CONSTRAINT `fk_YcEntry_DataProviderId` FOREIGN KEY (`DataProviderId`) REFERENCES `provider` (`Id`) ON UPDATE CASCADE,
  CONSTRAINT `fk_YcEntry_UserCreated` FOREIGN KEY (`UserCreated`) REFERENCES `users` (`Id`) ON UPDATE CASCADE
) ENGINE=InnoDB AUTO_INCREMENT=244 DEFAULT CHARSET=utf8;
/*!40101 SET character_set_client = @saved_cs_client */;

--
-- Dumping data for table `ycentry`
--

LOCK TABLES `ycentry` WRITE;
/*!40000 ALTER TABLE `ycentry` DISABLE KEYS */;
INSERT INTO `ycentry` VALUES (1,1,'deposit',1,'Days',1,'2011-05-05','2100-01-01',2,'EE00O/N Index',1,'192.168.0.0'),(2,1,'deposit',1,'Weeks',2,'2011-05-05','2100-01-01',2,'EE0001W Index',1,'192.168.0.0'),(3,1,'deposit',2,'Weeks',3,'2011-05-05','2100-01-01',2,'EE0002W Index',1,'192.168.0.0'),(4,1,'deposit',1,'Months',4,'2011-05-05','2100-01-01',2,'EE0001M Index',1,'192.168.0.0'),(5,1,'deposit',2,'Months',5,'2011-05-05','2100-01-01',2,'EE0002M Index',1,'192.168.0.0'),(6,1,'deposit',3,'Months',6,'2011-05-05','2100-01-01',2,'EE0003M Index',1,'192.168.0.0'),(7,1,'deposit',4,'Months',7,'2011-05-05','2100-01-01',2,'EE0004M Index',1,'192.168.0.0'),(8,1,'deposit',5,'Months',8,'2011-05-05','2100-01-01',2,'EE0005M Index',1,'192.168.0.0'),(9,1,'deposit',6,'Months',9,'2011-05-05','2100-01-01',2,'EE0006M Index',1,'192.168.0.0'),(10,1,'deposit',7,'Months',10,'2011-05-05','2100-01-01',2,'EE0007M Index',1,'192.168.0.0'),(11,1,'deposit',8,'Months',11,'2011-05-05','2100-01-01',2,'EE0008M Index',1,'192.168.0.0'),(12,1,'deposit',9,'Months',12,'2011-05-05','2100-01-01',2,'EE0009M Index',1,'192.168.0.0'),(13,1,'deposit',10,'Months',13,'2011-05-05','2100-01-01',2,'EE0010M Index',1,'192.168.0.0'),(14,1,'deposit',11,'Months',14,'2011-05-05','2100-01-01',2,'EE0011M Index',1,'192.168.0.0'),(15,1,'deposit',1,'Years',15,'2011-05-05','2100-01-01',2,'EE0012M Index',1,'192.168.0.0'),(16,1,'swap',2,'Years',182,'2011-05-05','2100-01-01',2,'ELISDA02 Index',1,'192.168.0.0'),(17,1,'swap',3,'Years',183,'2011-05-05','2100-01-01',2,'ELISDA03 Index',1,'192.168.0.0'),(18,1,'swap',4,'Years',184,'2011-05-05','2100-01-01',2,'ELISDA04 Index',1,'192.168.0.0'),(19,1,'swap',5,'Years',185,'2011-05-05','2100-01-01',2,'ELISDA05 Index',1,'192.168.0.0'),(20,1,'swap',6,'Years',186,'2011-05-05','2100-01-01',2,'ELISDA06 Index',1,'192.168.0.0'),(21,1,'swap',7,'Years',187,'2011-05-05','2100-01-01',2,'ELISDA07 Index',1,'192.168.0.0'),(22,1,'swap',8,'Years',188,'2011-05-05','2100-01-01',2,'ELISDA08 Index',1,'192.168.0.0'),(23,1,'swap',9,'Years',189,'2011-05-05','2100-01-01',2,'ELISDA09 Index',1,'192.168.0.0'),(24,1,'swap',10,'Years',190,'2011-05-05','2100-01-01',2,'ELISDA10 Index',1,'192.168.0.0'),(25,1,'swap',12,'Years',191,'2011-05-05','2100-01-01',2,'ELISDA12 Index',1,'192.168.0.0'),(26,1,'swap',15,'Years',192,'2011-05-05','2100-01-01',2,'ELISDA15 Index',1,'192.168.0.0'),(27,1,'swap',20,'Years',193,'2011-05-05','2100-01-01',2,'ELISDA20 Index',1,'192.168.0.0'),(28,1,'swap',25,'Years',194,'2011-05-05','2100-01-01',2,'ELISDA25 Index',1,'192.168.0.0'),(29,1,'swap',30,'Years',195,'2011-05-05','2100-01-01',2,'ELISDA30 Index',1,'192.168.0.0'),(30,2,'deposit',1,'Days',46,'2011-05-05','2100-01-01',2,'US00O/N Index',1,'192.168.0.0'),(31,2,'deposit',1,'Weeks',47,'2011-05-05','2100-01-01',2,'US0001W Index',1,'192.168.0.0'),(32,2,'deposit',2,'Weeks',48,'2011-05-05','2100-01-01',2,'US0002W Index',1,'192.168.0.0'),(33,2,'deposit',1,'Months',49,'2011-05-05','2100-01-01',2,'US0001M Index',1,'192.168.0.0'),(34,2,'deposit',2,'Months',50,'2011-05-05','2100-01-01',2,'US0002M Index',1,'192.168.0.0'),(35,2,'deposit',3,'Months',51,'2011-05-05','2100-01-01',2,'US0003M Index',1,'192.168.0.0'),(36,2,'deposit',4,'Months',52,'2011-05-05','2100-01-01',2,'US0004M Index',1,'192.168.0.0'),(37,2,'deposit',5,'Months',53,'2011-05-05','2100-01-01',2,'US0005M Index',1,'192.168.0.0'),(38,2,'deposit',6,'Months',54,'2011-05-05','2100-01-01',2,'US0006M Index',1,'192.168.0.0'),(39,2,'deposit',7,'Months',55,'2011-05-05','2100-01-01',2,'US0007M Index',1,'192.168.0.0'),(40,2,'deposit',8,'Months',56,'2011-05-05','2100-01-01',2,'US0008M Index',1,'192.168.0.0'),(41,2,'deposit',9,'Months',57,'2011-05-05','2100-01-01',2,'US0009M Index',1,'192.168.0.0'),(42,2,'deposit',10,'Months',58,'2011-05-05','2100-01-01',2,'US0010M Index',1,'192.168.0.0'),(43,2,'deposit',11,'Months',59,'2011-05-05','2100-01-01',2,'US0011M Index',1,'192.168.0.0'),(44,2,'deposit',12,'Months',60,'2011-05-05','2100-01-01',2,'US0012M Index',1,'192.168.0.0'),(45,2,'swap',2,'Years',272,'2011-05-05','2100-01-01',2,'USISDA02 Index',1,'192.168.0.0'),(46,2,'swap',3,'Years',273,'2011-05-05','2100-01-01',2,'USISDA03 Index',1,'192.168.0.0'),(47,2,'swap',4,'Years',274,'2011-05-05','2100-01-01',2,'USISDA04 Index',1,'192.168.0.0'),(48,2,'swap',5,'Years',275,'2011-05-05','2100-01-01',2,'USISDA05 Index',1,'192.168.0.0'),(49,2,'swap',6,'Years',276,'2011-05-05','2100-01-01',2,'USISDA06 Index',1,'192.168.0.0'),(50,2,'swap',7,'Years',277,'2011-05-05','2100-01-01',2,'USISDA07 Index',1,'192.168.0.0'),(51,2,'swap',8,'Years',278,'2011-05-05','2100-01-01',2,'USISDA08 Index',1,'192.168.0.0'),(52,2,'swap',9,'Years',279,'2011-05-05','2100-01-01',2,'USISDA09 Index',1,'192.168.0.0'),(53,2,'swap',10,'Years',280,'2011-05-05','2100-01-01',2,'USISDA10 Index',1,'192.168.0.0'),(54,2,'swap',15,'Years',281,'2011-05-05','2100-01-01',2,'USISDA15 Index',1,'192.168.0.0'),(55,2,'swap',20,'Years',282,'2011-05-05','2100-01-01',2,'USISDA20 Index',1,'192.168.0.0'),(56,2,'swap',30,'Years',283,'2011-05-05','2100-01-01',2,'USISDA30 Index',1,'192.168.0.0'),(57,3,'deposit',1,'Days',61,'2011-05-05','2100-01-01',2,'BP00O/N Index',1,'192.168.0.0'),(58,3,'deposit',1,'Weeks',62,'2011-05-05','2100-01-01',2,'BP0001W Index',1,'192.168.0.0'),(59,3,'deposit',2,'Weeks',63,'2011-05-05','2100-01-01',2,'BP0002W Index',1,'192.168.0.0'),(60,3,'deposit',1,'Months',64,'2011-05-05','2100-01-01',2,'BP0001M Index',1,'192.168.0.0'),(61,3,'deposit',2,'Months',65,'2011-05-05','2100-01-01',2,'BP0002M Index',1,'192.168.0.0'),(62,3,'deposit',3,'Months',66,'2011-05-05','2100-01-01',2,'BP0003M Index',1,'192.168.0.0'),(63,3,'deposit',4,'Months',67,'2011-05-05','2100-01-01',2,'BP0004M Index',1,'192.168.0.0'),(64,3,'deposit',5,'Months',68,'2011-05-05','2100-01-01',2,'BP0005M Index',1,'192.168.0.0'),(65,3,'deposit',6,'Months',69,'2011-05-05','2100-01-01',2,'BP0006M Index',1,'192.168.0.0'),(66,3,'deposit',7,'Months',70,'2011-05-05','2100-01-01',2,'BP0007M Index',1,'192.168.0.0'),(67,3,'deposit',8,'Months',71,'2011-05-05','2100-01-01',2,'BP0008M Index',1,'192.168.0.0'),(68,3,'deposit',9,'Months',72,'2011-05-05','2100-01-01',2,'BP0009M Index',1,'192.168.0.0'),(69,3,'deposit',10,'Months',73,'2011-05-05','2100-01-01',2,'BP0010M Index',1,'192.168.0.0'),(70,3,'deposit',11,'Months',74,'2011-05-05','2100-01-01',2,'BP0011M Index',1,'192.168.0.0'),(71,3,'deposit',1,'Years',75,'2011-05-05','2100-01-01',2,'BP0012M Index',1,'192.168.0.0'),(72,3,'swap',2,'Years',257,'2011-05-05','2100-01-01',2,'BPISDB02 Index',1,'192.168.0.0'),(73,3,'swap',3,'Years',258,'2011-05-05','2100-01-01',2,'BPISDB03 Index',1,'192.168.0.0'),(74,3,'swap',4,'Years',259,'2011-05-05','2100-01-01',2,'BPISDB04 Index',1,'192.168.0.0'),(75,3,'swap',5,'Years',260,'2011-05-05','2100-01-01',2,'BPISDB05 Index',1,'192.168.0.0'),(76,3,'swap',6,'Years',261,'2011-05-05','2100-01-01',2,'BPISDB06 Index',1,'192.168.0.0'),(77,3,'swap',7,'Years',262,'2011-05-05','2100-01-01',2,'BPISDB07 Index',1,'192.168.0.0'),(78,3,'swap',8,'Years',263,'2011-05-05','2100-01-01',2,'BPISDB08 Index',1,'192.168.0.0'),(79,3,'swap',9,'Years',264,'2011-05-05','2100-01-01',2,'BPISDB09 Index',1,'192.168.0.0'),(80,3,'swap',10,'Years',265,'2011-05-05','2100-01-01',2,'BPISDB10 Index',1,'192.168.0.0'),(81,3,'swap',12,'Years',266,'2011-05-05','2100-01-01',2,'BPISDB12 Index',1,'192.168.0.0'),(82,3,'swap',15,'Years',267,'2011-05-05','2100-01-01',2,'BPISDB15 Index',1,'192.168.0.0'),(83,3,'swap',20,'Years',268,'2011-05-05','2100-01-01',2,'BPISDB20 Index',1,'192.168.0.0'),(84,3,'swap',25,'Years',269,'2011-05-05','2100-01-01',2,'BPISDB25 Index',1,'192.168.0.0'),(85,3,'swap',30,'Years',270,'2011-05-05','2100-01-01',2,'BPISDB30 Index',1,'192.168.0.0'),(86,4,'deposit',1,'Days',136,'2011-05-05','2100-01-01',2,'JY00S/N Index',1,'192.168.0.0'),(87,4,'deposit',1,'Weeks',137,'2011-05-05','2100-01-01',2,'JY0001W Index',1,'192.168.0.0'),(88,4,'deposit',2,'Weeks',138,'2011-05-05','2100-01-01',2,'JY0002W Index',1,'192.168.0.0'),(89,4,'deposit',1,'Months',139,'2011-05-05','2100-01-01',2,'JY0001M Index',1,'192.168.0.0'),(90,4,'deposit',2,'Months',140,'2011-05-05','2100-01-01',2,'JY0002M Index',1,'192.168.0.0'),(91,4,'deposit',3,'Months',141,'2011-05-05','2100-01-01',2,'JY0003M Index',1,'192.168.0.0'),(92,4,'deposit',4,'Months',142,'2011-05-05','2100-01-01',2,'JY0004M Index',1,'192.168.0.0'),(93,4,'deposit',5,'Months',143,'2011-05-05','2100-01-01',2,'JY0005M Index',1,'192.168.0.0'),(94,4,'deposit',6,'Months',144,'2011-05-05','2100-01-01',2,'JY0006M Index',1,'192.168.0.0'),(95,4,'deposit',7,'Months',145,'2011-05-05','2100-01-01',2,'JY0007M Index',1,'192.168.0.0'),(96,4,'deposit',8,'Months',146,'2011-05-05','2100-01-01',2,'JY0008M Index',1,'192.168.0.0'),(97,4,'deposit',9,'Months',147,'2011-05-05','2100-01-01',2,'JY0009M Index',1,'192.168.0.0'),(98,4,'deposit',10,'Months',148,'2011-05-05','2100-01-01',2,'JY0010M Index',1,'192.168.0.0'),(99,4,'deposit',11,'Months',149,'2011-05-05','2100-01-01',2,'JY0011M Index',1,'192.168.0.0'),(100,4,'deposit',1,'Years',150,'2011-05-05','2100-01-01',2,'JY0012M Index',1,'192.168.0.0'),(101,4,'swap',2,'Years',298,'2011-05-05','2100-01-01',2,'JYISDA02 Index',1,'192.168.0.0'),(102,4,'swap',3,'Years',299,'2011-05-05','2100-01-01',2,'JYISDA03 Index',1,'192.168.0.0'),(103,4,'swap',4,'Years',300,'2011-05-05','2100-01-01',2,'JYISDA04 Index',1,'192.168.0.0'),(104,4,'swap',5,'Years',301,'2011-05-05','2100-01-01',2,'JYISDA05 Index',1,'192.168.0.0'),(105,4,'swap',6,'Years',302,'2011-05-05','2100-01-01',2,'JYISDA06 Index',1,'192.168.0.0'),(106,4,'swap',7,'Years',303,'2011-05-05','2100-01-01',2,'JYISDA07 Index',1,'192.168.0.0'),(107,4,'swap',8,'Years',304,'2011-05-05','2100-01-01',2,'JYISDA08 Index',1,'192.168.0.0'),(108,4,'swap',9,'Years',305,'2011-05-05','2100-01-01',2,'JYISDA09 Index',1,'192.168.0.0'),(109,4,'swap',10,'Years',306,'2011-05-05','2100-01-01',2,'JYISDA10 Index',1,'192.168.0.0'),(110,4,'swap',12,'Years',307,'2011-05-05','2100-01-01',2,'JYISDA12 Index',1,'192.168.0.0'),(111,4,'swap',15,'Years',308,'2011-05-05','2100-01-01',2,'JYISDA15 Index',1,'192.168.0.0'),(112,4,'swap',20,'Years',309,'2011-05-05','2100-01-01',2,'JYISDA20 Index',1,'192.168.0.0'),(113,4,'swap',25,'Years',310,'2011-05-05','2100-01-01',2,'JYISDA25 Index',1,'192.168.0.0'),(114,4,'swap',30,'Years',311,'2011-05-05','2100-01-01',2,'JYISDA30 Index',1,'192.168.0.0'),(115,4,'swap',35,'Years',312,'2011-05-05','2100-01-01',2,'JYISDA35 Index',1,'192.168.0.0'),(116,4,'swap',40,'Years',313,'2011-05-05','2100-01-01',2,'JYISDA40 Index',1,'192.168.0.0'),(117,5,'deposit',1,'Days',106,'2011-05-05','2100-01-01',2,'SF00S/N Index',1,'192.168.0.0'),(118,5,'deposit',1,'Weeks',107,'2011-05-05','2100-01-01',2,'SF0001W Index',1,'192.168.0.0'),(119,5,'deposit',2,'Weeks',108,'2011-05-05','2100-01-01',2,'SF0002W Index',1,'192.168.0.0'),(120,5,'deposit',1,'Months',109,'2011-05-05','2100-01-01',2,'SF0001M Index',1,'192.168.0.0'),(121,5,'deposit',2,'Months',110,'2011-05-05','2100-01-01',2,'SF0002M Index',1,'192.168.0.0'),(122,5,'deposit',3,'Months',111,'2011-05-05','2100-01-01',2,'SF0003M Index',1,'192.168.0.0'),(123,5,'deposit',4,'Months',112,'2011-05-05','2100-01-01',2,'SF0004M Index',1,'192.168.0.0'),(124,5,'deposit',5,'Months',113,'2011-05-05','2100-01-01',2,'SF0005M Index',1,'192.168.0.0'),(125,5,'deposit',6,'Months',114,'2011-05-05','2100-01-01',2,'SF0006M Index',1,'192.168.0.0'),(126,5,'deposit',7,'Months',115,'2011-05-05','2100-01-01',2,'SF0007M Index',1,'192.168.0.0'),(127,5,'deposit',8,'Months',116,'2011-05-05','2100-01-01',2,'SF0008M Index',1,'192.168.0.0'),(128,5,'deposit',9,'Months',117,'2011-05-05','2100-01-01',2,'SF0009M Index',1,'192.168.0.0'),(129,5,'deposit',10,'Months',118,'2011-05-05','2100-01-01',2,'SF0010M Index',1,'192.168.0.0'),(130,5,'deposit',11,'Months',119,'2011-05-05','2100-01-01',2,'SF0011M Index',1,'192.168.0.0'),(131,5,'deposit',1,'Years',120,'2011-05-05','2100-01-01',2,'SF0012M Index',1,'192.168.0.0'),(132,5,'swap',2,'Years',332,'2011-05-05','2100-01-01',2,'SFISDA02 Index',1,'192.168.0.0'),(133,5,'swap',3,'Years',333,'2011-05-05','2100-01-01',2,'SFISDA03 Index',1,'192.168.0.0'),(134,5,'swap',4,'Years',334,'2011-05-05','2100-01-01',2,'SFISDA04 Index',1,'192.168.0.0'),(135,5,'swap',5,'Years',335,'2011-05-05','2100-01-01',2,'SFISDA05 Index',1,'192.168.0.0'),(136,5,'swap',6,'Years',336,'2011-05-05','2100-01-01',2,'SFISDA06 Index',1,'192.168.0.0'),(137,5,'swap',7,'Years',337,'2011-05-05','2100-01-01',2,'SFISDA07 Index',1,'192.168.0.0'),(138,5,'swap',8,'Years',338,'2011-05-05','2100-01-01',2,'SFISDA08 Index',1,'192.168.0.0'),(139,5,'swap',9,'Years',339,'2011-05-05','2100-01-01',2,'SFISDA09 Index',1,'192.168.0.0'),(140,5,'swap',10,'Years',340,'2011-05-05','2100-01-01',2,'SFISDA10 Index',1,'192.168.0.0'),(141,6,'deposit',1,'Days',76,'2011-05-05','2100-01-01',2,'AU00S/N Index',1,'192.168.0.0'),(142,6,'deposit',1,'Weeks',77,'2011-05-05','2100-01-01',2,'AU0001W Index',1,'192.168.0.0'),(143,6,'deposit',2,'Weeks',78,'2011-05-05','2100-01-01',2,'AU0002W Index',1,'192.168.0.0'),(144,6,'deposit',1,'Months',79,'2011-05-05','2100-01-01',2,'AU0001M Index',1,'192.168.0.0'),(145,6,'deposit',2,'Months',80,'2011-05-05','2100-01-01',2,'AU0002M Index',1,'192.168.0.0'),(146,6,'deposit',3,'Months',81,'2011-05-05','2100-01-01',2,'AU0003M Index',1,'192.168.0.0'),(147,6,'deposit',4,'Months',82,'2011-05-05','2100-01-01',2,'AU0004M Index',1,'192.168.0.0'),(148,6,'deposit',5,'Months',83,'2011-05-05','2100-01-01',2,'AU0005M Index',1,'192.168.0.0'),(149,6,'deposit',6,'Months',84,'2011-05-05','2100-01-01',2,'AU0006M Index',1,'192.168.0.0'),(150,6,'deposit',7,'Months',85,'2011-05-05','2100-01-01',2,'AU0007M Index',1,'192.168.0.0'),(151,6,'deposit',8,'Months',86,'2011-05-05','2100-01-01',2,'AU0008M Index',1,'192.168.0.0'),(152,6,'deposit',9,'Months',87,'2011-05-05','2100-01-01',2,'AU0009M Index',1,'192.168.0.0'),(153,6,'deposit',10,'Months',88,'2011-05-05','2100-01-01',2,'AU0010M Index',1,'192.168.0.0'),(154,6,'deposit',11,'Months',89,'2011-05-05','2100-01-01',2,'AU0011M Index',1,'192.168.0.0'),(155,6,'deposit',1,'Years',90,'2011-05-05','2100-01-01',2,'AU0012M Index',1,'192.168.0.0'),(156,7,'bond',NULL,NULL,1,'2011-05-05','2100-01-01',2,'BBG0021QSNX9',1,'192.168.0.0'),(157,7,'bond',NULL,NULL,2,'2011-05-05','2100-01-01',2,'BBG00299NXW3',1,'192.168.0.0'),(158,7,'bond',NULL,NULL,3,'2011-05-05','2100-01-01',2,'BBG0018GZWF8',1,'192.168.0.0'),(159,7,'bond',NULL,NULL,4,'2011-05-05','2100-01-01',2,'BBG0027TX6R5',1,'192.168.0.0'),(160,7,'bond',NULL,NULL,5,'2011-05-05','2100-01-01',2,'BBG0000P57P5',1,'192.168.0.0'),(161,7,'bond',NULL,NULL,6,'2011-05-05','2100-01-01',2,'BBG001629W06',1,'192.168.0.0'),(162,7,'bond',NULL,NULL,7,'2011-05-05','2100-01-01',2,'BBG00241GZ85',1,'192.168.0.0'),(163,7,'bond',NULL,NULL,8,'2011-05-05','2100-01-01',2,'BBG0000G0YH0',1,'192.168.0.0'),(164,7,'bond',NULL,NULL,9,'2011-05-05','2100-01-01',2,'BBG0000GV721',1,'192.168.0.0'),(165,7,'bond',NULL,NULL,10,'2011-05-05','2100-01-01',2,'BBG0000NZV56',1,'192.168.0.0'),(166,7,'bond',NULL,NULL,11,'2011-05-05','2100-01-01',2,'BBG00192Z4Y9',1,'192.168.0.0'),(167,7,'bond',NULL,NULL,12,'2011-05-05','2100-01-01',2,'BBG002843898',1,'192.168.0.0'),(168,7,'bond',NULL,NULL,13,'2011-05-05','2100-01-01',2,'BBG00004JGM0',1,'192.168.0.0'),(169,7,'bond',NULL,NULL,14,'2011-05-05','2100-01-01',2,'BBG00003FDB5',1,'192.168.0.0'),(170,7,'bond',NULL,NULL,15,'2011-05-05','2100-01-01',2,'BBG00009R1F1',1,'192.168.0.0'),(171,7,'bond',NULL,NULL,16,'2011-05-05','2100-01-01',2,'BBG0000HMS32',1,'192.168.0.0'),(172,8,'bond',NULL,NULL,17,'2011-05-05','2100-01-01',2,'BBG001D05T30',1,'192.168.0.0'),(173,8,'bond',NULL,NULL,18,'2011-05-05','2100-01-01',2,'BBG002B1FNY6',1,'192.168.0.0'),(174,8,'bond',NULL,NULL,19,'2011-05-05','2100-01-01',2,'BBG0029NLLN0',1,'192.168.0.0'),(175,8,'bond',NULL,NULL,20,'2011-05-05','2100-01-01',2,'BBG00217KKP4',1,'192.168.0.0'),(176,8,'bond',NULL,NULL,21,'2011-05-05','2100-01-01',2,'BBG0029NLLY8',1,'192.168.0.0'),(177,8,'bond',NULL,NULL,22,'2011-05-05','2100-01-01',2,'BBG001PGS2Q1',1,'192.168.0.0'),(178,8,'bond',NULL,NULL,23,'2011-05-05','2100-01-01',2,'BBG00005ZRC6',1,'192.168.0.0'),(179,8,'bond',NULL,NULL,24,'2011-05-05','2100-01-01',2,'BBG0000M50P7',1,'192.168.0.0'),(180,8,'bond',NULL,NULL,25,'2011-05-05','2100-01-01',2,'BBG001QYZVW2',1,'192.168.0.0'),(181,8,'bond',NULL,NULL,26,'2011-05-05','2100-01-01',2,'BBG0000K5K04',1,'192.168.0.0'),(182,8,'bond',NULL,NULL,27,'2011-05-05','2100-01-01',2,'BBG00003LM64',1,'192.168.0.0'),(183,8,'bond',NULL,NULL,28,'2011-05-05','2100-01-01',2,'BBG000025Z10',1,'192.168.0.0'),(184,8,'bond',NULL,NULL,29,'2011-05-05','2100-01-01',2,'BBG00170MMC3',1,'192.168.0.0'),(185,8,'bond',NULL,NULL,30,'2011-05-05','2100-01-01',2,'BBG001QHH413',1,'192.168.0.0'),(186,8,'bond',NULL,NULL,31,'2011-05-05','2100-01-01',2,'BBG00002G462',1,'192.168.0.0'),(187,8,'bond',NULL,NULL,32,'2011-05-05','2100-01-01',2,'BBG00005JWW1',1,'192.168.0.0'),(188,8,'bond',NULL,NULL,33,'2011-05-05','2100-01-01',2,'BBG000040BK3',1,'192.168.0.0'),(189,8,'bond',NULL,NULL,34,'2011-05-05','2100-01-01',2,'BBG0000BPTX7',1,'192.168.0.0'),(190,8,'bond',NULL,NULL,35,'2011-05-05','2100-01-01',2,'BBG0000TZ0C3',1,'192.168.0.0'),(191,10,'bond',NULL,NULL,36,'2011-05-05','2100-01-01',2,'BBG001KQRMG2',1,'192.168.0.0'),(192,10,'bond',NULL,NULL,37,'2011-05-05','2100-01-01',2,'BBG001BCT7Q3',1,'192.168.0.0'),(193,10,'bond',NULL,NULL,38,'2011-05-05','2100-01-01',2,'BBG001QZVKT1',1,'192.168.0.0'),(194,10,'bond',NULL,NULL,39,'2011-05-05','2100-01-01',2,'BBG002B4FB03',1,'192.168.0.0'),(195,10,'bond',NULL,NULL,40,'2011-05-05','2100-01-01',2,'BBG0000WJPF6',1,'192.168.0.0'),(196,10,'bond',NULL,NULL,41,'2011-05-05','2100-01-01',2,'BBG001LSDDP2',1,'192.168.0.0'),(197,10,'bond',NULL,NULL,42,'2011-05-05','2100-01-01',2,'BBG00007WDW4',1,'192.168.0.0'),(198,10,'bond',NULL,NULL,43,'2011-05-05','2100-01-01',2,'BBG002129RT9',1,'192.168.0.0'),(199,10,'bond',NULL,NULL,44,'2011-05-05','2100-01-01',2,'BBG0000M4005',1,'192.168.0.0'),(200,10,'bond',NULL,NULL,45,'2011-05-05','2100-01-01',2,'BBG0000LRTW4',1,'192.168.0.0'),(201,10,'bond',NULL,NULL,46,'2011-05-05','2100-01-01',2,'BBG0000Y8TB0',1,'192.168.0.0'),(202,10,'bond',NULL,NULL,47,'2011-05-05','2100-01-01',2,'BBG0000DWZ61',1,'192.168.0.0'),(203,10,'bond',NULL,NULL,48,'2011-05-05','2100-01-01',2,'BBG001DGY848',1,'192.168.0.0'),(204,10,'bond',NULL,NULL,49,'2011-05-05','2100-01-01',2,'BBG001KKJTK4',1,'192.168.0.0'),(205,10,'bond',NULL,NULL,50,'2011-05-05','2100-01-01',2,'BBG000023K79',1,'192.168.0.0'),(206,10,'bond',NULL,NULL,51,'2011-05-05','2100-01-01',2,'BBG00008X852',1,'192.168.0.0'),(207,11,'bond',NULL,NULL,52,'2011-05-05','2100-01-01',2,'BBG00004C2T1',1,'192.168.0.0'),(208,11,'bond',NULL,NULL,53,'2011-05-05','2100-01-01',2,'BBG00008PNP6',1,'192.168.0.0'),(209,11,'bond',NULL,NULL,54,'2011-05-05','2100-01-01',2,'BBG00001N8H5',1,'192.168.0.0'),(210,11,'bond',NULL,NULL,55,'2011-05-05','2100-01-01',2,'BBG0000KQJ40',1,'192.168.0.0'),(211,11,'bond',NULL,NULL,56,'2011-05-05','2100-01-01',2,'BBG0000C8Q06',1,'192.168.0.0'),(212,11,'bond',NULL,NULL,57,'2011-05-05','2100-01-01',2,'BBG0000F9R33',1,'192.168.0.0'),(213,11,'bond',NULL,NULL,58,'2011-05-05','2100-01-01',2,'BBG0000FCX63',1,'192.168.0.0'),(214,9,'bond',NULL,NULL,59,'2011-05-05','2100-01-01',2,'BBG002132VC3',1,'192.168.0.0'),(215,9,'bond',NULL,NULL,60,'2011-05-05','2100-01-01',2,'BBG0029S5ZP4',1,'192.168.0.0'),(216,9,'bond',NULL,NULL,61,'2011-05-05','2100-01-01',2,'BBG0029S5YX8',1,'192.168.0.0'),(217,9,'bond',NULL,NULL,62,'2011-05-05','2100-01-01',2,'BBG0017Z95V7',1,'192.168.0.0'),(218,9,'bond',NULL,NULL,63,'2011-05-05','2100-01-01',2,'BBG0028ZGC69',1,'192.168.0.0'),(219,9,'bond',NULL,NULL,64,'2011-05-05','2100-01-01',2,'BBG0018NRZ83',1,'192.168.0.0'),(220,9,'bond',NULL,NULL,65,'2011-05-05','2100-01-01',2,'BBG0021VT6X4',1,'192.168.0.0'),(221,9,'bond',NULL,NULL,66,'2011-05-05','2100-01-01',2,'BBG0000K2YV3',1,'192.168.0.0'),(222,9,'bond',NULL,NULL,67,'2011-05-05','2100-01-01',2,'BBG0000VWTC8',1,'192.168.0.0'),(223,9,'bond',NULL,NULL,68,'2011-05-05','2100-01-01',2,'BBG0000KW3R3',1,'192.168.0.0'),(224,9,'bond',NULL,NULL,69,'2011-05-05','2100-01-01',2,'BBG0015DRNY6',1,'192.168.0.0'),(225,9,'bond',NULL,NULL,70,'2011-05-05','2100-01-01',2,'BBG002132WB2',1,'192.168.0.0'),(226,9,'bond',NULL,NULL,71,'2011-05-05','2100-01-01',2,'BBG00001RQ45',1,'192.168.0.0'),(227,9,'bond',NULL,NULL,72,'2011-05-05','2100-01-01',2,'BBG00002VSW3',1,'192.168.0.0'),(228,9,'bond',NULL,NULL,73,'2011-05-05','2100-01-01',2,'BBG0000NHTZ8',1,'192.168.0.0'),(229,12,'bond',NULL,NULL,74,'2011-05-05','2100-01-01',2,'BBG002BLH7P5',1,'192.168.0.0'),(230,12,'bond',NULL,NULL,75,'2011-05-05','2100-01-01',2,'BBG002B494Z8',1,'192.168.0.0'),(231,12,'bond',NULL,NULL,76,'2011-05-05','2100-01-01',2,'BBG00007MQ29',1,'192.168.0.0'),(232,12,'bond',NULL,NULL,77,'2011-05-05','2100-01-01',2,'BBG0000L0KD3',1,'192.168.0.0'),(233,12,'bond',NULL,NULL,78,'2011-05-05','2100-01-01',2,'BBG0000HBQ92',1,'192.168.0.0'),(234,12,'bond',NULL,NULL,79,'2011-05-05','2100-01-01',2,'BBG0000HK3D8',1,'192.168.0.0'),(235,12,'bond',NULL,NULL,80,'2011-05-05','2100-01-01',2,'BBG000053D05',1,'192.168.0.0'),(236,12,'bond',NULL,NULL,81,'2011-05-05','2100-01-01',2,'BBG0000BW3V8',1,'192.168.0.0'),(237,12,'bond',NULL,NULL,82,'2011-05-05','2100-01-01',2,'BBG0000P6JD1',1,'192.168.0.0'),(238,12,'bond',NULL,NULL,83,'2011-05-05','2100-01-01',2,'BBG00003FJ40',1,'192.168.0.0'),(239,12,'bond',NULL,NULL,84,'2011-05-05','2100-01-01',2,'BBG0000TWQH4',1,'192.168.0.0'),(240,12,'bond',NULL,NULL,85,'2011-05-05','2100-01-01',2,'BBG00007G416',1,'192.168.0.0'),(241,12,'bond',NULL,NULL,86,'2011-05-05','2100-01-01',2,'BBG0000P7W32',1,'192.168.0.0'),(242,12,'bond',NULL,NULL,87,'2011-05-05','2100-01-01',2,'BBG00001G9Y2',1,'192.168.0.0'),(243,12,'bond',NULL,NULL,88,'2011-05-05','2100-01-01',2,'BBG0000GJ6J9',1,'192.168.0.0');
/*!40000 ALTER TABLE `ycentry` ENABLE KEYS */;
UNLOCK TABLES;

--
-- Table structure for table `ycentryhistory`
--

DROP TABLE IF EXISTS `ycentryhistory`;
/*!40101 SET @saved_cs_client     = @@character_set_client */;
/*!40101 SET character_set_client = utf8 */;
CREATE TABLE `ycentryhistory` (
  `Id` int(11) NOT NULL AUTO_INCREMENT,
  `YcEntryId` int(11) NOT NULL,
  `Date` date NOT NULL,
  `Value` double NOT NULL,
  `UserCreated` int(11) NOT NULL,
  `IpCreated` varchar(45) NOT NULL,
  PRIMARY KEY (`Id`),
  UNIQUE KEY `unique_pair` (`YcEntryId`,`Date`),
  KEY `fk_YcEntryHistory_UserCreated` (`UserCreated`),
  CONSTRAINT `fk_YcEntryHistory_UserCreated` FOREIGN KEY (`UserCreated`) REFERENCES `users` (`Id`) ON UPDATE CASCADE
) ENGINE=InnoDB AUTO_INCREMENT=6694 DEFAULT CHARSET=utf8;
/*!40101 SET character_set_client = @saved_cs_client */;

--
-- Dumping data for table `ycentryhistory`
--

LOCK TABLES `ycentryhistory` WRITE;
/*!40000 ALTER TABLE `ycentryhistory` DISABLE KEYS */;
INSERT INTO `ycentryhistory` VALUES (1,1,'2011-05-05',0.0087208,1,'192.168.0.0'),(2,2,'2011-05-05',0.01194758875,1,'192.168.0.0'),(3,3,'2011-05-05',0.01208621925,1,'192.168.0.0'),(4,4,'2011-05-05',0.01198437793,1,'192.168.0.0'),(5,5,'2011-05-05',0.012423855,1,'192.168.0.0'),(6,6,'2011-05-05',0.01366000014,1,'192.168.0.0'),(7,7,'2011-05-05',0.01474507776,1,'192.168.0.0'),(8,8,'2011-05-05',0.01548924,1,'192.168.0.0'),(9,9,'2011-05-05',0.016582405,1,'192.168.0.0'),(10,10,'2011-05-05',0.01727422396,1,'192.168.0.0'),(11,11,'2011-05-05',0.01810646976,1,'192.168.0.0'),(12,12,'2011-05-05',0.0190184625,1,'192.168.0.0'),(13,13,'2011-05-05',0.01979298125,1,'192.168.0.0'),(14,14,'2011-05-05',0.02034650125,1,'192.168.0.0'),(15,15,'2011-05-05',0.021117987,1,'192.168.0.0'),(16,16,'2011-05-05',0.024594159,1,'192.168.0.0'),(17,17,'2011-05-05',0.027522752,1,'192.168.0.0'),(18,18,'2011-05-05',0.029834447,1,'192.168.0.0'),(19,19,'2011-05-05',0.03158796,1,'192.168.0.0'),(20,20,'2011-05-05',0.032731852,1,'192.168.0.0'),(21,21,'2011-05-05',0.033455712,1,'192.168.0.0'),(22,22,'2011-05-05',0.034883184,1,'192.168.0.0'),(23,23,'2011-05-05',0.035262788,1,'192.168.0.0'),(24,24,'2011-05-05',0.03638884,1,'192.168.0.0'),(25,25,'2011-05-05',0.037389864,1,'192.168.0.0'),(26,26,'2011-05-05',0.03887648,1,'192.168.0.0'),(27,27,'2011-05-05',0.039912016,1,'192.168.0.0'),(28,28,'2011-05-05',0.039670106,1,'192.168.0.0'),(29,29,'2011-05-05',0.03820355,1,'192.168.0.0'),(30,30,'2011-05-05',0.0013140795,1,'192.168.0.0'),(31,31,'2011-05-05',0.0017243199,1,'192.168.0.0'),(32,32,'2011-05-05',0.001853412,1,'192.168.0.0'),(33,33,'2011-05-05',0.0020510714,1,'192.168.0.0'),(34,34,'2011-05-05',0.00237177875,1,'192.168.0.0'),(35,35,'2011-05-05',0.00270422825,1,'192.168.0.0'),(36,36,'2011-05-05',0.00311531825,1,'192.168.0.0'),(37,37,'2011-05-05',0.00369208875,1,'192.168.0.0'),(38,38,'2011-05-05',0.004238402,1,'192.168.0.0'),(39,39,'2011-05-05',0.00481217,1,'192.168.0.0'),(40,40,'2011-05-05',0.0053363,1,'192.168.0.0'),(41,41,'2011-05-05',0.00589775175,1,'192.168.0.0'),(42,42,'2011-05-05',0.00641198525,1,'192.168.0.0'),(43,43,'2011-05-05',0.006897551,1,'192.168.0.0'),(44,44,'2011-05-05',0.007552336,1,'192.168.0.0'),(45,45,'2011-05-05',0.007448928,1,'192.168.0.0'),(46,46,'2011-05-05',0.012203864,1,'192.168.0.0'),(47,47,'2011-05-05',0.01697132,1,'192.168.0.0'),(48,48,'2011-05-05',0.020720238,1,'192.168.0.0'),(49,49,'2011-05-05',0.02435589,1,'192.168.0.0'),(50,50,'2011-05-05',0.026832696,1,'192.168.0.0'),(51,51,'2011-05-05',0.029571184,1,'192.168.0.0'),(52,52,'2011-05-05',0.030821248,1,'192.168.0.0'),(53,53,'2011-05-05',0.032476955,1,'192.168.0.0'),(54,54,'2011-05-05',0.037121943,1,'192.168.0.0'),(55,55,'2011-05-05',0.039055572,1,'192.168.0.0'),(56,56,'2011-05-05',0.040366024,1,'192.168.0.0'),(57,57,'2011-05-05',0.00581227623,1,'192.168.0.0'),(58,58,'2011-05-05',0.00585089849,1,'192.168.0.0'),(59,59,'2011-05-05',0.005937955,1,'192.168.0.0'),(60,60,'2011-05-05',0.00623064917,1,'192.168.0.0'),(61,61,'2011-05-05',0.0070035,1,'192.168.0.0'),(62,62,'2011-05-05',0.00828948168,1,'192.168.0.0'),(63,63,'2011-05-05',0.00885972828,1,'192.168.0.0'),(64,64,'2011-05-05',0.01006488648,1,'192.168.0.0'),(65,65,'2011-05-05',0.01121775732,1,'192.168.0.0'),(66,66,'2011-05-05',0.0119927376,1,'192.168.0.0'),(67,67,'2011-05-05',0.0127630425,1,'192.168.0.0'),(68,68,'2011-05-05',0.01352715,1,'192.168.0.0'),(69,69,'2011-05-05',0.01435403125,1,'192.168.0.0'),(70,70,'2011-05-05',0.01519737375,1,'192.168.0.0'),(71,71,'2011-05-05',0.01570139104,1,'192.168.0.0'),(72,72,'2011-05-05',0.01570905,1,'192.168.0.0'),(73,73,'2011-05-05',0.01989108,1,'192.168.0.0'),(74,74,'2011-05-05',0.023590016,1,'192.168.0.0'),(75,75,'2011-05-05',0.026716778,1,'192.168.0.0'),(76,76,'2011-05-05',0.029058372,1,'192.168.0.0'),(77,77,'2011-05-05',0.031163116,1,'192.168.0.0'),(78,78,'2011-05-05',0.032807664,1,'192.168.0.0'),(79,79,'2011-05-05',0.03401531,1,'192.168.0.0'),(80,80,'2011-05-05',0.03574124,1,'192.168.0.0'),(81,81,'2011-05-05',0.036982946,1,'192.168.0.0'),(82,82,'2011-05-05',0.038630428,1,'192.168.0.0'),(83,83,'2011-05-05',0.039593026,1,'192.168.0.0'),(84,84,'2011-05-05',0.039742872,1,'192.168.0.0'),(85,85,'2011-05-05',0.040107964,1,'192.168.0.0'),(86,86,'2011-05-05',0.00114739649,1,'192.168.0.0'),(87,87,'2011-05-05',0.0012231625,1,'192.168.0.0'),(88,88,'2011-05-05',0.00126531,1,'192.168.0.0'),(89,89,'2011-05-05',0.00144188263,1,'192.168.0.0'),(90,90,'2011-05-05',0.00160288,1,'192.168.0.0'),(91,91,'2011-05-05',0.00195747378,1,'192.168.0.0'),(92,92,'2011-05-05',0.00245099353,1,'192.168.0.0'),(93,93,'2011-05-05',0.0030264,1,'192.168.0.0'),(94,94,'2011-05-05',0.00347807469,1,'192.168.0.0'),(95,95,'2011-05-05',0.00396539949,1,'192.168.0.0'),(96,96,'2011-05-05',0.0044502225,1,'192.168.0.0'),(97,97,'2011-05-05',0.00486928688,1,'192.168.0.0'),(98,98,'2011-05-05',0.00513078687,1,'192.168.0.0'),(99,99,'2011-05-05',0.00542862,1,'192.168.0.0'),(100,100,'2011-05-05',0.00568310796,1,'192.168.0.0'),(101,101,'2011-05-06',0.003624464,1,'192.168.0.0'),(102,102,'2011-05-06',0.0040248,1,'192.168.0.0'),(103,103,'2011-05-06',0.004617128,1,'192.168.0.0'),(104,104,'2011-05-06',0.005625143,1,'192.168.0.0'),(105,105,'2011-05-06',0.0066627,1,'192.168.0.0'),(106,106,'2011-05-06',0.008066905,1,'192.168.0.0'),(107,107,'2011-05-06',0.009399408,1,'192.168.0.0'),(108,108,'2011-05-06',0.01078056,1,'192.168.0.0'),(109,109,'2011-05-06',0.011992464,1,'192.168.0.0'),(110,110,'2011-05-06',0.014371453,1,'192.168.0.0'),(111,111,'2011-05-06',0.016932663,1,'192.168.0.0'),(112,112,'2011-05-06',0.019344512,1,'192.168.0.0'),(113,113,'2011-05-06',0.020176485,1,'192.168.0.0'),(114,114,'2011-05-06',0.020742052,1,'192.168.0.0'),(115,115,'2011-05-06',0.02111256,1,'192.168.0.0'),(116,116,'2011-05-06',0.021532206,1,'192.168.0.0'),(117,117,'2011-05-05',0.00073637986,1,'192.168.0.0'),(118,118,'2011-05-05',0.00096778717,1,'192.168.0.0'),(119,119,'2011-05-05',0.00113576316,1,'192.168.0.0'),(120,120,'2011-05-05',0.00140924,1,'192.168.0.0'),(121,121,'2011-05-05',0.0015896,1,'192.168.0.0'),(122,122,'2011-05-05',0.001834645,1,'192.168.0.0'),(123,123,'2011-05-05',0.00208068,1,'192.168.0.0'),(124,124,'2011-05-05',0.00231809002,1,'192.168.0.0'),(125,125,'2011-05-05',0.00259471972,1,'192.168.0.0'),(126,126,'2011-05-05',0.0029802,1,'192.168.0.0'),(127,127,'2011-05-05',0.00344517,1,'192.168.0.0'),(128,128,'2011-05-05',0.00401636139,1,'192.168.0.0'),(129,129,'2011-05-05',0.00445684853,1,'192.168.0.0'),(130,130,'2011-05-05',0.00496,1,'192.168.0.0'),(131,131,'2011-05-05',0.00556910865,1,'192.168.0.0'),(132,132,'2011-05-05',0.008653474,1,'192.168.0.0'),(133,133,'2011-05-05',0.01197868,1,'192.168.0.0'),(134,134,'2011-05-05',0.014540125,1,'192.168.0.0'),(135,135,'2011-05-05',0.017201745,1,'192.168.0.0'),(136,136,'2011-05-05',0.019029504,1,'192.168.0.0'),(137,137,'2011-05-05',0.020497345,1,'192.168.0.0'),(138,138,'2011-05-05',0.021695626,1,'192.168.0.0'),(139,139,'2011-05-05',0.02263521,1,'192.168.0.0'),(140,140,'2011-05-05',0.023950652,1,'192.168.0.0'),(141,1,'2011-09-05',0.0060372,1,'192.168.0.0'),(142,2,'2011-09-05',0.011892,1,'192.168.0.0'),(143,3,'2011-09-05',0.01201093025,1,'192.168.0.0'),(144,4,'2011-09-05',0.0121462425,1,'192.168.0.0'),(145,5,'2011-09-05',0.01235533392,1,'192.168.0.0'),(146,6,'2011-09-05',0.01384112,1,'192.168.0.0'),(147,7,'2011-09-05',0.01465388512,1,'192.168.0.0'),(148,8,'2011-09-05',0.01562859606,1,'192.168.0.0'),(149,9,'2011-09-05',0.0167598505,1,'192.168.0.0'),(150,10,'2011-09-05',0.0173043048,1,'192.168.0.0'),(151,11,'2011-09-05',0.01809192,1,'192.168.0.0'),(152,12,'2011-09-05',0.018903955,1,'192.168.0.0'),(153,13,'2011-09-05',0.0199008375,1,'192.168.0.0'),(154,14,'2011-09-05',0.0203208325,1,'192.168.0.0'),(155,15,'2011-09-05',0.0211498025,1,'192.168.0.0'),(156,16,'2011-05-10',0.022743516,1,'192.168.0.0'),(157,17,'2011-05-10',0.025406534,1,'192.168.0.0'),(158,18,'2011-05-10',0.027728932,1,'192.168.0.0'),(159,19,'2011-05-10',0.029438964,1,'192.168.0.0'),(160,20,'2011-05-10',0.03064858,1,'192.168.0.0'),(161,21,'2011-05-10',0.031908244,1,'192.168.0.0'),(162,22,'2011-05-10',0.032678982,1,'192.168.0.0'),(163,23,'2011-05-10',0.033548648,1,'192.168.0.0'),(164,24,'2011-05-10',0.03439488,1,'192.168.0.0'),(165,25,'2011-05-10',0.035596548,1,'192.168.0.0'),(166,26,'2011-05-10',0.037653408,1,'192.168.0.0'),(167,27,'2011-05-10',0.038185602,1,'192.168.0.0'),(168,28,'2011-05-10',0.03732677,1,'192.168.0.0'),(169,29,'2011-05-10',0.036648036,1,'192.168.0.0'),(170,30,'2011-09-05',0.00130940725,1,'192.168.0.0'),(171,31,'2011-09-05',0.00169435225,1,'192.168.0.0'),(172,32,'2011-09-05',0.0018056125,1,'192.168.0.0'),(173,33,'2011-09-05',0.0020310147,1,'192.168.0.0'),(174,34,'2011-09-05',0.002378246,1,'192.168.0.0'),(175,35,'2011-09-05',0.00263384825,1,'192.168.0.0'),(176,36,'2011-09-05',0.003086601,1,'192.168.0.0'),(177,37,'2011-09-05',0.003663432,1,'192.168.0.0'),(178,38,'2011-09-05',0.0042570485,1,'192.168.0.0'),(179,39,'2011-09-05',0.00481759575,1,'192.168.0.0'),(180,40,'2011-09-05',0.005347431,1,'192.168.0.0'),(181,41,'2011-09-05',0.00584600575,1,'192.168.0.0'),(182,42,'2011-09-05',0.00637727475,1,'192.168.0.0'),(183,43,'2011-09-05',0.006920838,1,'192.168.0.0'),(184,44,'2011-09-05',0.007393336,1,'192.168.0.0'),(185,45,'2011-09-05',0.007191975,1,'192.168.0.0'),(186,46,'2011-09-05',0.011940737,1,'192.168.0.0'),(187,47,'2011-09-05',0.016452746,1,'192.168.0.0'),(188,48,'2011-09-05',0.020264308,1,'192.168.0.0'),(189,49,'2011-09-05',0.023822294,1,'192.168.0.0'),(190,50,'2011-09-05',0.026778789,1,'192.168.0.0'),(191,51,'2011-09-05',0.028761592,1,'192.168.0.0'),(192,52,'2011-09-05',0.030766152,1,'192.168.0.0'),(193,53,'2011-09-05',0.032324404,1,'192.168.0.0'),(194,54,'2011-09-05',0.036872496,1,'192.168.0.0'),(195,55,'2011-09-05',0.03903569,1,'192.168.0.0'),(196,56,'2011-09-05',0.040392288,1,'192.168.0.0'),(197,57,'2011-09-05',0.00578701812,1,'192.168.0.0'),(198,58,'2011-09-05',0.00592145632,1,'192.168.0.0'),(199,59,'2011-09-05',0.005997705,1,'192.168.0.0'),(200,60,'2011-09-05',0.00622626976,1,'192.168.0.0'),(201,61,'2011-09-05',0.0069699,1,'192.168.0.0'),(202,62,'2011-09-05',0.00823688136,1,'192.168.0.0'),(203,63,'2011-09-05',0.00897152578,1,'192.168.0.0'),(204,64,'2011-09-05',0.01008592596,1,'192.168.0.0'),(205,65,'2011-09-05',0.01103633031,1,'192.168.0.0'),(206,66,'2011-09-05',0.01184391078,1,'192.168.0.0'),(207,67,'2011-09-05',0.012817305,1,'192.168.0.0'),(208,68,'2011-09-05',0.0137493275,1,'192.168.0.0'),(209,69,'2011-09-05',0.014358965,1,'192.168.0.0'),(210,70,'2011-09-05',0.01501845625,1,'192.168.0.0'),(211,71,'2011-09-05',0.0159848268,1,'192.168.0.0'),(212,72,'2011-09-05',0.015422319,1,'192.168.0.0'),(213,73,'2011-09-05',0.019200489,1,'192.168.0.0'),(214,74,'2011-09-05',0.0228068,1,'192.168.0.0'),(215,75,'2011-09-05',0.02618833,1,'192.168.0.0'),(216,76,'2011-09-05',0.02890664,1,'192.168.0.0'),(217,77,'2011-09-05',0.03074838,1,'192.168.0.0'),(218,78,'2011-09-05',0.032439906,1,'192.168.0.0'),(219,79,'2011-09-05',0.033726832,1,'192.168.0.0'),(220,80,'2011-09-05',0.035248731,1,'192.168.0.0'),(221,81,'2011-09-05',0.0373256,1,'192.168.0.0'),(222,82,'2011-09-05',0.038416442,1,'192.168.0.0'),(223,83,'2011-09-05',0.039696462,1,'192.168.0.0'),(224,84,'2011-09-05',0.040069805,1,'192.168.0.0'),(225,85,'2011-09-05',0.040294533,1,'192.168.0.0'),(226,86,'2011-09-05',0.00113367573,1,'192.168.0.0'),(227,87,'2011-09-05',0.00122123,1,'192.168.0.0'),(228,88,'2011-09-05',0.00126565625,1,'192.168.0.0'),(229,89,'2011-09-05',0.00142643358,1,'192.168.0.0'),(230,90,'2011-09-05',0.00160048,1,'192.168.0.0'),(231,91,'2011-09-05',0.0019641252,1,'192.168.0.0'),(232,92,'2011-09-05',0.00242230419,1,'192.168.0.0'),(233,93,'2011-09-05',0.0029636,1,'192.168.0.0'),(234,94,'2011-09-05',0.00344523984,1,'192.168.0.0'),(235,95,'2011-09-05',0.0039319686,1,'192.168.0.0'),(236,96,'2011-09-05',0.0043798475,1,'192.168.0.0'),(237,97,'2011-09-05',0.00482400704,1,'192.168.0.0'),(238,98,'2011-09-05',0.00505830078,1,'192.168.0.0'),(239,99,'2011-09-05',0.005410475,1,'192.168.0.0'),(240,100,'2011-09-05',0.00560138172,1,'192.168.0.0'),(241,101,'2011-05-10',0.003599145,1,'192.168.0.0'),(242,102,'2011-05-10',0.004064658,1,'192.168.0.0'),(243,103,'2011-05-10',0.004630772,1,'192.168.0.0'),(244,104,'2011-05-10',0.005588928,1,'192.168.0.0'),(245,105,'2011-05-10',0.006760325,1,'192.168.0.0'),(246,106,'2011-05-10',0.008060514,1,'192.168.0.0'),(247,107,'2011-05-10',0.00937086,1,'192.168.0.0'),(248,108,'2011-05-10',0.010701029,1,'192.168.0.0'),(249,109,'2011-05-10',0.011997194,1,'192.168.0.0'),(250,110,'2011-05-10',0.014249482,1,'192.168.0.0'),(251,111,'2011-05-10',0.01657809,1,'192.168.0.0'),(252,112,'2011-05-10',0.019164656,1,'192.168.0.0'),(253,113,'2011-05-10',0.020272896,1,'192.168.0.0'),(254,114,'2011-05-10',0.020457486,1,'192.168.0.0'),(255,115,'2011-05-10',0.02097422,1,'192.168.0.0'),(256,116,'2011-05-10',0.021236579,1,'192.168.0.0'),(257,117,'2011-09-05',0.00072912019,1,'192.168.0.0'),(258,118,'2011-09-05',0.0009696375,1,'192.168.0.0'),(259,119,'2011-09-05',0.0011165625,1,'192.168.0.0'),(260,120,'2011-09-05',0.00136888672,1,'192.168.0.0'),(261,121,'2011-09-05',0.00158928,1,'192.168.0.0'),(262,122,'2011-09-05',0.00184576644,1,'192.168.0.0'),(263,123,'2011-09-05',0.00208642495,1,'192.168.0.0'),(264,124,'2011-09-05',0.00229083489,1,'192.168.0.0'),(265,125,'2011-09-05',0.00257425845,1,'192.168.0.0'),(266,126,'2011-09-05',0.00299284656,1,'192.168.0.0'),(267,127,'2011-09-05',0.003450345,1,'192.168.0.0'),(268,128,'2011-09-05',0.00399208688,1,'192.168.0.0'),(269,129,'2011-09-05',0.00447836235,1,'192.168.0.0'),(270,130,'2011-09-05',0.00496028332,1,'192.168.0.0'),(271,131,'2011-09-05',0.00551004,1,'192.168.0.0'),(272,132,'2011-09-05',0.007729075,1,'192.168.0.0'),(273,133,'2011-09-05',0.01086912,1,'192.168.0.0'),(274,134,'2011-09-05',0.01360149,1,'192.168.0.0'),(275,135,'2011-09-05',0.01589205,1,'192.168.0.0'),(276,136,'2011-09-05',0.017702988,1,'192.168.0.0'),(277,137,'2011-09-05',0.01924674,1,'192.168.0.0'),(278,138,'2011-09-05',0.02072772,1,'192.168.0.0'),(279,139,'2011-09-05',0.02161944,1,'192.168.0.0'),(280,140,'2011-09-05',0.02228175,1,'192.168.0.0'),(281,1,'2011-05-12',0.0101047925,1,'192.168.0.0'),(282,2,'2011-05-12',0.0112129625,1,'192.168.0.0'),(283,3,'2011-05-12',0.011440575,1,'192.168.0.0'),(284,4,'2011-05-12',0.011870145,1,'192.168.0.0'),(285,5,'2011-05-12',0.01235988,1,'192.168.0.0'),(286,6,'2011-05-12',0.01363655403,1,'192.168.0.0'),(287,7,'2011-05-12',0.01460579142,1,'192.168.0.0'),(288,8,'2011-05-12',0.01540983,1,'192.168.0.0'),(289,9,'2011-05-12',0.016529375,1,'192.168.0.0'),(290,10,'2011-05-12',0.0172259375,1,'192.168.0.0'),(291,11,'2011-05-12',0.01807303,1,'192.168.0.0'),(292,12,'2011-05-12',0.01902030125,1,'192.168.0.0'),(293,13,'2011-05-12',0.0195235025,1,'192.168.0.0'),(294,14,'2011-05-12',0.02020937375,1,'192.168.0.0'),(295,15,'2011-05-12',0.02096730125,1,'192.168.0.0'),(296,16,'2011-05-12',0.02243925,1,'192.168.0.0'),(297,17,'2011-05-12',0.024822626,1,'192.168.0.0'),(298,18,'2011-05-12',0.027239328,1,'192.168.0.0'),(299,19,'2011-05-12',0.0287356,1,'192.168.0.0'),(300,20,'2011-05-12',0.030191334,1,'192.168.0.0'),(301,21,'2011-05-12',0.0316389,1,'192.168.0.0'),(302,22,'2011-05-12',0.032553715,1,'192.168.0.0'),(303,23,'2011-05-12',0.033138647,1,'192.168.0.0'),(304,24,'2011-05-12',0.03420146,1,'192.168.0.0'),(305,25,'2011-05-12',0.035805033,1,'192.168.0.0'),(306,26,'2011-05-12',0.037267752,1,'192.168.0.0'),(307,27,'2011-05-12',0.037803568,1,'192.168.0.0'),(308,28,'2011-05-12',0.037701307,1,'192.168.0.0'),(309,29,'2011-05-12',0.03685682,1,'192.168.0.0'),(310,30,'2011-05-12',0.001303954,1,'192.168.0.0'),(311,31,'2011-05-12',0.00169948965,1,'192.168.0.0'),(312,32,'2011-05-12',0.001796085,1,'192.168.0.0'),(313,33,'2011-05-12',0.00197208,1,'192.168.0.0'),(314,34,'2011-05-12',0.002325708,1,'192.168.0.0'),(315,35,'2011-05-12',0.00258794375,1,'192.168.0.0'),(316,36,'2011-05-12',0.0030492645,1,'192.168.0.0'),(317,37,'2011-05-12',0.00360235025,1,'192.168.0.0'),(318,38,'2011-05-12',0.004171668,1,'192.168.0.0'),(319,39,'2011-05-12',0.0047084625,1,'192.168.0.0'),(320,40,'2011-05-12',0.00523909875,1,'192.168.0.0'),(321,41,'2011-05-12',0.00581321,1,'192.168.0.0'),(322,42,'2011-05-12',0.006347878,1,'192.168.0.0'),(323,43,'2011-05-12',0.00683724,1,'192.168.0.0'),(324,44,'2011-05-12',0.007413948,1,'192.168.0.0'),(325,45,'2011-11-05',0.00753996,1,'192.168.0.0'),(326,46,'2011-11-05',0.012494688,1,'192.168.0.0'),(327,47,'2011-11-05',0.01694952,1,'192.168.0.0'),(328,48,'2011-11-05',0.021185955,1,'192.168.0.0'),(329,49,'2011-11-05',0.024742458,1,'192.168.0.0'),(330,50,'2011-11-05',0.027638468,1,'192.168.0.0'),(331,51,'2011-11-05',0.02958626,1,'192.168.0.0'),(332,52,'2011-11-05',0.03174936,1,'192.168.0.0'),(333,53,'2011-11-05',0.032917968,1,'192.168.0.0'),(334,54,'2011-11-05',0.037888935,1,'192.168.0.0'),(335,55,'2011-11-05',0.03941019,1,'192.168.0.0'),(336,56,'2011-11-05',0.04119778,1,'192.168.0.0'),(337,57,'2011-05-12',0.00576009112,1,'192.168.0.0'),(338,58,'2011-05-12',0.0059367542,1,'192.168.0.0'),(339,59,'2011-05-12',0.00603236,1,'192.168.0.0'),(340,60,'2011-05-12',0.00619509836,1,'192.168.0.0'),(341,61,'2011-05-12',0.0069489,1,'192.168.0.0'),(342,62,'2011-05-12',0.00816209028,1,'192.168.0.0'),(343,63,'2011-05-12',0.00900014594,1,'192.168.0.0'),(344,64,'2011-05-12',0.00996927669,1,'192.168.0.0'),(345,65,'2011-05-12',0.01105608108,1,'192.168.0.0'),(346,66,'2011-05-12',0.01204118973,1,'192.168.0.0'),(347,67,'2011-05-12',0.01281987,1,'192.168.0.0'),(348,68,'2011-05-12',0.01360101875,1,'192.168.0.0'),(349,69,'2011-05-12',0.01432908456,1,'192.168.0.0'),(350,70,'2011-05-12',0.01517522748,1,'192.168.0.0'),(351,71,'2011-05-12',0.0157942048,1,'192.168.0.0'),(352,72,'2011-05-12',0.015701645,1,'192.168.0.0'),(353,73,'2011-05-12',0.019598756,1,'192.168.0.0'),(354,74,'2011-05-12',0.02343754,1,'192.168.0.0'),(355,75,'2011-05-12',0.026219984,1,'192.168.0.0'),(356,76,'2011-05-12',0.029010072,1,'192.168.0.0'),(357,77,'2011-05-12',0.031107076,1,'192.168.0.0'),(358,78,'2011-05-12',0.03253294,1,'192.168.0.0'),(359,79,'2011-05-12',0.03395678,1,'192.168.0.0'),(360,80,'2011-05-12',0.0351513,1,'192.168.0.0'),(361,81,'2011-05-12',0.036930019,1,'192.168.0.0'),(362,82,'2011-05-12',0.03859589,1,'192.168.0.0'),(363,83,'2011-05-12',0.03987888,1,'192.168.0.0'),(364,84,'2011-05-12',0.040206238,1,'192.168.0.0'),(365,85,'2011-05-12',0.040294305,1,'192.168.0.0'),(366,86,'2011-05-12',0.00109778149,1,'192.168.0.0'),(367,87,'2011-05-12',0.00119772,1,'192.168.0.0'),(368,88,'2011-05-12',0.001256875,1,'192.168.0.0'),(369,89,'2011-05-12',0.0014119252,1,'192.168.0.0'),(370,90,'2011-05-12',0.00159808,1,'192.168.0.0'),(371,91,'2011-05-12',0.00194123649,1,'192.168.0.0'),(372,92,'2011-05-12',0.00241355151,1,'192.168.0.0'),(373,93,'2011-05-12',0.0029770825,1,'192.168.0.0'),(374,94,'2011-05-12',0.00341139846,1,'192.168.0.0'),(375,95,'2011-05-12',0.00389411156,1,'192.168.0.0'),(376,96,'2011-05-12',0.00442508,1,'192.168.0.0'),(377,97,'2011-05-12',0.00478685204,1,'192.168.0.0'),(378,98,'2011-05-12',0.00510651488,1,'192.168.0.0'),(379,99,'2011-05-12',0.0053637125,1,'192.168.0.0'),(380,100,'2011-05-12',0.005590706,1,'192.168.0.0'),(381,101,'2011-05-12',0.003658564,1,'192.168.0.0'),(382,102,'2011-05-12',0.004063028,1,'192.168.0.0'),(383,103,'2011-05-12',0.00468234,1,'192.168.0.0'),(384,104,'2011-05-12',0.005561028,1,'192.168.0.0'),(385,105,'2011-05-12',0.00672342,1,'192.168.0.0'),(386,106,'2011-05-12',0.0080168,1,'192.168.0.0'),(387,107,'2011-05-12',0.00934128,1,'192.168.0.0'),(388,108,'2011-05-12',0.01064971,1,'192.168.0.0'),(389,109,'2011-05-12',0.01188069,1,'192.168.0.0'),(390,110,'2011-05-12',0.01410465,1,'192.168.0.0'),(391,111,'2011-05-12',0.016764703,1,'192.168.0.0'),(392,112,'2011-05-12',0.019028912,1,'192.168.0.0'),(393,113,'2011-05-12',0.020132217,1,'192.168.0.0'),(394,114,'2011-05-12',0.020577219,1,'192.168.0.0'),(395,115,'2011-05-12',0.021082802,1,'192.168.0.0'),(396,116,'2011-05-12',0.02142536,1,'192.168.0.0'),(397,117,'2011-05-12',0.0007159833,1,'192.168.0.0'),(398,118,'2011-05-12',0.00093501393,1,'192.168.0.0'),(399,119,'2011-05-12',0.00109191834,1,'192.168.0.0'),(400,120,'2011-05-12',0.00129259,1,'192.168.0.0'),(401,121,'2011-05-12',0.0015151833,1,'192.168.0.0'),(402,122,'2011-05-12',0.00179061153,1,'192.168.0.0'),(403,123,'2011-05-12',0.00203614662,1,'192.168.0.0'),(404,124,'2011-05-12',0.00223843659,1,'192.168.0.0'),(405,125,'2011-05-12',0.00252646009,1,'192.168.0.0'),(406,126,'2011-05-12',0.00292876,1,'192.168.0.0'),(407,127,'2011-05-12',0.00340789358,1,'192.168.0.0'),(408,128,'2011-05-12',0.003925115,1,'192.168.0.0'),(409,129,'2011-05-12',0.004470915,1,'192.168.0.0'),(410,130,'2011-05-12',0.00493527332,1,'192.168.0.0'),(411,131,'2011-05-12',0.00545666319,1,'192.168.0.0'),(412,132,'2011-05-12',0.006275533,1,'192.168.0.0'),(413,133,'2011-05-12',0.009330376,1,'192.168.0.0'),(414,134,'2011-05-12',0.011919324,1,'192.168.0.0'),(415,135,'2011-05-12',0.014560513,1,'192.168.0.0'),(416,136,'2011-05-12',0.01667664,1,'192.168.0.0'),(417,137,'2011-05-12',0.018478473,1,'192.168.0.0'),(418,138,'2011-05-12',0.019628832,1,'192.168.0.0'),(419,139,'2011-05-12',0.020599214,1,'192.168.0.0'),(420,140,'2011-05-12',0.021607386,1,'192.168.0.0'),(421,1,'2011-06-10',0.01723892,1,'192.168.0.0'),(422,2,'2011-06-10',0.012397728,1,'192.168.0.0'),(423,3,'2011-06-10',0.01218315,1,'192.168.0.0'),(424,4,'2011-06-10',0.0123574275,1,'192.168.0.0'),(425,5,'2011-06-10',0.01270811952,1,'192.168.0.0'),(426,6,'2011-06-10',0.01417086764,1,'192.168.0.0'),(427,7,'2011-06-10',0.01495698142,1,'192.168.0.0'),(428,8,'2011-06-10',0.0159795,1,'192.168.0.0'),(429,9,'2011-06-10',0.0167513925,1,'192.168.0.0'),(430,10,'2011-06-10',0.01745241994,1,'192.168.0.0'),(431,11,'2011-06-10',0.01829766825,1,'192.168.0.0'),(432,12,'2011-06-10',0.01911503772,1,'192.168.0.0'),(433,13,'2011-06-10',0.019917066,1,'192.168.0.0'),(434,14,'2011-06-10',0.02047597264,1,'192.168.0.0'),(435,15,'2011-06-10',0.021295935,1,'192.168.0.0'),(436,16,'2011-06-10',0.021393109,1,'192.168.0.0'),(437,17,'2011-06-10',0.023299264,1,'192.168.0.0'),(438,18,'2011-06-10',0.025648404,1,'192.168.0.0'),(439,19,'2011-06-10',0.02723688,1,'192.168.0.0'),(440,20,'2011-06-10',0.028997648,1,'192.168.0.0'),(441,21,'2011-06-10',0.03020304,1,'192.168.0.0'),(442,22,'2011-06-10',0.031653153,1,'192.168.0.0'),(443,23,'2011-06-10',0.032329467,1,'192.168.0.0'),(444,24,'2011-06-10',0.03313002,1,'192.168.0.0'),(445,25,'2011-06-10',0.03495933,1,'192.168.0.0'),(446,26,'2011-06-10',0.036544401,1,'192.168.0.0'),(447,27,'2011-06-10',0.037579976,1,'192.168.0.0'),(448,28,'2011-06-10',0.03694047,1,'192.168.0.0'),(449,29,'2011-06-10',0.035990135,1,'192.168.0.0'),(450,30,'2011-06-10',0.001278509,1,'192.168.0.0'),(451,31,'2011-06-10',0.0016240714,1,'192.168.0.0'),(452,32,'2011-06-10',0.0017217009,1,'192.168.0.0'),(453,33,'2011-06-10',0.0018870084,1,'192.168.0.0'),(454,34,'2011-06-10',0.002197214,1,'192.168.0.0'),(455,35,'2011-06-10',0.002503389,1,'192.168.0.0'),(456,36,'2011-06-10',0.00290642475,1,'192.168.0.0'),(457,37,'2011-06-10',0.0034155,1,'192.168.0.0'),(458,38,'2011-06-10',0.00400519125,1,'192.168.0.0'),(459,39,'2011-06-10',0.004557968,1,'192.168.0.0'),(460,40,'2011-06-10',0.005073747,1,'192.168.0.0'),(461,41,'2011-06-10',0.005551911,1,'192.168.0.0'),(462,42,'2011-06-10',0.0061070505,1,'192.168.0.0'),(463,43,'2011-06-10',0.00661542,1,'192.168.0.0'),(464,44,'2011-06-10',0.007235115,1,'192.168.0.0'),(465,45,'2011-06-10',0.005986928,1,'192.168.0.0'),(466,46,'2011-06-10',0.009583287,1,'192.168.0.0'),(467,47,'2011-06-10',0.013603684,1,'192.168.0.0'),(468,48,'2011-06-10',0.018034404,1,'192.168.0.0'),(469,49,'2011-06-10',0.021529035,1,'192.168.0.0'),(470,50,'2011-06-10',0.024460169,1,'192.168.0.0'),(471,51,'2011-06-10',0.026771724,1,'192.168.0.0'),(472,52,'2011-06-10',0.02861826,1,'192.168.0.0'),(473,53,'2011-06-10',0.030648184,1,'192.168.0.0'),(474,54,'2011-06-10',0.035461055,1,'192.168.0.0'),(475,55,'2011-06-10',0.037831964,1,'192.168.0.0'),(476,56,'2011-06-10',0.038856375,1,'192.168.0.0'),(477,57,'2011-06-10',0.00564027828,1,'192.168.0.0'),(478,58,'2011-06-10',0.005940276,1,'192.168.0.0'),(479,59,'2011-06-10',0.005975525,1,'192.168.0.0'),(480,60,'2011-06-10',0.00625066818,1,'192.168.0.0'),(481,61,'2011-06-10',0.00691427952,1,'192.168.0.0'),(482,62,'2011-06-10',0.00822401488,1,'192.168.0.0'),(483,63,'2011-06-10',0.00899296,1,'192.168.0.0'),(484,64,'2011-06-10',0.00994183224,1,'192.168.0.0'),(485,65,'2011-06-10',0.01107306875,1,'192.168.0.0'),(486,66,'2011-06-10',0.01190876375,1,'192.168.0.0'),(487,67,'2011-06-10',0.01263739968,1,'192.168.0.0'),(488,68,'2011-06-10',0.013548645,1,'192.168.0.0'),(489,69,'2011-06-10',0.01443862125,1,'192.168.0.0'),(490,70,'2011-06-10',0.0152172525,1,'192.168.0.0'),(491,71,'2011-06-10',0.01577195376,1,'192.168.0.0'),(492,72,'2011-06-10',0.014088936,1,'192.168.0.0'),(493,73,'2011-06-10',0.017595216,1,'192.168.0.0'),(494,74,'2011-06-10',0.020824164,1,'192.168.0.0'),(495,75,'2011-06-10',0.02376654,1,'192.168.0.0'),(496,76,'2011-06-10',0.0268632,1,'192.168.0.0'),(497,77,'2011-06-10',0.0290638,1,'192.168.0.0'),(498,78,'2011-06-10',0.0311674,1,'192.168.0.0'),(499,79,'2011-06-10',0.03251688,1,'192.168.0.0'),(500,80,'2011-06-10',0.03383743,1,'192.168.0.0'),(501,81,'2011-06-10',0.036135715,1,'192.168.0.0'),(502,82,'2011-06-10',0.038258234,1,'192.168.0.0'),(503,83,'2011-06-10',0.039338504,1,'192.168.0.0'),(504,84,'2011-06-10',0.03970654,1,'192.168.0.0'),(505,85,'2011-06-10',0.039806208,1,'192.168.0.0'),(506,86,'2011-06-10',0.00105420894,1,'192.168.0.0'),(507,87,'2011-06-10',0.00117087806,1,'192.168.0.0'),(508,88,'2011-06-10',0.0012294624,1,'192.168.0.0'),(509,89,'2011-06-10',0.0014035,1,'192.168.0.0'),(510,90,'2011-06-10',0.00159200512,1,'192.168.0.0'),(511,91,'2011-06-10',0.00196813887,1,'192.168.0.0'),(512,92,'2011-06-10',0.00240859476,1,'192.168.0.0'),(513,93,'2011-06-10',0.00297606066,1,'192.168.0.0'),(514,94,'2011-06-10',0.00340637788,1,'192.168.0.0'),(515,95,'2011-06-10',0.00392183488,1,'192.168.0.0'),(516,96,'2011-06-10',0.00441387024,1,'192.168.0.0'),(517,97,'2011-06-10',0.00482183209,1,'192.168.0.0'),(518,98,'2011-06-10',0.005052069,1,'192.168.0.0'),(519,99,'2011-06-10',0.00539048452,1,'192.168.0.0'),(520,100,'2011-06-10',0.00557536,1,'192.168.0.0'),(521,101,'2011-06-10',0.003634305,1,'192.168.0.0'),(522,102,'2011-06-10',0.0040032,1,'192.168.0.0'),(523,103,'2011-06-10',0.00457194,1,'192.168.0.0'),(524,104,'2011-06-10',0.005503134,1,'192.168.0.0'),(525,105,'2011-06-10',0.00651736,1,'192.168.0.0'),(526,106,'2011-06-10',0.007754832,1,'192.168.0.0'),(527,107,'2011-06-10',0.00908516,1,'192.168.0.0'),(528,108,'2011-06-10',0.010366377,1,'192.168.0.0'),(529,109,'2011-06-10',0.011530584,1,'192.168.0.0'),(530,110,'2011-06-10',0.013918122,1,'192.168.0.0'),(531,111,'2011-06-10',0.016343268,1,'192.168.0.0'),(532,112,'2011-06-10',0.018747684,1,'192.168.0.0'),(533,113,'2011-06-10',0.019867677,1,'192.168.0.0'),(534,114,'2011-06-10',0.020200724,1,'192.168.0.0'),(535,115,'2011-06-10',0.0205646,1,'192.168.0.0'),(536,116,'2011-06-10',0.021001032,1,'192.168.0.0'),(537,117,'2011-06-10',0.00068903972,1,'192.168.0.0'),(538,118,'2011-06-10',0.00094019328,1,'192.168.0.0'),(539,119,'2011-06-10',0.00104826271,1,'192.168.0.0'),(540,120,'2011-06-10',0.0012505,1,'192.168.0.0'),(541,121,'2011-06-10',0.00149751763,1,'192.168.0.0'),(542,122,'2011-06-10',0.001763125,1,'192.168.0.0'),(543,123,'2011-06-10',0.00197279142,1,'192.168.0.0'),(544,124,'2011-06-10',0.00214589968,1,'192.168.0.0'),(545,125,'2011-06-10',0.00237816,1,'192.168.0.0'),(546,126,'2011-06-10',0.00283005,1,'192.168.0.0'),(547,127,'2011-06-10',0.003371105,1,'192.168.0.0'),(548,128,'2011-06-10',0.00385616,1,'192.168.0.0'),(549,129,'2011-06-10',0.00437349,1,'192.168.0.0'),(550,130,'2011-06-10',0.00482284,1,'192.168.0.0'),(551,131,'2011-06-10',0.0053179,1,'192.168.0.0'),(552,132,'2011-06-10',0.00571254,1,'192.168.0.0'),(553,133,'2011-06-10',0.00852018,1,'192.168.0.0'),(554,134,'2011-06-10',0.011055352,1,'192.168.0.0'),(555,135,'2011-06-10',0.013367648,1,'192.168.0.0'),(556,136,'2011-06-10',0.01546666,1,'192.168.0.0'),(557,137,'2011-06-10',0.017016376,1,'192.168.0.0'),(558,138,'2011-06-10',0.018413907,1,'192.168.0.0'),(559,139,'2011-06-10',0.019371479,1,'192.168.0.0'),(560,140,'2011-06-10',0.02043904,1,'192.168.0.0'),(561,1,'2011-06-21',0.012848715,1,'192.168.0.0'),(562,2,'2011-06-21',0.0125237475,1,'192.168.0.0'),(563,3,'2011-06-21',0.012675,1,'192.168.0.0'),(564,4,'2011-06-21',0.0127875,1,'192.168.0.0'),(565,5,'2011-06-21',0.01339866,1,'192.168.0.0'),(566,6,'2011-06-21',0.0146563,1,'192.168.0.0'),(567,7,'2011-06-21',0.01536726312,1,'192.168.0.0'),(568,8,'2011-06-21',0.01625467437,1,'192.168.0.0'),(569,9,'2011-06-21',0.0172388,1,'192.168.0.0'),(570,10,'2011-06-21',0.01786571325,1,'192.168.0.0'),(571,11,'2011-06-21',0.01852444737,1,'192.168.0.0'),(572,12,'2011-06-21',0.0191830815,1,'192.168.0.0'),(573,13,'2011-06-21',0.0198488,1,'192.168.0.0'),(574,14,'2011-06-21',0.0204563,1,'192.168.0.0'),(575,15,'2011-06-21',0.02118538125,1,'192.168.0.0'),(576,16,'2011-06-21',0.020877912,1,'192.168.0.0'),(577,17,'2011-06-21',0.02285,1,'192.168.0.0'),(578,18,'2011-06-21',0.025017498,1,'192.168.0.0'),(579,19,'2011-06-21',0.02703,1,'192.168.0.0'),(580,20,'2011-06-21',0.028737126,1,'192.168.0.0'),(581,21,'2011-06-21',0.030156984,1,'192.168.0.0'),(582,22,'2011-06-21',0.031366863,1,'192.168.0.0'),(583,23,'2011-06-21',0.032426757,1,'192.168.0.0'),(584,24,'2011-06-21',0.033386661,1,'192.168.0.0'),(585,25,'2011-06-21',0.035076492,1,'192.168.0.0'),(586,26,'2011-06-21',0.0369,1,'192.168.0.0'),(587,27,'2011-06-21',0.037866213,1,'192.168.0.0'),(588,28,'2011-06-21',0.03756,1,'192.168.0.0'),(589,29,'2011-06-21',0.036966303,1,'192.168.0.0'),(590,30,'2011-06-21',0.0012748725,1,'192.168.0.0'),(591,31,'2011-06-21',0.00160733925,1,'192.168.0.0'),(592,32,'2011-06-21',0.0016948305,1,'192.168.0.0'),(593,33,'2011-06-21',0.0018578142,1,'192.168.0.0'),(594,34,'2011-06-21',0.002175,1,'192.168.0.0'),(595,35,'2011-06-21',0.0024547545,1,'192.168.0.0'),(596,36,'2011-06-21',0.00286721325,1,'192.168.0.0'),(597,37,'2011-06-21',0.0034215,1,'192.168.0.0'),(598,38,'2011-06-21',0.00394710525,1,'192.168.0.0'),(599,39,'2011-06-21',0.00451704825,1,'192.168.0.0'),(600,40,'2011-06-21',0.00504699525,1,'192.168.0.0'),(601,41,'2011-06-21',0.005619438,1,'192.168.0.0'),(602,42,'2011-06-21',0.0062025,1,'192.168.0.0'),(603,43,'2011-06-21',0.00672182775,1,'192.168.0.0'),(604,44,'2011-06-21',0.0072775,1,'192.168.0.0'),(605,45,'2011-06-21',0.006479352,1,'192.168.0.0'),(606,46,'2011-06-21',0.01023,1,'192.168.0.0'),(607,47,'2011-06-21',0.014518548,1,'192.168.0.0'),(608,48,'2011-06-21',0.018678132,1,'192.168.0.0'),(609,49,'2011-06-21',0.022237776,1,'192.168.0.0'),(610,50,'2011-06-21',0.025227477,1,'192.168.0.0'),(611,51,'2011-06-21',0.02765,1,'192.168.0.0'),(612,52,'2011-06-21',0.029607039,1,'192.168.0.0'),(613,53,'2011-06-21',0.031286871,1,'192.168.0.0'),(614,54,'2011-06-21',0.03632,1,'192.168.0.0'),(615,55,'2011-06-21',0.038236176,1,'192.168.0.0'),(616,56,'2011-06-21',0.039626037,1,'192.168.0.0'),(617,57,'2011-06-21',0.0056688,1,'192.168.0.0'),(618,58,'2011-06-21',0.00589321062,1,'192.168.0.0'),(619,59,'2011-06-21',0.0059744025,1,'192.168.0.0'),(620,60,'2011-06-21',0.0062743725,1,'192.168.0.0'),(621,61,'2011-06-21',0.0070125,1,'192.168.0.0'),(622,62,'2011-06-21',0.008249175,1,'192.168.0.0'),(623,63,'2011-06-21',0.008949105,1,'192.168.0.0'),(624,64,'2011-06-21',0.01,1,'192.168.0.0'),(625,65,'2011-06-21',0.0110188,1,'192.168.0.0'),(626,66,'2011-06-21',0.0118563,1,'192.168.0.0'),(627,67,'2011-06-21',0.0127125,1,'192.168.0.0'),(628,68,'2011-06-21',0.01355494437,1,'192.168.0.0'),(629,69,'2011-06-21',0.01436736312,1,'192.168.0.0'),(630,70,'2011-06-21',0.01507979187,1,'192.168.0.0'),(631,71,'2011-06-21',0.0157688,1,'192.168.0.0'),(632,72,'2011-06-21',0.014008599,1,'192.168.0.0'),(633,73,'2011-06-21',0.01733,1,'192.168.0.0'),(634,74,'2011-06-21',0.020747925,1,'192.168.0.0'),(635,75,'2011-06-21',0.02385,1,'192.168.0.0'),(636,76,'2011-06-21',0.02657,1,'192.168.0.0'),(637,77,'2011-06-21',0.0289,1,'192.168.0.0'),(638,78,'2011-06-21',0.030916908,1,'192.168.0.0'),(639,79,'2011-06-21',0.03264,1,'192.168.0.0'),(640,80,'2011-06-21',0.03406,1,'192.168.0.0'),(641,81,'2011-06-21',0.03624,1,'192.168.0.0'),(642,82,'2011-06-21',0.038226177,1,'192.168.0.0'),(643,83,'2011-06-21',0.03949,1,'192.168.0.0'),(644,84,'2011-06-21',0.03996,1,'192.168.0.0'),(645,85,'2011-06-21',0.039956004,1,'192.168.0.0'),(646,86,'2011-06-21',0.00104679531,1,'192.168.0.0'),(647,87,'2011-06-21',0.00114678531,1,'192.168.0.0'),(648,88,'2011-06-21',0.00122177781,1,'192.168.0.0'),(649,89,'2011-06-21',0.0014031,1,'192.168.0.0'),(650,90,'2011-06-21',0.00158424156,1,'192.168.0.0'),(651,91,'2011-06-21',0.0019531,1,'192.168.0.0'),(652,92,'2011-06-21',0.00241535844,1,'192.168.0.0'),(653,93,'2011-06-21',0.0029719,1,'192.168.0.0'),(654,94,'2011-06-21',0.00341525844,1,'192.168.0.0'),(655,95,'2011-06-21',0.0039031,1,'192.168.0.0'),(656,96,'2011-06-21',0.0043719,1,'192.168.0.0'),(657,97,'2011-06-21',0.00480261969,1,'192.168.0.0'),(658,98,'2011-06-21',0.0051031,1,'192.168.0.0'),(659,99,'2011-06-21',0.0053594,1,'192.168.0.0'),(660,100,'2011-06-21',0.0056,1,'192.168.0.0'),(661,101,'2011-06-21',0.00376,1,'192.168.0.0'),(662,102,'2011-06-21',0.00407,1,'192.168.0.0'),(663,103,'2011-06-21',0.0046,1,'192.168.0.0'),(664,104,'2011-06-21',0.00539,1,'192.168.0.0'),(665,105,'2011-06-21',0.00643,1,'192.168.0.0'),(666,106,'2011-06-21',0.00765,1,'192.168.0.0'),(667,107,'2011-06-21',0.008939106,1,'192.168.0.0'),(668,108,'2011-06-21',0.0102,1,'192.168.0.0'),(669,109,'2011-06-21',0.01139,1,'192.168.0.0'),(670,110,'2011-06-21',0.013518648,1,'192.168.0.0'),(671,111,'2011-06-21',0.016038396,1,'192.168.0.0'),(672,112,'2011-06-21',0.018558144,1,'192.168.0.0'),(673,113,'2011-06-21',0.019568043,1,'192.168.0.0'),(674,114,'2011-06-21',0.02006,1,'192.168.0.0'),(675,115,'2011-06-21',0.02049795,1,'192.168.0.0'),(676,116,'2011-06-21',0.020857914,1,'192.168.0.0'),(677,117,'2011-06-21',0.0007167,1,'192.168.0.0'),(678,118,'2011-06-21',0.0009249075,1,'192.168.0.0'),(679,119,'2011-06-21',0.0010583,1,'192.168.0.0'),(680,120,'2011-06-21',0.0012833,1,'192.168.0.0'),(681,121,'2011-06-21',0.00150814917,1,'192.168.0.0'),(682,122,'2011-06-21',0.00175812417,1,'192.168.0.0'),(683,123,'2011-06-21',0.0019583,1,'192.168.0.0'),(684,124,'2011-06-21',0.00216648333,1,'192.168.0.0'),(685,125,'2011-06-21',0.00238306167,1,'192.168.0.0'),(686,126,'2011-06-21',0.00286641333,1,'192.168.0.0'),(687,127,'2011-06-21',0.003349665,1,'192.168.0.0'),(688,128,'2011-06-21',0.0038667,1,'192.168.0.0'),(689,129,'2011-06-21',0.0043667,1,'192.168.0.0'),(690,130,'2011-06-21',0.00486621333,1,'192.168.0.0'),(691,131,'2011-06-21',0.00536616333,1,'192.168.0.0'),(692,132,'2011-06-21',0.005139486,1,'192.168.0.0'),(693,133,'2011-06-21',0.00796,1,'192.168.0.0'),(694,134,'2011-06-21',0.01069893,1,'192.168.0.0'),(695,135,'2011-06-21',0.01322,1,'192.168.0.0'),(696,136,'2011-06-21',0.0154,1,'192.168.0.0'),(697,137,'2011-06-21',0.017148285,1,'192.168.0.0'),(698,138,'2011-06-21',0.01857,1,'192.168.0.0'),(699,139,'2011-06-21',0.019748025,1,'192.168.0.0'),(700,140,'2011-06-21',0.020787921,1,'192.168.0.0'),(701,1,'2011-06-24',0.008749125,1,'192.168.0.0'),(702,2,'2011-06-24',0.01164013587,1,'192.168.0.0'),(703,3,'2011-06-24',0.01195510437,1,'192.168.0.0'),(704,4,'2011-06-24',0.01269873,1,'192.168.0.0'),(705,5,'2011-06-24',0.01341115875,1,'192.168.0.0'),(706,6,'2011-06-24',0.0147188,1,'192.168.0.0'),(707,7,'2011-06-24',0.015375,1,'192.168.0.0'),(708,8,'2011-06-24',0.0163188,1,'192.168.0.0'),(709,9,'2011-06-24',0.017325,1,'192.168.0.0'),(710,10,'2011-06-24',0.01791700812,1,'192.168.0.0'),(711,11,'2011-06-24',0.01858694112,1,'192.168.0.0'),(712,12,'2011-06-24',0.01922057775,1,'192.168.0.0'),(713,13,'2011-06-24',0.0198863,1,'192.168.0.0'),(714,14,'2011-06-24',0.02045425437,1,'192.168.0.0'),(715,15,'2011-06-24',0.02116038375,1,'192.168.0.0'),(716,16,'2011-06-24',0.020337966,1,'192.168.0.0'),(717,17,'2011-06-24',0.022357764,1,'192.168.0.0'),(718,18,'2011-06-24',0.02461,1,'192.168.0.0'),(719,19,'2011-06-24',0.026687331,1,'192.168.0.0'),(720,20,'2011-06-24',0.02845,1,'192.168.0.0'),(721,21,'2011-06-24',0.029917008,1,'192.168.0.0'),(722,22,'2011-06-24',0.03114,1,'192.168.0.0'),(723,23,'2011-06-24',0.032206779,1,'192.168.0.0'),(724,24,'2011-06-24',0.03319,1,'192.168.0.0'),(725,25,'2011-06-24',0.0349,1,'192.168.0.0'),(726,26,'2011-06-24',0.03669633,1,'192.168.0.0'),(727,27,'2011-06-24',0.0377,1,'192.168.0.0'),(728,28,'2011-06-24',0.03744,1,'192.168.0.0'),(729,29,'2011-06-24',0.036956304,1,'192.168.0.0'),(730,30,'2011-06-24',0.001275,1,'192.168.0.0'),(731,31,'2011-06-24',0.0016075,1,'192.168.0.0'),(732,32,'2011-06-24',0.0016948305,1,'192.168.0.0'),(733,33,'2011-06-24',0.0018555,1,'192.168.0.0'),(734,34,'2011-06-24',0.0021747825,1,'192.168.0.0'),(735,35,'2011-06-24',0.00246225375,1,'192.168.0.0'),(736,36,'2011-06-24',0.0028675,1,'192.168.0.0'),(737,37,'2011-06-24',0.0034205,1,'192.168.0.0'),(738,38,'2011-06-24',0.00396710325,1,'192.168.0.0'),(739,39,'2011-06-24',0.0045275,1,'192.168.0.0'),(740,40,'2011-06-24',0.00507699225,1,'192.168.0.0'),(741,41,'2011-06-24',0.00563,1,'192.168.0.0'),(742,42,'2011-06-24',0.0062075,1,'192.168.0.0'),(743,43,'2011-06-24',0.0067325,1,'192.168.0.0'),(744,44,'2011-06-24',0.0072875,1,'192.168.0.0'),(745,45,'2011-06-24',0.006369363,1,'192.168.0.0'),(746,46,'2011-06-24',0.00972,1,'192.168.0.0'),(747,47,'2011-06-24',0.01373,1,'192.168.0.0'),(748,48,'2011-06-24',0.01776,1,'192.168.0.0'),(749,49,'2011-06-24',0.02122,1,'192.168.0.0'),(750,50,'2011-06-24',0.024117588,1,'192.168.0.0'),(751,51,'2011-06-24',0.026527347,1,'192.168.0.0'),(752,52,'2011-06-24',0.028547145,1,'192.168.0.0'),(753,53,'2011-06-24',0.030206979,1,'192.168.0.0'),(754,54,'2011-06-24',0.03528,1,'192.168.0.0'),(755,55,'2011-06-24',0.037226277,1,'192.168.0.0'),(756,56,'2011-06-24',0.038736126,1,'192.168.0.0'),(757,57,'2011-06-24',0.00565573437,1,'192.168.0.0'),(758,58,'2011-06-24',0.00588071187,1,'192.168.0.0'),(759,59,'2011-06-24',0.0059744025,1,'192.168.0.0'),(760,60,'2011-06-24',0.0062743725,1,'192.168.0.0'),(761,61,'2011-06-24',0.0070125,1,'192.168.0.0'),(762,62,'2011-06-24',0.008249175,1,'192.168.0.0'),(763,63,'2011-06-24',0.00896160375,1,'192.168.0.0'),(764,64,'2011-06-24',0.0100063,1,'192.168.0.0'),(765,65,'2011-06-24',0.011025,1,'192.168.0.0'),(766,66,'2011-06-24',0.0118625,1,'192.168.0.0'),(767,67,'2011-06-24',0.0127031,1,'192.168.0.0'),(768,68,'2011-06-24',0.01355,1,'192.168.0.0'),(769,69,'2011-06-24',0.0143625,1,'192.168.0.0'),(770,70,'2011-06-24',0.01507659219,1,'192.168.0.0'),(771,71,'2011-06-24',0.01576092375,1,'192.168.0.0'),(772,72,'2011-06-24',0.013618638,1,'192.168.0.0'),(773,73,'2011-06-24',0.016738326,1,'192.168.0.0'),(774,74,'2011-06-24',0.020057994,1,'192.168.0.0'),(775,75,'2011-06-24',0.02318,1,'192.168.0.0'),(776,76,'2011-06-24',0.02595,1,'192.168.0.0'),(777,77,'2011-06-24',0.02835,1,'192.168.0.0'),(778,78,'2011-06-24',0.030436956,1,'192.168.0.0'),(779,79,'2011-06-24',0.032216778,1,'192.168.0.0'),(780,80,'2011-06-24',0.033676632,1,'192.168.0.0'),(781,81,'2011-06-24',0.03592,1,'192.168.0.0'),(782,82,'2011-06-24',0.037926207,1,'192.168.0.0'),(783,83,'2011-06-24',0.039176082,1,'192.168.0.0'),(784,84,'2011-06-24',0.039646035,1,'192.168.0.0'),(785,85,'2011-06-24',0.039686031,1,'192.168.0.0'),(786,86,'2011-06-24',0.00104679531,1,'192.168.0.0'),(787,87,'2011-06-24',0.00114678531,1,'192.168.0.0'),(788,88,'2011-06-24',0.00122177781,1,'192.168.0.0'),(789,89,'2011-06-24',0.0014031,1,'192.168.0.0'),(790,90,'2011-06-24',0.00158424156,1,'192.168.0.0'),(791,91,'2011-06-24',0.00195290469,1,'192.168.0.0'),(792,92,'2011-06-24',0.00241535844,1,'192.168.0.0'),(793,93,'2011-06-24',0.0029719,1,'192.168.0.0'),(794,94,'2011-06-24',0.0034156,1,'192.168.0.0'),(795,95,'2011-06-24',0.00390270969,1,'192.168.0.0'),(796,96,'2011-06-24',0.0043719,1,'192.168.0.0'),(797,97,'2011-06-24',0.00480261969,1,'192.168.0.0'),(798,98,'2011-06-24',0.00510258969,1,'192.168.0.0'),(799,99,'2011-06-24',0.00535886406,1,'192.168.0.0'),(800,100,'2011-06-24',0.0056,1,'192.168.0.0'),(801,101,'2011-06-24',0.00375,1,'192.168.0.0'),(802,102,'2011-06-24',0.004039596,1,'192.168.0.0'),(803,103,'2011-06-24',0.00455,1,'192.168.0.0'),(804,104,'2011-06-24',0.0053,1,'192.168.0.0'),(805,105,'2011-06-24',0.00631,1,'192.168.0.0'),(806,106,'2011-06-24',0.00749925,1,'192.168.0.0'),(807,107,'2011-06-24',0.008789121,1,'192.168.0.0'),(808,108,'2011-06-24',0.010048995,1,'192.168.0.0'),(809,109,'2011-06-24',0.01122,1,'192.168.0.0'),(810,110,'2011-06-24',0.01335,1,'192.168.0.0'),(811,111,'2011-06-24',0.015858414,1,'192.168.0.0'),(812,112,'2011-06-24',0.01837,1,'192.168.0.0'),(813,113,'2011-06-24',0.01936,1,'192.168.0.0'),(814,114,'2011-06-24',0.019848015,1,'192.168.0.0'),(815,115,'2011-06-24',0.020307969,1,'192.168.0.0'),(816,116,'2011-06-24',0.0207,1,'192.168.0.0'),(817,117,'2011-06-24',0.0007833,1,'192.168.0.0'),(818,118,'2011-06-24',0.0009749025,1,'192.168.0.0'),(819,119,'2011-06-24',0.00109159083,1,'192.168.0.0'),(820,120,'2011-06-24',0.00129987,1,'192.168.0.0'),(821,121,'2011-06-24',0.00150814917,1,'192.168.0.0'),(822,122,'2011-06-24',0.00175,1,'192.168.0.0'),(823,123,'2011-06-24',0.00195,1,'192.168.0.0'),(824,124,'2011-06-24',0.0021583,1,'192.168.0.0'),(825,125,'2011-06-24',0.0023833,1,'192.168.0.0'),(826,126,'2011-06-24',0.00285801417,1,'192.168.0.0'),(827,127,'2011-06-24',0.0033333,1,'192.168.0.0'),(828,128,'2011-06-24',0.003849615,1,'192.168.0.0'),(829,129,'2011-06-24',0.0043667,1,'192.168.0.0'),(830,130,'2011-06-24',0.00486621333,1,'192.168.0.0'),(831,131,'2011-06-24',0.00536616333,1,'192.168.0.0'),(832,132,'2011-06-24',0.00466,1,'192.168.0.0'),(833,133,'2011-06-24',0.00747,1,'192.168.0.0'),(834,134,'2011-06-24',0.01041,1,'192.168.0.0'),(835,135,'2011-06-24',0.013028697,1,'192.168.0.0'),(836,136,'2011-06-24',0.015228477,1,'192.168.0.0'),(837,137,'2011-06-24',0.01703,1,'192.168.0.0'),(838,138,'2011-06-24',0.01848,1,'192.168.0.0'),(839,139,'2011-06-24',0.019678032,1,'192.168.0.0'),(840,140,'2011-06-24',0.020737926,1,'192.168.0.0'),(841,1,'2011-07-06',0.0059,1,'192.168.0.0'),(842,2,'2011-07-06',0.010325,1,'192.168.0.0'),(843,3,'2011-07-06',0.0118938,1,'192.168.0.0'),(844,4,'2011-07-06',0.013,1,'192.168.0.0'),(845,5,'2011-07-06',0.01377992187,1,'192.168.0.0'),(846,6,'2011-07-06',0.0151688,1,'192.168.0.0'),(847,7,'2011-07-06',0.015875,1,'192.168.0.0'),(848,8,'2011-07-06',0.0167813,1,'192.168.0.0'),(849,9,'2011-07-06',0.01777952187,1,'192.168.0.0'),(850,10,'2011-07-06',0.0184188,1,'192.168.0.0'),(851,11,'2011-07-06',0.0190230975,1,'192.168.0.0'),(852,12,'2011-07-06',0.01963933587,1,'192.168.0.0'),(853,13,'2011-07-06',0.0202925,1,'192.168.0.0'),(854,14,'2011-07-06',0.02088041175,1,'192.168.0.0'),(855,15,'2011-07-06',0.0216088,1,'192.168.0.0'),(856,16,'2011-07-06',0.02182,1,'192.168.0.0'),(857,17,'2011-07-06',0.02379,1,'192.168.0.0'),(858,18,'2011-07-06',0.02583,1,'192.168.0.0'),(859,19,'2011-07-06',0.027657234,1,'192.168.0.0'),(860,20,'2011-07-06',0.02924,1,'192.168.0.0'),(861,21,'2011-07-06',0.03057,1,'192.168.0.0'),(862,22,'2011-07-06',0.031676832,1,'192.168.0.0'),(863,23,'2011-07-06',0.032646735,1,'192.168.0.0'),(864,24,'2011-07-06',0.033536646,1,'192.168.0.0'),(865,25,'2011-07-06',0.03513,1,'192.168.0.0'),(866,26,'2011-07-06',0.03679632,1,'192.168.0.0'),(867,27,'2011-07-06',0.037726227,1,'192.168.0.0'),(868,28,'2011-07-06',0.03749,1,'192.168.0.0'),(869,29,'2011-07-06',0.0369963,1,'192.168.0.0'),(870,30,'2011-07-06',0.001245,1,'192.168.0.0'),(871,31,'2011-07-06',0.00160733925,1,'192.168.0.0'),(872,32,'2011-07-06',0.001695,1,'192.168.0.0'),(873,33,'2011-07-06',0.00185231475,1,'192.168.0.0'),(874,34,'2011-07-06',0.00216728325,1,'192.168.0.0'),(875,35,'2011-07-06',0.00245725425,1,'192.168.0.0'),(876,36,'2011-07-06',0.0028825,1,'192.168.0.0'),(877,37,'2011-07-06',0.0034306569,1,'192.168.0.0'),(878,38,'2011-07-06',0.0039875,1,'192.168.0.0'),(879,39,'2011-07-06',0.00456,1,'192.168.0.0'),(880,40,'2011-07-06',0.0051075,1,'192.168.0.0'),(881,41,'2011-07-06',0.005655,1,'192.168.0.0'),(882,42,'2011-07-06',0.00624,1,'192.168.0.0'),(883,43,'2011-07-06',0.00677,1,'192.168.0.0'),(884,44,'2011-07-06',0.007349265,1,'192.168.0.0'),(885,45,'2011-07-06',0.006809319,1,'192.168.0.0'),(886,46,'2011-07-06',0.010758924,1,'192.168.0.0'),(887,47,'2011-07-06',0.015158484,1,'192.168.0.0'),(888,48,'2011-07-06',0.01944,1,'192.168.0.0'),(889,49,'2011-07-06',0.02308,1,'192.168.0.0'),(890,50,'2011-07-06',0.02611,1,'192.168.0.0'),(891,51,'2011-07-06',0.028587141,1,'192.168.0.0'),(892,52,'2011-07-06',0.03059694,1,'192.168.0.0'),(893,53,'2011-07-06',0.03229,1,'192.168.0.0'),(894,54,'2011-07-06',0.03734,1,'192.168.0.0'),(895,55,'2011-07-06',0.039156084,1,'192.168.0.0'),(896,56,'2011-07-06',0.040535946,1,'192.168.0.0'),(897,57,'2011-07-06',0.00565573437,1,'192.168.0.0'),(898,58,'2011-07-06',0.0058938,1,'192.168.0.0'),(899,59,'2011-07-06',0.00598690125,1,'192.168.0.0'),(900,60,'2011-07-06',0.0062813,1,'192.168.0.0'),(901,61,'2011-07-06',0.00701809812,1,'192.168.0.0'),(902,62,'2011-07-06',0.0082563,1,'192.168.0.0'),(903,63,'2011-07-06',0.00898040187,1,'192.168.0.0'),(904,64,'2011-07-06',0.0100239975,1,'192.168.0.0'),(905,65,'2011-07-06',0.0110438,1,'192.168.0.0'),(906,66,'2011-07-06',0.01188011187,1,'192.168.0.0'),(907,67,'2011-07-06',0.0127219,1,'192.168.0.0'),(908,68,'2011-07-06',0.01357054281,1,'192.168.0.0'),(909,69,'2011-07-06',0.0143844,1,'192.168.0.0'),(910,70,'2011-07-06',0.0151031,1,'192.168.0.0'),(911,71,'2011-07-06',0.0157875,1,'192.168.0.0'),(912,72,'2011-07-06',0.01399,1,'192.168.0.0'),(913,73,'2011-07-06',0.017378262,1,'192.168.0.0'),(914,74,'2011-07-06',0.02085,1,'192.168.0.0'),(915,75,'2011-07-06',0.0239976,1,'192.168.0.0'),(916,76,'2011-07-06',0.0268,1,'192.168.0.0'),(917,77,'2011-07-06',0.029227077,1,'192.168.0.0'),(918,78,'2011-07-06',0.031326867,1,'192.168.0.0'),(919,79,'2011-07-06',0.03312,1,'192.168.0.0'),(920,80,'2011-07-06',0.034586541,1,'192.168.0.0'),(921,81,'2011-07-06',0.036806319,1,'192.168.0.0'),(922,82,'2011-07-06',0.038826117,1,'192.168.0.0'),(923,83,'2011-07-06',0.04004,1,'192.168.0.0'),(924,84,'2011-07-06',0.04045,1,'192.168.0.0'),(925,85,'2011-07-06',0.04041,1,'192.168.0.0'),(926,86,'2011-07-06',0.00105929406,1,'192.168.0.0'),(927,87,'2011-07-06',0.00114678531,1,'192.168.0.0'),(928,88,'2011-07-06',0.0012219,1,'192.168.0.0'),(929,89,'2011-07-06',0.00139986,1,'192.168.0.0'),(930,90,'2011-07-06',0.0015844,1,'192.168.0.0'),(931,91,'2011-07-06',0.0019531,1,'192.168.0.0'),(932,92,'2011-07-06',0.00241535844,1,'192.168.0.0'),(933,93,'2011-07-06',0.00297160281,1,'192.168.0.0'),(934,94,'2011-07-06',0.00341525844,1,'192.168.0.0'),(935,95,'2011-07-06',0.00390270969,1,'192.168.0.0'),(936,96,'2011-07-06',0.0043719,1,'192.168.0.0'),(937,97,'2011-07-06',0.00480261969,1,'192.168.0.0'),(938,98,'2011-07-06',0.00510258969,1,'192.168.0.0'),(939,99,'2011-07-06',0.0053594,1,'192.168.0.0'),(940,100,'2011-07-06',0.0056,1,'192.168.0.0'),(941,101,'2011-07-06',0.00384,1,'192.168.0.0'),(942,102,'2011-07-06',0.00424,1,'192.168.0.0'),(943,103,'2011-07-06',0.00484,1,'192.168.0.0'),(944,104,'2011-07-06',0.005679432,1,'192.168.0.0'),(945,105,'2011-07-06',0.006769323,1,'192.168.0.0'),(946,106,'2011-07-06',0.008029197,1,'192.168.0.0'),(947,107,'2011-07-06',0.00934,1,'192.168.0.0'),(948,108,'2011-07-06',0.01063,1,'192.168.0.0'),(949,109,'2011-07-06',0.01183,1,'192.168.0.0'),(950,110,'2011-07-06',0.013958604,1,'192.168.0.0'),(951,111,'2011-07-06',0.016448355,1,'192.168.0.0'),(952,112,'2011-07-06',0.018948105,1,'192.168.0.0'),(953,113,'2011-07-06',0.01998,1,'192.168.0.0'),(954,114,'2011-07-06',0.02048,1,'192.168.0.0'),(955,115,'2011-07-06',0.020967903,1,'192.168.0.0'),(956,116,'2011-07-06',0.021377862,1,'192.168.0.0'),(957,117,'2011-07-06',0.0006833,1,'192.168.0.0'),(958,118,'2011-07-06',0.000925,1,'192.168.0.0'),(959,119,'2011-07-06',0.0010583,1,'192.168.0.0'),(960,120,'2011-07-06',0.0012748725,1,'192.168.0.0'),(961,121,'2011-07-06',0.00150814917,1,'192.168.0.0'),(962,122,'2011-07-06',0.001749825,1,'192.168.0.0'),(963,123,'2011-07-06',0.00195810417,1,'192.168.0.0'),(964,124,'2011-07-06',0.00216648333,1,'192.168.0.0'),(965,125,'2011-07-06',0.0023833,1,'192.168.0.0'),(966,126,'2011-07-06',0.002849715,1,'192.168.0.0'),(967,127,'2011-07-06',0.0033333,1,'192.168.0.0'),(968,128,'2011-07-06',0.00385,1,'192.168.0.0'),(969,129,'2011-07-06',0.00436626333,1,'192.168.0.0'),(970,130,'2011-07-06',0.00486621333,1,'192.168.0.0'),(971,131,'2011-07-06',0.00535,1,'192.168.0.0'),(972,132,'2011-07-06',0.00499,1,'192.168.0.0'),(973,133,'2011-07-06',0.007669233,1,'192.168.0.0'),(974,134,'2011-07-06',0.01057,1,'192.168.0.0'),(975,135,'2011-07-06',0.01325,1,'192.168.0.0'),(976,136,'2011-07-06',0.01539,1,'192.168.0.0'),(977,137,'2011-07-06',0.0171,1,'192.168.0.0'),(978,138,'2011-07-06',0.01849815,1,'192.168.0.0'),(979,139,'2011-07-06',0.01969803,1,'192.168.0.0'),(980,140,'2011-07-06',0.020727927,1,'192.168.0.0'),(981,1,'2011-09-02',0.0083563,1,'192.168.0.0'),(982,2,'2011-09-02',0.0102375,1,'192.168.0.0'),(983,3,'2011-09-02',0.0112438,1,'192.168.0.0'),(984,4,'2011-09-02',0.01298000187,1,'192.168.0.0'),(985,5,'2011-09-02',0.01360493937,1,'192.168.0.0'),(986,6,'2011-09-02',0.014825,1,'192.168.0.0'),(987,7,'2011-09-02',0.01547975187,1,'192.168.0.0'),(988,8,'2011-09-02',0.0162233775,1,'192.168.0.0'),(989,9,'2011-09-02',0.01707,1,'192.168.0.0'),(990,10,'2011-09-02',0.01763,1,'192.168.0.0'),(991,11,'2011-09-02',0.0181638,1,'192.168.0.0'),(992,12,'2011-09-02',0.0186913,1,'192.168.0.0'),(993,13,'2011-09-02',0.01928,1,'192.168.0.0'),(994,14,'2011-09-02',0.0198688,1,'192.168.0.0'),(995,15,'2011-09-02',0.02051674812,1,'192.168.0.0'),(996,16,'2011-09-02',0.0147,1,'192.168.0.0'),(997,17,'2011-09-02',0.016068393,1,'192.168.0.0'),(998,18,'2011-09-02',0.018308169,1,'192.168.0.0'),(999,19,'2011-09-02',0.020577942,1,'192.168.0.0'),(1000,20,'2011-09-02',0.02256,1,'192.168.0.0'),(1001,21,'2011-09-02',0.02417,1,'192.168.0.0'),(1002,22,'2011-09-02',0.02548,1,'192.168.0.0'),(1003,23,'2011-09-02',0.02659734,1,'192.168.0.0'),(1004,24,'2011-09-02',0.0276,1,'192.168.0.0'),(1005,25,'2011-09-02',0.029387061,1,'192.168.0.0'),(1006,26,'2011-09-02',0.031236876,1,'192.168.0.0'),(1007,27,'2011-09-02',0.03204,1,'192.168.0.0'),(1008,28,'2011-09-02',0.0316,1,'192.168.0.0'),(1009,29,'2011-09-02',0.030926907,1,'192.168.0.0'),(1010,30,'2011-09-02',0.00141095889,1,'192.168.0.0'),(1011,31,'2011-09-02',0.00185541444,1,'192.168.0.0'),(1012,32,'2011-09-02',0.0019722,1,'192.168.0.0'),(1013,33,'2011-09-02',0.0022178,1,'192.168.0.0'),(1014,34,'2011-09-02',0.0027067,1,'192.168.0.0'),(1015,35,'2011-09-02',0.00330526944,1,'192.168.0.0'),(1016,36,'2011-09-02',0.00376632333,1,'192.168.0.0'),(1017,37,'2011-09-02',0.0043261,1,'192.168.0.0'),(1018,38,'2011-09-02',0.0049039,1,'192.168.0.0'),(1019,39,'2011-09-02',0.00542275767,1,'192.168.0.0'),(1020,40,'2011-09-02',0.00589,1,'192.168.0.0'),(1021,41,'2011-09-02',0.006435,1,'192.168.0.0'),(1022,42,'2011-09-02',0.0069283,1,'192.168.0.0'),(1023,43,'2011-09-02',0.00742755717,1,'192.168.0.0'),(1024,44,'2011-09-02',0.00803139678,1,'192.168.0.0'),(1025,45,'2011-09-02',0.00509,1,'192.168.0.0'),(1026,46,'2011-09-02',0.00632,1,'192.168.0.0'),(1027,47,'2011-09-02',0.00883,1,'192.168.0.0'),(1028,48,'2011-09-02',0.011848815,1,'192.168.0.0'),(1029,49,'2011-09-02',0.01479,1,'192.168.0.0'),(1030,50,'2011-09-02',0.017208279,1,'192.168.0.0'),(1031,51,'2011-09-02',0.01929,1,'192.168.0.0'),(1032,52,'2011-09-02',0.021037896,1,'192.168.0.0'),(1033,53,'2011-09-02',0.02249775,1,'192.168.0.0'),(1034,54,'2011-09-02',0.02726,1,'192.168.0.0'),(1035,55,'2011-09-02',0.02915,1,'192.168.0.0'),(1036,56,'2011-09-02',0.030716928,1,'192.168.0.0'),(1037,57,'2011-09-02',0.00580571937,1,'192.168.0.0'),(1038,58,'2011-09-02',0.0060625,1,'192.168.0.0'),(1039,59,'2011-09-02',0.00623687625,1,'192.168.0.0'),(1040,60,'2011-09-02',0.00660243969,1,'192.168.0.0'),(1041,61,'2011-09-02',0.0074313,1,'192.168.0.0'),(1042,62,'2011-09-02',0.0088875,1,'192.168.0.0'),(1043,63,'2011-09-02',0.0096938,1,'192.168.0.0'),(1044,64,'2011-09-02',0.0106938,1,'192.168.0.0'),(1045,65,'2011-09-02',0.011748825,1,'192.168.0.0'),(1046,66,'2011-09-02',0.0125688,1,'192.168.0.0'),(1047,67,'2011-09-02',0.0134438,1,'192.168.0.0'),(1048,68,'2011-09-02',0.0143031,1,'192.168.0.0'),(1049,69,'2011-09-02',0.01513598625,1,'192.168.0.0'),(1050,70,'2011-09-02',0.0157625,1,'192.168.0.0'),(1051,71,'2011-09-02',0.0165188,1,'192.168.0.0'),(1052,72,'2011-09-02',0.01249,1,'192.168.0.0'),(1053,73,'2011-09-02',0.014,1,'192.168.0.0'),(1054,74,'2011-09-02',0.016168383,1,'192.168.0.0'),(1055,75,'2011-09-02',0.01854,1,'192.168.0.0'),(1056,76,'2011-09-02',0.020847915,1,'192.168.0.0'),(1057,77,'2011-09-02',0.02306,1,'192.168.0.0'),(1058,78,'2011-09-02',0.02512,1,'192.168.0.0'),(1059,79,'2011-09-02',0.026957304,1,'192.168.0.0'),(1060,80,'2011-09-02',0.028547145,1,'192.168.0.0'),(1061,81,'2011-09-02',0.030926907,1,'192.168.0.0'),(1062,82,'2011-09-02',0.03312,1,'192.168.0.0'),(1063,83,'2011-09-02',0.035026497,1,'192.168.0.0'),(1064,84,'2011-09-02',0.035936406,1,'192.168.0.0'),(1065,85,'2011-09-02',0.036226377,1,'192.168.0.0'),(1066,86,'2011-09-02',0.00114368562,1,'192.168.0.0'),(1067,87,'2011-09-02',0.0011875,1,'192.168.0.0'),(1068,88,'2011-09-02',0.00124047594,1,'192.168.0.0'),(1069,89,'2011-09-02',0.00143425656,1,'192.168.0.0'),(1070,90,'2011-09-02',0.00159364062,1,'192.168.0.0'),(1071,91,'2011-09-02',0.0019313,1,'192.168.0.0'),(1072,92,'2011-09-02',0.00238726125,1,'192.168.0.0'),(1073,93,'2011-09-02',0.00291220875,1,'192.168.0.0'),(1074,94,'2011-09-02',0.0033438,1,'192.168.0.0'),(1075,95,'2011-09-02',0.00386841312,1,'192.168.0.0'),(1076,96,'2011-09-02',0.00433086687,1,'192.168.0.0'),(1077,97,'2011-09-02',0.0047438,1,'192.168.0.0'),(1078,98,'2011-09-02',0.0050438,1,'192.168.0.0'),(1079,99,'2011-09-02',0.00528697125,1,'192.168.0.0'),(1080,100,'2011-09-02',0.0055375,1,'192.168.0.0'),(1081,101,'2011-09-02',0.003379662,1,'192.168.0.0'),(1082,102,'2011-09-02',0.00359,1,'192.168.0.0'),(1083,103,'2011-09-02',0.004029597,1,'192.168.0.0'),(1084,104,'2011-09-02',0.00471,1,'192.168.0.0'),(1085,105,'2011-09-02',0.005659434,1,'192.168.0.0'),(1086,106,'2011-09-02',0.00679,1,'192.168.0.0'),(1087,107,'2011-09-02',0.008039196,1,'192.168.0.0'),(1088,108,'2011-09-02',0.0093,1,'192.168.0.0'),(1089,109,'2011-09-02',0.010488951,1,'192.168.0.0'),(1090,110,'2011-09-02',0.012628737,1,'192.168.0.0'),(1091,111,'2011-09-02',0.015118488,1,'192.168.0.0'),(1092,112,'2011-09-02',0.01758,1,'192.168.0.0'),(1093,113,'2011-09-02',0.01849815,1,'192.168.0.0'),(1094,114,'2011-09-02',0.0189,1,'192.168.0.0'),(1095,115,'2011-09-02',0.019368063,1,'192.168.0.0'),(1096,116,'2011-09-02',0.01979802,1,'192.168.0.0'),(1097,117,'2011-09-02',-0.003329667,1,'192.168.0.0'),(1098,118,'2011-09-02',-0.001669833,1,'192.168.0.0'),(1099,119,'2011-09-02',0,1,'192.168.0.0'),(1100,120,'2011-09-02',0,1,'192.168.0.0'),(1101,121,'2011-09-02',0.001669833,1,'192.168.0.0'),(1102,122,'2011-09-02',0.0049995,1,'192.168.0.0'),(1103,123,'2011-09-02',0.000125,1,'192.168.0.0'),(1104,124,'2011-09-02',0.0003083,1,'192.168.0.0'),(1105,125,'2011-09-02',0.0004667,1,'192.168.0.0'),(1106,126,'2011-09-02',0.0007583,1,'192.168.0.0'),(1107,127,'2011-09-02',0.00110818917,1,'192.168.0.0'),(1108,128,'2011-09-02',0.00149985,1,'192.168.0.0'),(1109,129,'2011-09-02',0.0019167,1,'192.168.0.0'),(1110,130,'2011-09-02',0.00239976,1,'192.168.0.0'),(1111,131,'2011-09-02',0.002849715,1,'192.168.0.0'),(1112,132,'2011-09-02',0.001539846,1,'192.168.0.0'),(1113,133,'2011-09-02',0.00379962,1,'192.168.0.0'),(1114,134,'2011-09-02',0.00625,1,'192.168.0.0'),(1115,135,'2011-09-02',0.00875,1,'192.168.0.0'),(1116,136,'2011-09-02',0.010868913,1,'192.168.0.0'),(1117,137,'2011-09-02',0.012548745,1,'192.168.0.0'),(1118,138,'2011-09-02',0.013918608,1,'192.168.0.0'),(1119,139,'2011-09-02',0.01505,1,'192.168.0.0'),(1120,140,'2011-09-02',0.01602,1,'192.168.0.0'),(1121,1,'2011-09-16',0.00929907,1,'192.168.0.0'),(1122,2,'2011-09-16',0.01050524937,1,'192.168.0.0'),(1123,3,'2011-09-16',0.011275,1,'192.168.0.0'),(1124,4,'2011-09-16',0.01290500937,1,'192.168.0.0'),(1125,5,'2011-09-16',0.01362993687,1,'192.168.0.0'),(1126,6,'2011-09-16',0.0148375,1,'192.168.0.0'),(1127,7,'2011-09-16',0.01550474937,1,'192.168.0.0'),(1128,8,'2011-09-16',0.01625467437,1,'192.168.0.0'),(1129,9,'2011-09-16',0.016975,1,'192.168.0.0'),(1130,10,'2011-09-16',0.0175113,1,'192.168.0.0'),(1131,11,'2011-09-16',0.01802,1,'192.168.0.0'),(1132,12,'2011-09-16',0.0185731425,1,'192.168.0.0'),(1133,13,'2011-09-16',0.01912938687,1,'192.168.0.0'),(1134,14,'2011-09-16',0.01974182562,1,'192.168.0.0'),(1135,15,'2011-09-16',0.02038546125,1,'192.168.0.0'),(1136,16,'2011-09-16',0.01518,1,'192.168.0.0'),(1137,17,'2011-09-16',0.016178382,1,'192.168.0.0'),(1138,18,'2011-09-16',0.01809819,1,'192.168.0.0'),(1139,19,'2011-09-16',0.020067993,1,'192.168.0.0'),(1140,20,'2011-09-16',0.021677832,1,'192.168.0.0'),(1141,21,'2011-09-16',0.0229977,1,'192.168.0.0'),(1142,22,'2011-09-16',0.024077592,1,'192.168.0.0'),(1143,23,'2011-09-16',0.02502,1,'192.168.0.0'),(1144,24,'2011-09-16',0.025877412,1,'192.168.0.0'),(1145,25,'2011-09-16',0.02744,1,'192.168.0.0'),(1146,26,'2011-09-16',0.0291,1,'192.168.0.0'),(1147,27,'2011-09-16',0.02981,1,'192.168.0.0'),(1148,28,'2011-09-16',0.029377062,1,'192.168.0.0'),(1149,29,'2011-09-16',0.02873,1,'192.168.0.0'),(1150,30,'2011-09-16',0.0014667,1,'192.168.0.0'),(1151,31,'2011-09-16',0.001879812,1,'192.168.0.0'),(1152,32,'2011-09-16',0.0020211,1,'192.168.0.0'),(1153,33,'2011-09-16',0.0023047695,1,'192.168.0.0'),(1154,34,'2011-09-16',0.00284861511,1,'192.168.0.0'),(1155,35,'2011-09-16',0.0035133,1,'192.168.0.0'),(1156,36,'2011-09-16',0.0040611,1,'192.168.0.0'),(1157,37,'2011-09-16',0.00462563739,1,'192.168.0.0'),(1158,38,'2011-09-16',0.00522777717,1,'192.168.0.0'),(1159,39,'2011-09-16',0.0057344265,1,'192.168.0.0'),(1160,40,'2011-09-16',0.00621767817,1,'192.168.0.0'),(1161,41,'2011-09-16',0.006729327,1,'192.168.0.0'),(1162,42,'2011-09-16',0.00722817711,1,'192.168.0.0'),(1163,43,'2011-09-16',0.0077556,1,'192.168.0.0'),(1164,44,'2011-09-16',0.00834856506,1,'192.168.0.0'),(1165,45,'2011-09-16',0.005069493,1,'192.168.0.0'),(1166,46,'2011-09-16',0.006549345,1,'192.168.0.0'),(1167,47,'2011-09-16',0.00921,1,'192.168.0.0'),(1168,48,'2011-09-16',0.01229,1,'192.168.0.0'),(1169,49,'2011-09-16',0.015078492,1,'192.168.0.0'),(1170,50,'2011-09-16',0.017548245,1,'192.168.0.0'),(1171,51,'2011-09-16',0.01951,1,'192.168.0.0'),(1172,52,'2011-09-16',0.02122,1,'192.168.0.0'),(1173,53,'2011-09-16',0.02261,1,'192.168.0.0'),(1174,54,'2011-09-16',0.02717,1,'192.168.0.0'),(1175,55,'2011-09-16',0.028977102,1,'192.168.0.0'),(1176,56,'2011-09-16',0.030416958,1,'192.168.0.0'),(1177,57,'2011-09-16',0.00583071687,1,'192.168.0.0'),(1178,58,'2011-09-16',0.00611188875,1,'192.168.0.0'),(1179,59,'2011-09-16',0.0062625,1,'192.168.0.0'),(1180,60,'2011-09-16',0.0067263,1,'192.168.0.0'),(1181,61,'2011-09-16',0.0076142385,1,'192.168.0.0'),(1182,62,'2011-09-16',0.0091906,1,'192.168.0.0'),(1183,63,'2011-09-16',0.0099844,1,'192.168.0.0'),(1184,64,'2011-09-16',0.01094270562,1,'192.168.0.0'),(1185,65,'2011-09-16',0.0120094,1,'192.168.0.0'),(1186,66,'2011-09-16',0.0128375,1,'192.168.0.0'),(1187,67,'2011-09-16',0.0137344,1,'192.168.0.0'),(1188,68,'2011-09-16',0.0145719,1,'192.168.0.0'),(1189,69,'2011-09-16',0.01540475937,1,'192.168.0.0'),(1190,70,'2011-09-16',0.01605469437,1,'192.168.0.0'),(1191,71,'2011-09-16',0.01681711812,1,'192.168.0.0'),(1192,72,'2011-09-16',0.012188781,1,'192.168.0.0'),(1193,73,'2011-09-16',0.01333,1,'192.168.0.0'),(1194,74,'2011-09-16',0.015158484,1,'192.168.0.0'),(1195,75,'2011-09-16',0.01729827,1,'192.168.0.0'),(1196,76,'2011-09-16',0.0194,1,'192.168.0.0'),(1197,77,'2011-09-16',0.021427857,1,'192.168.0.0'),(1198,78,'2011-09-16',0.023347665,1,'192.168.0.0'),(1199,79,'2011-09-16',0.02509749,1,'192.168.0.0'),(1200,80,'2011-09-16',0.026607339,1,'192.168.0.0'),(1201,81,'2011-09-16',0.02895,1,'192.168.0.0'),(1202,82,'2011-09-16',0.03122,1,'192.168.0.0'),(1203,83,'2011-09-16',0.033446655,1,'192.168.0.0'),(1204,84,'2011-09-16',0.034566543,1,'192.168.0.0'),(1205,85,'2011-09-16',0.03493,1,'192.168.0.0'),(1206,86,'2011-09-16',0.0010813,1,'192.168.0.0'),(1207,87,'2011-09-16',0.00116618337,1,'192.168.0.0'),(1208,88,'2011-09-16',0.0012313,1,'192.168.0.0'),(1209,89,'2011-09-16',0.00143115687,1,'192.168.0.0'),(1210,90,'2011-09-16',0.0015988,1,'192.168.0.0'),(1211,91,'2011-09-16',0.0019348065,1,'192.168.0.0'),(1212,92,'2011-09-16',0.00239226075,1,'192.168.0.0'),(1213,93,'2011-09-16',0.0029125,1,'192.168.0.0'),(1214,94,'2011-09-16',0.0033438,1,'192.168.0.0'),(1215,95,'2011-09-16',0.00386841312,1,'192.168.0.0'),(1216,96,'2011-09-16',0.00433086687,1,'192.168.0.0'),(1217,97,'2011-09-16',0.00474332562,1,'192.168.0.0'),(1218,98,'2011-09-16',0.00504329562,1,'192.168.0.0'),(1219,99,'2011-09-16',0.0052875,1,'192.168.0.0'),(1220,100,'2011-09-16',0.00553694625,1,'192.168.0.0'),(1221,101,'2011-09-16',0.003369663,1,'192.168.0.0'),(1222,102,'2011-09-16',0.00354,1,'192.168.0.0'),(1223,103,'2011-09-16',0.003909609,1,'192.168.0.0'),(1224,104,'2011-09-16',0.00451,1,'192.168.0.0'),(1225,105,'2011-09-16',0.00535,1,'192.168.0.0'),(1226,106,'2011-09-16',0.00638,1,'192.168.0.0'),(1227,107,'2011-09-16',0.007529247,1,'192.168.0.0'),(1228,108,'2011-09-16',0.00869,1,'192.168.0.0'),(1229,109,'2011-09-16',0.00979902,1,'192.168.0.0'),(1230,110,'2011-09-16',0.011808819,1,'192.168.0.0'),(1231,111,'2011-09-16',0.01418,1,'192.168.0.0'),(1232,112,'2011-09-16',0.01649835,1,'192.168.0.0'),(1233,113,'2011-09-16',0.01735,1,'192.168.0.0'),(1234,114,'2011-09-16',0.017708229,1,'192.168.0.0'),(1235,115,'2011-09-16',0.018138186,1,'192.168.0.0'),(1236,116,'2011-09-16',0.018548145,1,'192.168.0.0'),(1237,117,'2011-09-16',0,1,'192.168.0.0'),(1238,118,'2011-09-16',0,1,'192.168.0.0'),(1239,119,'2011-09-16',0,1,'192.168.0.0'),(1240,120,'2011-09-16',0,1,'192.168.0.0'),(1241,121,'2011-09-16',0.0000167,1,'192.168.0.0'),(1242,122,'2011-09-16',0.00006669333,1,'192.168.0.0'),(1243,123,'2011-09-16',0.0001833,1,'192.168.0.0'),(1244,124,'2011-09-16',0.0003417,1,'192.168.0.0'),(1245,125,'2011-09-16',0.0005333,1,'192.168.0.0'),(1246,126,'2011-09-16',0.00080821917,1,'192.168.0.0'),(1247,127,'2011-09-16',0.0011748825,1,'192.168.0.0'),(1248,128,'2011-09-16',0.001595,1,'192.168.0.0'),(1249,129,'2011-09-16',0.0019783,1,'192.168.0.0'),(1250,130,'2011-09-16',0.0024667,1,'192.168.0.0'),(1251,131,'2011-09-16',0.0029333,1,'192.168.0.0'),(1252,132,'2011-09-16',0.00213,1,'192.168.0.0'),(1253,133,'2011-09-16',0.004069593,1,'192.168.0.0'),(1254,134,'2011-09-16',0.00641,1,'192.168.0.0'),(1255,135,'2011-09-16',0.00879,1,'192.168.0.0'),(1256,136,'2011-09-16',0.01075,1,'192.168.0.0'),(1257,137,'2011-09-16',0.01227,1,'192.168.0.0'),(1258,138,'2011-09-16',0.01351,1,'192.168.0.0'),(1259,139,'2011-09-16',0.01454,1,'192.168.0.0'),(1260,140,'2011-09-16',0.015438456,1,'192.168.0.0'),(1261,1,'2011-09-23',0.00909909,1,'192.168.0.0'),(1262,2,'2011-09-23',0.01104639525,1,'192.168.0.0'),(1263,3,'2011-09-23',0.01141135875,1,'192.168.0.0'),(1264,4,'2011-09-23',0.012925,1,'192.168.0.0'),(1265,5,'2011-09-23',0.013648635,1,'192.168.0.0'),(1266,6,'2011-09-23',0.0148625,1,'192.168.0.0'),(1267,7,'2011-09-23',0.0155063,1,'192.168.0.0'),(1268,8,'2011-09-23',0.0162563,1,'192.168.0.0'),(1269,9,'2011-09-23',0.016975,1,'192.168.0.0'),(1270,10,'2011-09-23',0.01750454937,1,'192.168.0.0'),(1271,11,'2011-09-23',0.0180013,1,'192.168.0.0'),(1272,12,'2011-09-23',0.0185313,1,'192.168.0.0'),(1273,13,'2011-09-23',0.01909809,1,'192.168.0.0'),(1274,14,'2011-09-23',0.01971052875,1,'192.168.0.0'),(1275,15,'2011-09-23',0.0203229675,1,'192.168.0.0'),(1276,16,'2011-09-23',0.014168583,1,'192.168.0.0'),(1277,17,'2011-09-23',0.01518,1,'192.168.0.0'),(1278,18,'2011-09-23',0.01686,1,'192.168.0.0'),(1279,19,'2011-09-23',0.01863,1,'192.168.0.0'),(1280,20,'2011-09-23',0.020157984,1,'192.168.0.0'),(1281,21,'2011-09-23',0.02139786,1,'192.168.0.0'),(1282,22,'2011-09-23',0.02239776,1,'192.168.0.0'),(1283,23,'2011-09-23',0.02323,1,'192.168.0.0'),(1284,24,'2011-09-23',0.02396,1,'192.168.0.0'),(1285,25,'2011-09-23',0.02526,1,'192.168.0.0'),(1286,26,'2011-09-23',0.026587341,1,'192.168.0.0'),(1287,27,'2011-09-23',0.02689731,1,'192.168.0.0'),(1288,28,'2011-09-23',0.026457354,1,'192.168.0.0'),(1289,29,'2011-09-23',0.0259,1,'192.168.0.0'),(1290,30,'2011-09-23',0.00146095389,1,'192.168.0.0'),(1291,31,'2011-09-23',0.00190760922,1,'192.168.0.0'),(1292,32,'2011-09-23',0.0020583,1,'192.168.0.0'),(1293,33,'2011-09-23',0.0023578,1,'192.168.0.0'),(1294,34,'2011-09-23',0.0029294,1,'192.168.0.0'),(1295,35,'2011-09-23',0.00360183978,1,'192.168.0.0'),(1296,36,'2011-09-23',0.0041972,1,'192.168.0.0'),(1297,37,'2011-09-23',0.00481511844,1,'192.168.0.0'),(1298,38,'2011-09-23',0.00539506044,1,'192.168.0.0'),(1299,39,'2011-09-23',0.0058856,1,'192.168.0.0'),(1300,40,'2011-09-23',0.00637156278,1,'192.168.0.0'),(1301,41,'2011-09-23',0.0068694,1,'192.168.0.0'),(1302,42,'2011-09-23',0.00737146278,1,'192.168.0.0'),(1303,43,'2011-09-23',0.0078917,1,'192.168.0.0'),(1304,44,'2011-09-23',0.0084741525,1,'192.168.0.0'),(1305,45,'2011-09-23',0.005229477,1,'192.168.0.0'),(1306,46,'2011-09-23',0.006479352,1,'192.168.0.0'),(1307,47,'2011-09-23',0.00877,1,'192.168.0.0'),(1308,48,'2011-09-23',0.011318868,1,'192.168.0.0'),(1309,49,'2011-09-23',0.013678632,1,'192.168.0.0'),(1310,50,'2011-09-23',0.015648435,1,'192.168.0.0'),(1311,51,'2011-09-23',0.01728,1,'192.168.0.0'),(1312,52,'2011-09-23',0.01864,1,'192.168.0.0'),(1313,53,'2011-09-23',0.01972,1,'192.168.0.0'),(1314,54,'2011-09-23',0.023567643,1,'192.168.0.0'),(1315,55,'2011-09-23',0.02503,1,'192.168.0.0'),(1316,56,'2011-09-23',0.02613,1,'192.168.0.0'),(1317,57,'2011-09-23',0.0058313,1,'192.168.0.0'),(1318,58,'2011-09-23',0.0061281,1,'192.168.0.0'),(1319,59,'2011-09-23',0.0063125,1,'192.168.0.0'),(1320,60,'2011-09-23',0.00681061887,1,'192.168.0.0'),(1321,61,'2011-09-23',0.0077469,1,'192.168.0.0'),(1322,62,'2011-09-23',0.0093344,1,'192.168.0.0'),(1323,63,'2011-09-23',0.0101313,1,'192.168.0.0'),(1324,64,'2011-09-23',0.01111448844,1,'192.168.0.0'),(1325,65,'2011-09-23',0.0121688,1,'192.168.0.0'),(1326,66,'2011-09-23',0.01301749812,1,'192.168.0.0'),(1327,67,'2011-09-23',0.0138781,1,'192.168.0.0'),(1328,68,'2011-09-23',0.0147281,1,'192.168.0.0'),(1329,69,'2011-09-23',0.0155625,1,'192.168.0.0'),(1330,70,'2011-09-23',0.0162125,1,'192.168.0.0'),(1331,71,'2011-09-23',0.0169938,1,'192.168.0.0'),(1332,72,'2011-09-23',0.01205,1,'192.168.0.0'),(1333,73,'2011-09-23',0.013148685,1,'192.168.0.0'),(1334,74,'2011-09-23',0.014838516,1,'192.168.0.0'),(1335,75,'2011-09-23',0.01675,1,'192.168.0.0'),(1336,76,'2011-09-23',0.01861,1,'192.168.0.0'),(1337,77,'2011-09-23',0.02033,1,'192.168.0.0'),(1338,78,'2011-09-23',0.021937806,1,'192.168.0.0'),(1339,79,'2011-09-23',0.02339766,1,'192.168.0.0'),(1340,80,'2011-09-23',0.024687531,1,'192.168.0.0'),(1341,81,'2011-09-23',0.02678,1,'192.168.0.0'),(1342,82,'2011-09-23',0.02891,1,'192.168.0.0'),(1343,83,'2011-09-23',0.03092,1,'192.168.0.0'),(1344,84,'2011-09-23',0.031956804,1,'192.168.0.0'),(1345,85,'2011-09-23',0.03229,1,'192.168.0.0'),(1346,86,'2011-09-23',0.00109369062,1,'192.168.0.0'),(1347,87,'2011-09-23',0.0011788,1,'192.168.0.0'),(1348,88,'2011-09-23',0.0012563,1,'192.168.0.0'),(1349,89,'2011-09-23',0.00143115687,1,'192.168.0.0'),(1350,90,'2011-09-23',0.00158614137,1,'192.168.0.0'),(1351,91,'2011-09-23',0.001935,1,'192.168.0.0'),(1352,92,'2011-09-23',0.0023925,1,'192.168.0.0'),(1353,93,'2011-09-23',0.00289971,1,'192.168.0.0'),(1354,94,'2011-09-23',0.00333096687,1,'192.168.0.0'),(1355,95,'2011-09-23',0.0038563,1,'192.168.0.0'),(1356,96,'2011-09-23',0.0043188,1,'192.168.0.0'),(1357,97,'2011-09-23',0.0047313,1,'192.168.0.0'),(1358,98,'2011-09-23',0.00503079687,1,'192.168.0.0'),(1359,99,'2011-09-23',0.005275,1,'192.168.0.0'),(1360,100,'2011-09-23',0.0055244475,1,'192.168.0.0'),(1361,101,'2011-09-22',0.00338,1,'192.168.0.0'),(1362,102,'2011-09-22',0.003519648,1,'192.168.0.0'),(1363,103,'2011-09-22',0.003869613,1,'192.168.0.0'),(1364,104,'2011-09-22',0.00444,1,'192.168.0.0'),(1365,105,'2011-09-22',0.00524,1,'192.168.0.0'),(1366,106,'2011-09-22',0.00623,1,'192.168.0.0'),(1367,107,'2011-09-22',0.00736,1,'192.168.0.0'),(1368,108,'2011-09-22',0.00853,1,'192.168.0.0'),(1369,109,'2011-09-22',0.00963,1,'192.168.0.0'),(1370,110,'2011-09-22',0.01163,1,'192.168.0.0'),(1371,111,'2011-09-22',0.013978602,1,'192.168.0.0'),(1372,112,'2011-09-22',0.01627,1,'192.168.0.0'),(1373,113,'2011-09-22',0.017108289,1,'192.168.0.0'),(1374,114,'2011-09-22',0.01747,1,'192.168.0.0'),(1375,115,'2011-09-22',0.01789,1,'192.168.0.0'),(1376,116,'2011-09-22',0.0183,1,'192.168.0.0'),(1377,117,'2011-09-23',0,1,'192.168.0.0'),(1378,118,'2011-09-23',0.0000167,1,'192.168.0.0'),(1379,119,'2011-09-23',0.0000333,1,'192.168.0.0'),(1380,120,'2011-09-23',0.00003329667,1,'192.168.0.0'),(1381,121,'2011-09-23',0.000049995,1,'192.168.0.0'),(1382,122,'2011-09-23',0.0001,1,'192.168.0.0'),(1383,123,'2011-09-23',0.000249975,1,'192.168.0.0'),(1384,124,'2011-09-23',0.0004083,1,'192.168.0.0'),(1385,125,'2011-09-23',0.00056664333,1,'192.168.0.0'),(1386,126,'2011-09-23',0.00084161583,1,'192.168.0.0'),(1387,127,'2011-09-23',0.0012083,1,'192.168.0.0'),(1388,128,'2011-09-23',0.0016117,1,'192.168.0.0'),(1389,129,'2011-09-23',0.00197810217,1,'192.168.0.0'),(1390,130,'2011-09-23',0.0024667,1,'192.168.0.0'),(1391,131,'2011-09-23',0.00293300667,1,'192.168.0.0'),(1392,132,'2011-09-23',0.001249875,1,'192.168.0.0'),(1393,133,'2011-09-23',0.00308,1,'192.168.0.0'),(1394,134,'2011-09-23',0.005229477,1,'192.168.0.0'),(1395,135,'2011-09-23',0.00744,1,'192.168.0.0'),(1396,136,'2011-09-23',0.009279072,1,'192.168.0.0'),(1397,137,'2011-09-23',0.010728927,1,'192.168.0.0'),(1398,138,'2011-09-23',0.01189881,1,'192.168.0.0'),(1399,139,'2011-09-23',0.01288,1,'192.168.0.0'),(1400,140,'2011-09-23',0.0137,1,'192.168.0.0'),(1401,141,'2011-09-23',0.0480175,1,'192.168.0.0'),(1402,142,'2011-09-23',0.048245175,1,'192.168.0.0'),(1403,143,'2011-09-23',0.04828767075,1,'192.168.0.0'),(1404,144,'2011-09-23',0.04829517,1,'192.168.0.0'),(1405,145,'2011-09-23',0.04835,1,'192.168.0.0'),(1406,146,'2011-09-23',0.04825,1,'192.168.0.0'),(1407,147,'2011-09-23',0.0481701825,1,'192.168.0.0'),(1408,148,'2011-09-23',0.0482875,1,'192.168.0.0'),(1409,149,'2011-09-23',0.0484875,1,'192.168.0.0'),(1410,150,'2011-09-23',0.0487201275,1,'192.168.0.0'),(1411,151,'2011-09-23',0.048825,1,'192.168.0.0'),(1412,152,'2011-09-23',0.0489201075,1,'192.168.0.0'),(1413,153,'2011-09-23',0.049075,1,'192.168.0.0'),(1414,154,'2011-09-23',0.0495700425,1,'192.168.0.0'),(1415,155,'2011-09-23',0.049975,1,'192.168.0.0'),(1416,1,'2011-10-04',0.00879912,1,'192.168.0.0'),(1417,2,'2011-10-04',0.0110125,1,'192.168.0.0'),(1418,3,'2011-10-04',0.01163013687,1,'192.168.0.0'),(1419,4,'2011-10-04',0.012975,1,'192.168.0.0'),(1420,5,'2011-10-04',0.013675,1,'192.168.0.0'),(1421,6,'2011-10-04',0.0149735025,1,'192.168.0.0'),(1422,7,'2011-10-04',0.0156063,1,'192.168.0.0'),(1423,8,'2011-10-04',0.0163233675,1,'192.168.0.0'),(1424,9,'2011-10-04',0.0170575,1,'192.168.0.0'),(1425,10,'2011-10-04',0.01759704012,1,'192.168.0.0'),(1426,11,'2011-10-04',0.0181313,1,'192.168.0.0'),(1427,12,'2011-10-04',0.01866,1,'192.168.0.0'),(1428,13,'2011-10-04',0.01924057575,1,'192.168.0.0'),(1429,14,'2011-10-04',0.01982931687,1,'192.168.0.0'),(1430,15,'2011-10-04',0.020425,1,'192.168.0.0'),(1431,16,'2011-10-04',0.014428557,1,'192.168.0.0'),(1432,17,'2011-10-04',0.01525,1,'192.168.0.0'),(1433,18,'2011-10-04',0.0169983,1,'192.168.0.0'),(1434,19,'2011-10-04',0.01887,1,'192.168.0.0'),(1435,20,'2011-10-04',0.02046,1,'192.168.0.0'),(1436,21,'2011-10-04',0.021737826,1,'192.168.0.0'),(1437,22,'2011-10-04',0.022767723,1,'192.168.0.0'),(1438,23,'2011-10-04',0.02363,1,'192.168.0.0'),(1439,24,'2011-10-04',0.0244,1,'192.168.0.0'),(1440,25,'2011-10-04',0.02577,1,'192.168.0.0'),(1441,26,'2011-10-04',0.027077292,1,'192.168.0.0'),(1442,27,'2011-10-04',0.02745,1,'192.168.0.0'),(1443,28,'2011-10-04',0.02689,1,'192.168.0.0'),(1444,29,'2011-10-04',0.026307369,1,'192.168.0.0'),(1445,30,'2011-10-04',0.0014333,1,'192.168.0.0'),(1446,31,'2011-10-04',0.0019144,1,'192.168.0.0'),(1447,32,'2011-10-04',0.00208,1,'192.168.0.0'),(1448,33,'2011-10-04',0.0024111,1,'192.168.0.0'),(1449,34,'2011-10-04',0.00304079589,1,'192.168.0.0'),(1450,35,'2011-10-04',0.00380901906,1,'192.168.0.0'),(1451,36,'2011-10-04',0.0044078,1,'192.168.0.0'),(1452,37,'2011-10-04',0.00504619533,1,'192.168.0.0'),(1453,38,'2011-10-04',0.00567,1,'192.168.0.0'),(1454,39,'2011-10-04',0.0061889,1,'192.168.0.0'),(1455,40,'2011-10-04',0.006649335,1,'192.168.0.0'),(1456,41,'2011-10-04',0.0071578,1,'192.168.0.0'),(1457,42,'2011-10-04',0.00764483544,1,'192.168.0.0'),(1458,43,'2011-10-04',0.00817138278,1,'192.168.0.0'),(1459,44,'2011-10-04',0.008749125,1,'192.168.0.0'),(1460,45,'2011-10-04',0.006279372,1,'192.168.0.0'),(1461,46,'2011-10-04',0.0077,1,'192.168.0.0'),(1462,47,'2011-10-04',0.009939006,1,'192.168.0.0'),(1463,48,'2011-10-04',0.012358764,1,'192.168.0.0'),(1464,49,'2011-10-04',0.014628537,1,'192.168.0.0'),(1465,50,'2011-10-04',0.01648,1,'192.168.0.0'),(1466,51,'2011-10-04',0.01798,1,'192.168.0.0'),(1467,52,'2011-10-04',0.01919,1,'192.168.0.0'),(1468,53,'2011-10-04',0.02025,1,'192.168.0.0'),(1469,54,'2011-10-04',0.023677632,1,'192.168.0.0'),(1470,55,'2011-10-04',0.024867513,1,'192.168.0.0'),(1471,56,'2011-10-04',0.02566,1,'192.168.0.0'),(1472,57,'2011-10-04',0.00588691125,1,'192.168.0.0'),(1473,58,'2011-10-04',0.00622127781,1,'192.168.0.0'),(1474,59,'2011-10-04',0.00638066187,1,'192.168.0.0'),(1475,60,'2011-10-04',0.0069375,1,'192.168.0.0'),(1476,61,'2011-10-04',0.00790550937,1,'192.168.0.0'),(1477,62,'2011-10-04',0.00956784312,1,'192.168.0.0'),(1478,63,'2011-10-04',0.010335,1,'192.168.0.0'),(1479,64,'2011-10-04',0.01130016987,1,'192.168.0.0'),(1480,65,'2011-10-04',0.01234,1,'192.168.0.0'),(1481,66,'2011-10-04',0.01319868,1,'192.168.0.0'),(1482,67,'2011-10-04',0.0140625,1,'192.168.0.0'),(1483,68,'2011-10-04',0.01489541031,1,'192.168.0.0'),(1484,69,'2011-10-04',0.0157375,1,'192.168.0.0'),(1485,70,'2011-10-04',0.01639836,1,'192.168.0.0'),(1486,71,'2011-10-04',0.01719208062,1,'192.168.0.0'),(1487,72,'2011-10-04',0.01275,1,'192.168.0.0'),(1488,73,'2011-10-04',0.01376,1,'192.168.0.0'),(1489,74,'2011-10-04',0.015338466,1,'192.168.0.0'),(1490,75,'2011-10-04',0.01709829,1,'192.168.0.0'),(1491,76,'2011-10-04',0.018838116,1,'192.168.0.0'),(1492,77,'2011-10-04',0.020537946,1,'192.168.0.0'),(1493,78,'2011-10-04',0.022147785,1,'192.168.0.0'),(1494,79,'2011-10-04',0.02356,1,'192.168.0.0'),(1495,80,'2011-10-04',0.02478,1,'192.168.0.0'),(1496,81,'2011-10-04',0.02669,1,'192.168.0.0'),(1497,82,'2011-10-04',0.028587141,1,'192.168.0.0'),(1498,83,'2011-10-04',0.030326967,1,'192.168.0.0'),(1499,84,'2011-10-04',0.03124,1,'192.168.0.0'),(1500,85,'2011-10-04',0.031546845,1,'192.168.0.0'),(1501,86,'2011-10-04',0.00110618937,1,'192.168.0.0'),(1502,87,'2011-10-04',0.0011788,1,'192.168.0.0'),(1503,88,'2011-10-04',0.0012438,1,'192.168.0.0'),(1504,89,'2011-10-04',0.0014313,1,'192.168.0.0'),(1505,90,'2011-10-04',0.0015863,1,'192.168.0.0'),(1506,91,'2011-10-04',0.0019413,1,'192.168.0.0'),(1507,92,'2011-10-04',0.00239226075,1,'192.168.0.0'),(1508,93,'2011-10-04',0.0029,1,'192.168.0.0'),(1509,94,'2011-10-04',0.00333096687,1,'192.168.0.0'),(1510,95,'2011-10-04',0.00385591437,1,'192.168.0.0'),(1511,96,'2011-10-04',0.00431836812,1,'192.168.0.0'),(1512,97,'2011-10-04',0.0047313,1,'192.168.0.0'),(1513,98,'2011-10-04',0.00503079687,1,'192.168.0.0'),(1514,99,'2011-10-04',0.005275,1,'192.168.0.0'),(1515,100,'2011-10-04',0.0055244475,1,'192.168.0.0'),(1516,101,'2011-10-04',0.00345,1,'192.168.0.0'),(1517,102,'2011-10-04',0.003639636,1,'192.168.0.0'),(1518,103,'2011-10-04',0.00402,1,'192.168.0.0'),(1519,104,'2011-10-04',0.004629537,1,'192.168.0.0'),(1520,105,'2011-10-04',0.00548,1,'192.168.0.0'),(1521,106,'2011-10-04',0.00649935,1,'192.168.0.0'),(1522,107,'2011-10-04',0.00764,1,'192.168.0.0'),(1523,108,'2011-10-04',0.00881,1,'192.168.0.0'),(1524,109,'2011-10-04',0.0099,1,'192.168.0.0'),(1525,110,'2011-10-04',0.011828817,1,'192.168.0.0'),(1526,111,'2011-10-04',0.014108589,1,'192.168.0.0'),(1527,112,'2011-10-04',0.01634,1,'192.168.0.0'),(1528,113,'2011-10-04',0.017108289,1,'192.168.0.0'),(1529,114,'2011-10-04',0.017408259,1,'192.168.0.0'),(1530,115,'2011-10-04',0.01781,1,'192.168.0.0'),(1531,116,'2011-10-04',0.01821,1,'192.168.0.0'),(1532,117,'2011-10-04',0,1,'192.168.0.0'),(1533,118,'2011-10-04',0.0000333,1,'192.168.0.0'),(1534,119,'2011-10-04',0.00005,1,'192.168.0.0'),(1535,120,'2011-10-04',0.00006669333,1,'192.168.0.0'),(1536,121,'2011-10-04',0.0001333,1,'192.168.0.0'),(1537,122,'2011-10-04',0.000249975,1,'192.168.0.0'),(1538,123,'2011-10-04',0.000349965,1,'192.168.0.0'),(1539,124,'2011-10-04',0.0004917,1,'192.168.0.0'),(1540,125,'2011-10-04',0.0006833,1,'192.168.0.0'),(1541,126,'2011-10-04',0.0009167,1,'192.168.0.0'),(1542,127,'2011-10-04',0.0012583,1,'192.168.0.0'),(1543,128,'2011-10-04',0.0016617,1,'192.168.0.0'),(1544,129,'2011-10-04',0.0020283,1,'192.168.0.0'),(1545,130,'2011-10-04',0.00250304967,1,'192.168.0.0'),(1546,131,'2011-10-04',0.002995,1,'192.168.0.0'),(1547,132,'2011-10-04',0.001179882,1,'192.168.0.0'),(1548,133,'2011-10-04',0.00287,1,'192.168.0.0'),(1549,134,'2011-10-04',0.00508,1,'192.168.0.0'),(1550,135,'2011-10-04',0.007329267,1,'192.168.0.0'),(1551,136,'2011-10-04',0.00928,1,'192.168.0.0'),(1552,137,'2011-10-04',0.01088,1,'192.168.0.0'),(1553,138,'2011-10-04',0.012178782,1,'192.168.0.0'),(1554,139,'2011-10-04',0.01323,1,'192.168.0.0'),(1555,140,'2011-10-04',0.014128587,1,'192.168.0.0'),(1556,141,'2011-10-04',0.04809519,1,'192.168.0.0'),(1557,142,'2011-10-04',0.048175,1,'192.168.0.0'),(1558,143,'2011-10-04',0.04829517,1,'192.168.0.0'),(1559,144,'2011-10-04',0.0483,1,'192.168.0.0'),(1560,145,'2011-10-04',0.048265173,1,'192.168.0.0'),(1561,146,'2011-10-04',0.0481,1,'192.168.0.0'),(1562,147,'2011-10-04',0.0482,1,'192.168.0.0'),(1563,148,'2011-10-04',0.048245175,1,'192.168.0.0'),(1564,149,'2011-10-04',0.0483701625,1,'192.168.0.0'),(1565,150,'2011-10-04',0.04858264125,1,'192.168.0.0'),(1566,151,'2011-10-04',0.04866263325,1,'192.168.0.0'),(1567,152,'2011-10-04',0.0489,1,'192.168.0.0'),(1568,153,'2011-10-04',0.0489951,1,'192.168.0.0'),(1569,154,'2011-10-04',0.0494200575,1,'192.168.0.0'),(1570,155,'2011-10-04',0.04989501,1,'192.168.0.0'),(1571,1,'2011-10-07',0.00848665125,1,'192.168.0.0'),(1572,2,'2011-10-07',0.01099020087,1,'192.168.0.0'),(1573,3,'2011-10-07',0.0114813,1,'192.168.0.0'),(1574,4,'2011-10-07',0.01301119875,1,'192.168.0.0'),(1575,5,'2011-10-07',0.0137125,1,'192.168.0.0'),(1576,6,'2011-10-07',0.01503599625,1,'192.168.0.0'),(1577,7,'2011-10-07',0.01566093375,1,'192.168.0.0'),(1578,8,'2011-10-07',0.01636086375,1,'192.168.0.0'),(1579,9,'2011-10-07',0.0171325,1,'192.168.0.0'),(1580,10,'2011-10-07',0.0176613,1,'192.168.0.0'),(1581,11,'2011-10-07',0.01818698112,1,'192.168.0.0'),(1582,12,'2011-10-07',0.0187475,1,'192.168.0.0'),(1583,13,'2011-10-07',0.0193363,1,'192.168.0.0'),(1584,14,'2011-10-07',0.0199375,1,'192.168.0.0'),(1585,15,'2011-10-07',0.02055,1,'192.168.0.0'),(1586,16,'2011-10-07',0.01571,1,'192.168.0.0'),(1587,17,'2011-10-07',0.01667,1,'192.168.0.0'),(1588,18,'2011-10-07',0.01843,1,'192.168.0.0'),(1589,19,'2011-10-07',0.02032,1,'192.168.0.0'),(1590,20,'2011-10-07',0.021947805,1,'192.168.0.0'),(1591,21,'2011-10-07',0.02328,1,'192.168.0.0'),(1592,22,'2011-10-07',0.02436,1,'192.168.0.0'),(1593,23,'2011-10-07',0.02526,1,'192.168.0.0'),(1594,24,'2011-10-07',0.026057394,1,'192.168.0.0'),(1595,25,'2011-10-07',0.0275,1,'192.168.0.0'),(1596,26,'2011-10-07',0.02889711,1,'192.168.0.0'),(1597,27,'2011-10-07',0.029277072,1,'192.168.0.0'),(1598,28,'2011-10-07',0.028727127,1,'192.168.0.0'),(1599,29,'2011-10-07',0.02818,1,'192.168.0.0'),(1600,30,'2011-10-07',0.00139426056,1,'192.168.0.0'),(1601,31,'2011-10-07',0.00191310867,1,'192.168.0.0'),(1602,32,'2011-10-07',0.00207869211,1,'192.168.0.0'),(1603,33,'2011-10-07',0.00242865711,1,'192.168.0.0'),(1604,34,'2011-10-07',0.003109689,1,'192.168.0.0'),(1605,35,'2011-10-07',0.0039111,1,'192.168.0.0'),(1606,36,'2011-10-07',0.00453844611,1,'192.168.0.0'),(1607,37,'2011-10-07',0.00516058389,1,'192.168.0.0'),(1608,38,'2011-10-07',0.0058056,1,'192.168.0.0'),(1609,39,'2011-10-07',0.00632606733,1,'192.168.0.0'),(1610,40,'2011-10-07',0.006809319,1,'192.168.0.0'),(1611,41,'2011-10-07',0.00731706822,1,'192.168.0.0'),(1612,42,'2011-10-07',0.00781591833,1,'192.168.0.0'),(1613,43,'2011-10-07',0.0083367,1,'192.168.0.0'),(1614,44,'2011-10-07',0.0089267,1,'192.168.0.0'),(1615,45,'2011-10-07',0.006489351,1,'192.168.0.0'),(1616,46,'2011-10-07',0.00844,1,'192.168.0.0'),(1617,47,'2011-10-07',0.011258874,1,'192.168.0.0'),(1618,48,'2011-10-07',0.014138586,1,'192.168.0.0'),(1619,49,'2011-10-07',0.01666,1,'192.168.0.0'),(1620,50,'2011-10-07',0.018758124,1,'192.168.0.0'),(1621,51,'2011-10-07',0.020417958,1,'192.168.0.0'),(1622,52,'2011-10-07',0.02177,1,'192.168.0.0'),(1623,53,'2011-10-07',0.02287,1,'192.168.0.0'),(1624,54,'2011-10-07',0.02625,1,'192.168.0.0'),(1625,55,'2011-10-07',0.02734,1,'192.168.0.0'),(1626,56,'2011-10-07',0.02811,1,'192.168.0.0'),(1627,57,'2011-10-07',0.005849415,1,'192.168.0.0'),(1628,58,'2011-10-07',0.00618998094,1,'192.168.0.0'),(1629,59,'2011-10-07',0.0063563,1,'192.168.0.0'),(1630,60,'2011-10-07',0.006919308,1,'192.168.0.0'),(1631,61,'2011-10-07',0.0079013,1,'192.168.0.0'),(1632,62,'2011-10-07',0.0095875,1,'192.168.0.0'),(1633,63,'2011-10-07',0.01037276262,1,'192.168.0.0'),(1634,64,'2011-10-07',0.0113275,1,'192.168.0.0'),(1635,65,'2011-10-07',0.0123837615,1,'192.168.0.0'),(1636,66,'2011-10-07',0.01323617625,1,'192.168.0.0'),(1637,67,'2011-10-07',0.01409859,1,'192.168.0.0'),(1638,68,'2011-10-07',0.01494540531,1,'192.168.0.0'),(1639,69,'2011-10-07',0.0157938,1,'192.168.0.0'),(1640,70,'2011-10-07',0.0164688,1,'192.168.0.0'),(1641,71,'2011-10-07',0.017248275,1,'192.168.0.0'),(1642,72,'2011-10-07',0.0138,1,'192.168.0.0'),(1643,73,'2011-10-07',0.01503,1,'192.168.0.0'),(1644,74,'2011-10-07',0.01663,1,'192.168.0.0'),(1645,75,'2011-10-07',0.018428157,1,'192.168.0.0'),(1646,76,'2011-10-07',0.020247975,1,'192.168.0.0'),(1647,77,'2011-10-07',0.022027797,1,'192.168.0.0'),(1648,78,'2011-10-07',0.0237,1,'192.168.0.0'),(1649,79,'2011-10-07',0.025177482,1,'192.168.0.0'),(1650,80,'2011-10-07',0.02644,1,'192.168.0.0'),(1651,81,'2011-10-07',0.02829717,1,'192.168.0.0'),(1652,82,'2011-10-07',0.030066993,1,'192.168.0.0'),(1653,83,'2011-10-07',0.03148,1,'192.168.0.0'),(1654,84,'2011-10-07',0.032106789,1,'192.168.0.0'),(1655,85,'2011-10-07',0.03227,1,'192.168.0.0'),(1656,86,'2011-10-07',0.0011188,1,'192.168.0.0'),(1657,87,'2011-10-07',0.0011788,1,'192.168.0.0'),(1658,88,'2011-10-07',0.0012438,1,'192.168.0.0'),(1659,89,'2011-10-07',0.0014313,1,'192.168.0.0'),(1660,90,'2011-10-07',0.00158614137,1,'192.168.0.0'),(1661,91,'2011-10-07',0.0019413,1,'192.168.0.0'),(1662,92,'2011-10-07',0.0023925,1,'192.168.0.0'),(1663,93,'2011-10-07',0.00289971,1,'192.168.0.0'),(1664,94,'2011-10-07',0.0033313,1,'192.168.0.0'),(1665,95,'2011-10-07',0.0038563,1,'192.168.0.0'),(1666,96,'2011-10-07',0.00431836812,1,'192.168.0.0'),(1667,97,'2011-10-07',0.00473082687,1,'192.168.0.0'),(1668,98,'2011-10-07',0.0050313,1,'192.168.0.0'),(1669,99,'2011-10-07',0.0052744725,1,'192.168.0.0'),(1670,100,'2011-10-07',0.0055244475,1,'192.168.0.0'),(1671,101,'2011-10-07',0.003489651,1,'192.168.0.0'),(1672,102,'2011-10-07',0.00366,1,'192.168.0.0'),(1673,103,'2011-10-07',0.00403,1,'192.168.0.0'),(1674,104,'2011-10-07',0.00462,1,'192.168.0.0'),(1675,105,'2011-10-07',0.005449455,1,'192.168.0.0'),(1676,106,'2011-10-07',0.006469353,1,'192.168.0.0'),(1677,107,'2011-10-07',0.007619238,1,'192.168.0.0'),(1678,108,'2011-10-07',0.00877,1,'192.168.0.0'),(1679,109,'2011-10-07',0.009869013,1,'192.168.0.0'),(1680,110,'2011-10-07',0.011818818,1,'192.168.0.0'),(1681,111,'2011-10-07',0.01413,1,'192.168.0.0'),(1682,112,'2011-10-07',0.016388361,1,'192.168.0.0'),(1683,113,'2011-10-07',0.017188281,1,'192.168.0.0'),(1684,114,'2011-10-07',0.01751,1,'192.168.0.0'),(1685,115,'2011-10-07',0.017928207,1,'192.168.0.0'),(1686,116,'2011-10-07',0.018328167,1,'192.168.0.0'),(1687,117,'2011-10-07',0,1,'192.168.0.0'),(1688,118,'2011-10-07',0.0000333,1,'192.168.0.0'),(1689,119,'2011-10-07',0.0000667,1,'192.168.0.0'),(1690,120,'2011-10-07',0.0000833,1,'192.168.0.0'),(1691,121,'2011-10-07',0.0001667,1,'192.168.0.0'),(1692,122,'2011-10-07',0.00029997,1,'192.168.0.0'),(1693,123,'2011-10-07',0.0004167,1,'192.168.0.0'),(1694,124,'2011-10-07',0.00055,1,'192.168.0.0'),(1695,125,'2011-10-07',0.00069993,1,'192.168.0.0'),(1696,126,'2011-10-07',0.0009667,1,'192.168.0.0'),(1697,127,'2011-10-07',0.0013083,1,'192.168.0.0'),(1698,128,'2011-10-07',0.0017117,1,'192.168.0.0'),(1699,129,'2011-10-07',0.0020947905,1,'192.168.0.0'),(1700,130,'2011-10-07',0.00255304467,1,'192.168.0.0'),(1701,131,'2011-10-07',0.003045,1,'192.168.0.0'),(1702,132,'2011-10-07',0.00189981,1,'192.168.0.0'),(1703,133,'2011-10-07',0.00355,1,'192.168.0.0'),(1704,134,'2011-10-07',0.005669433,1,'192.168.0.0'),(1705,135,'2011-10-07',0.00783,1,'192.168.0.0'),(1706,136,'2011-10-07',0.009759024,1,'192.168.0.0'),(1707,137,'2011-10-07',0.01136,1,'192.168.0.0'),(1708,138,'2011-10-07',0.012658734,1,'192.168.0.0'),(1709,139,'2011-10-07',0.013718628,1,'192.168.0.0'),(1710,140,'2011-10-07',0.0146,1,'192.168.0.0'),(1711,141,'2011-10-07',0.04858764075,1,'192.168.0.0'),(1712,142,'2011-10-07',0.0484,1,'192.168.0.0'),(1713,143,'2011-10-07',0.0484,1,'192.168.0.0'),(1714,144,'2011-10-07',0.04833266625,1,'192.168.0.0'),(1715,145,'2011-10-07',0.0483825,1,'192.168.0.0'),(1716,146,'2011-10-07',0.04840765875,1,'192.168.0.0'),(1717,147,'2011-10-07',0.04833766575,1,'192.168.0.0'),(1718,148,'2011-10-07',0.04845,1,'192.168.0.0'),(1719,149,'2011-10-07',0.0485701425,1,'192.168.0.0'),(1720,150,'2011-10-07',0.0488701125,1,'192.168.0.0'),(1721,151,'2011-10-07',0.0489951,1,'192.168.0.0'),(1722,152,'2011-10-07',0.0491,1,'192.168.0.0'),(1723,153,'2011-10-07',0.04919508,1,'192.168.0.0'),(1724,154,'2011-10-07',0.0497,1,'192.168.0.0'),(1725,155,'2011-10-07',0.05005,1,'192.168.0.0'),(1726,1,'2011-10-17',0.00868663125,1,'192.168.0.0'),(1727,2,'2011-10-17',0.0109339065,1,'192.168.0.0'),(1728,3,'2011-10-17',0.01145,1,'192.168.0.0'),(1729,4,'2011-10-17',0.01305,1,'192.168.0.0'),(1730,5,'2011-10-17',0.013775,1,'192.168.0.0'),(1731,6,'2011-10-17',0.0150734925,1,'192.168.0.0'),(1732,7,'2011-10-17',0.01572972687,1,'192.168.0.0'),(1733,8,'2011-10-17',0.01643585625,1,'192.168.0.0'),(1734,9,'2011-10-17',0.0171888,1,'192.168.0.0'),(1735,10,'2011-10-17',0.0177532245,1,'192.168.0.0'),(1736,11,'2011-10-17',0.018295,1,'192.168.0.0'),(1737,12,'2011-10-17',0.0188688,1,'192.168.0.0'),(1738,13,'2011-10-17',0.0194688,1,'192.168.0.0'),(1739,14,'2011-10-17',0.0200813,1,'192.168.0.0'),(1740,15,'2011-10-17',0.0206563,1,'192.168.0.0'),(1741,16,'2011-10-17',0.016268373,1,'192.168.0.0'),(1742,17,'2011-10-17',0.017568243,1,'192.168.0.0'),(1743,18,'2011-10-17',0.01953,1,'192.168.0.0'),(1744,19,'2011-10-17',0.02156,1,'192.168.0.0'),(1745,20,'2011-10-17',0.02331,1,'192.168.0.0'),(1746,21,'2011-10-17',0.02477,1,'192.168.0.0'),(1747,22,'2011-10-17',0.02595,1,'192.168.0.0'),(1748,23,'2011-10-17',0.02693,1,'192.168.0.0'),(1749,24,'2011-10-17',0.02778,1,'192.168.0.0'),(1750,25,'2011-10-17',0.029257074,1,'192.168.0.0'),(1751,26,'2011-10-17',0.030656934,1,'192.168.0.0'),(1752,27,'2011-10-17',0.03098,1,'192.168.0.0'),(1753,28,'2011-10-17',0.03043,1,'192.168.0.0'),(1754,29,'2011-10-17',0.02979,1,'192.168.0.0'),(1755,30,'2011-10-17',0.00142765722,1,'192.168.0.0'),(1756,31,'2011-10-17',0.0018967,1,'192.168.0.0'),(1757,32,'2011-10-17',0.00207309267,1,'192.168.0.0'),(1758,33,'2011-10-17',0.00244415556,1,'192.168.0.0'),(1759,34,'2011-10-17',0.0031889,1,'192.168.0.0'),(1760,35,'2011-10-17',0.00405789417,1,'192.168.0.0'),(1761,36,'2011-10-17',0.0047,1,'192.168.0.0'),(1762,37,'2011-10-17',0.00529387056,1,'192.168.0.0'),(1763,38,'2011-10-17',0.00595500444,1,'192.168.0.0'),(1764,39,'2011-10-17',0.0064778,1,'192.168.0.0'),(1765,40,'2011-10-17',0.0069528,1,'192.168.0.0'),(1766,41,'2011-10-17',0.0074756,1,'192.168.0.0'),(1767,42,'2011-10-17',0.0079772,1,'192.168.0.0'),(1768,43,'2011-10-17',0.0085167,1,'192.168.0.0'),(1769,44,'2011-10-17',0.0091094,1,'192.168.0.0'),(1770,45,'2011-10-17',0.006529347,1,'192.168.0.0'),(1771,46,'2011-10-17',0.00843,1,'192.168.0.0'),(1772,47,'2011-10-17',0.011248875,1,'192.168.0.0'),(1773,48,'2011-10-17',0.01421,1,'192.168.0.0'),(1774,49,'2011-10-17',0.016888311,1,'192.168.0.0'),(1775,50,'2011-10-17',0.019228077,1,'192.168.0.0'),(1776,51,'2011-10-17',0.021017898,1,'192.168.0.0'),(1777,52,'2011-10-17',0.022487751,1,'192.168.0.0'),(1778,53,'2011-10-17',0.02375,1,'192.168.0.0'),(1779,54,'2011-10-17',0.027347265,1,'192.168.0.0'),(1780,55,'2011-10-17',0.028567143,1,'192.168.0.0'),(1781,56,'2011-10-17',0.02949,1,'192.168.0.0'),(1782,57,'2011-10-17',0.00583691625,1,'192.168.0.0'),(1783,58,'2011-10-17',0.00618998094,1,'192.168.0.0'),(1784,59,'2011-10-17',0.00637126281,1,'192.168.0.0'),(1785,60,'2011-10-17',0.0069494,1,'192.168.0.0'),(1786,61,'2011-10-17',0.0079625,1,'192.168.0.0'),(1787,62,'2011-10-17',0.00966593331,1,'192.168.0.0'),(1788,63,'2011-10-17',0.0104681,1,'192.168.0.0'),(1789,64,'2011-10-17',0.01142825706,1,'192.168.0.0'),(1790,65,'2011-10-17',0.01247315256,1,'192.168.0.0'),(1791,66,'2011-10-17',0.0133656,1,'192.168.0.0'),(1792,67,'2011-10-17',0.0142281,1,'192.168.0.0'),(1793,68,'2011-10-17',0.0150734925,1,'192.168.0.0'),(1794,69,'2011-10-17',0.0159281,1,'192.168.0.0'),(1795,70,'2011-10-17',0.0166031,1,'192.168.0.0'),(1796,71,'2011-10-17',0.0173844,1,'192.168.0.0'),(1797,72,'2011-10-17',0.01375,1,'192.168.0.0'),(1798,73,'2011-10-17',0.015378462,1,'192.168.0.0'),(1799,74,'2011-10-17',0.01735,1,'192.168.0.0'),(1800,75,'2011-10-17',0.01949805,1,'192.168.0.0'),(1801,76,'2011-10-17',0.021587841,1,'192.168.0.0'),(1802,77,'2011-10-17',0.023557644,1,'192.168.0.0'),(1803,78,'2011-10-17',0.02534,1,'192.168.0.0'),(1804,79,'2011-10-17',0.0269,1,'192.168.0.0'),(1805,80,'2011-10-17',0.02819,1,'192.168.0.0'),(1806,81,'2011-10-17',0.03015,1,'192.168.0.0'),(1807,82,'2011-10-17',0.03193,1,'192.168.0.0'),(1808,83,'2011-10-17',0.03344,1,'192.168.0.0'),(1809,84,'2011-10-17',0.03412,1,'192.168.0.0'),(1810,85,'2011-10-17',0.034286571,1,'192.168.0.0'),(1811,86,'2011-10-17',0.0010938,1,'192.168.0.0'),(1812,87,'2011-10-17',0.0011788,1,'192.168.0.0'),(1813,88,'2011-10-17',0.0012438,1,'192.168.0.0'),(1814,89,'2011-10-17',0.0014313,1,'192.168.0.0'),(1815,90,'2011-10-17',0.00158614137,1,'192.168.0.0'),(1816,91,'2011-10-17',0.00195360462,1,'192.168.0.0'),(1817,92,'2011-10-17',0.00239226075,1,'192.168.0.0'),(1818,93,'2011-10-17',0.00291220875,1,'192.168.0.0'),(1819,94,'2011-10-17',0.00334346562,1,'192.168.0.0'),(1820,95,'2011-10-17',0.00385591437,1,'192.168.0.0'),(1821,96,'2011-10-17',0.00431836812,1,'192.168.0.0'),(1822,97,'2011-10-17',0.0047313,1,'192.168.0.0'),(1823,98,'2011-10-17',0.00503079687,1,'192.168.0.0'),(1824,99,'2011-10-17',0.005275,1,'192.168.0.0'),(1825,100,'2011-10-17',0.0055244475,1,'192.168.0.0'),(1826,101,'2011-10-17',0.00353,1,'192.168.0.0'),(1827,102,'2011-10-17',0.003759624,1,'192.168.0.0'),(1828,103,'2011-10-17',0.004209579,1,'192.168.0.0'),(1829,104,'2011-10-17',0.004869513,1,'192.168.0.0'),(1830,105,'2011-10-17',0.005759424,1,'192.168.0.0'),(1831,106,'2011-10-17',0.00684,1,'192.168.0.0'),(1832,107,'2011-10-17',0.00802,1,'192.168.0.0'),(1833,108,'2011-10-17',0.00919,1,'192.168.0.0'),(1834,109,'2011-10-17',0.0103,1,'192.168.0.0'),(1835,110,'2011-10-17',0.012278772,1,'192.168.0.0'),(1836,111,'2011-10-17',0.01461,1,'192.168.0.0'),(1837,112,'2011-10-17',0.016928307,1,'192.168.0.0'),(1838,113,'2011-10-17',0.017778222,1,'192.168.0.0'),(1839,114,'2011-10-17',0.01814,1,'192.168.0.0'),(1840,115,'2011-10-17',0.01858,1,'192.168.0.0'),(1841,116,'2011-10-17',0.018978102,1,'192.168.0.0'),(1842,117,'2011-10-17',0.0000667,1,'192.168.0.0'),(1843,118,'2011-10-17',0.00009999,1,'192.168.0.0'),(1844,119,'2011-10-17',0.00013328667,1,'192.168.0.0'),(1845,120,'2011-10-17',0.00019998,1,'192.168.0.0'),(1846,121,'2011-10-17',0.0003,1,'192.168.0.0'),(1847,122,'2011-10-17',0.0004,1,'192.168.0.0'),(1848,123,'2011-10-17',0.0005333,1,'192.168.0.0'),(1849,124,'2011-10-17',0.00066663333,1,'192.168.0.0'),(1850,125,'2011-10-17',0.0008667,1,'192.168.0.0'),(1851,126,'2011-10-17',0.0011167,1,'192.168.0.0'),(1852,127,'2011-10-17',0.0014417,1,'192.168.0.0'),(1853,128,'2011-10-17',0.00178652133,1,'192.168.0.0'),(1854,129,'2011-10-17',0.0021867,1,'192.168.0.0'),(1855,130,'2011-10-17',0.00262,1,'192.168.0.0'),(1856,131,'2011-10-17',0.003095,1,'192.168.0.0'),(1857,132,'2011-10-17',0.00173,1,'192.168.0.0'),(1858,133,'2011-10-17',0.003569643,1,'192.168.0.0'),(1859,134,'2011-10-17',0.005869413,1,'192.168.0.0'),(1860,135,'2011-10-17',0.008189181,1,'192.168.0.0'),(1861,136,'2011-10-17',0.0102,1,'192.168.0.0'),(1862,137,'2011-10-17',0.011878812,1,'192.168.0.0'),(1863,138,'2011-10-17',0.01323,1,'192.168.0.0'),(1864,139,'2011-10-17',0.014328567,1,'192.168.0.0'),(1865,140,'2011-10-17',0.01525,1,'192.168.0.0'),(1866,141,'2011-10-17',0.04831266825,1,'192.168.0.0'),(1867,142,'2011-10-17',0.0484875,1,'192.168.0.0'),(1868,143,'2011-10-17',0.04843265625,1,'192.168.0.0'),(1869,144,'2011-10-17',0.048475,1,'192.168.0.0'),(1870,145,'2011-10-17',0.0486825,1,'192.168.0.0'),(1871,146,'2011-10-17',0.04865,1,'192.168.0.0'),(1872,147,'2011-10-17',0.04869513,1,'192.168.0.0'),(1873,148,'2011-10-17',0.0487701225,1,'192.168.0.0'),(1874,149,'2011-10-17',0.0489701025,1,'192.168.0.0'),(1875,150,'2011-10-17',0.0493,1,'192.168.0.0'),(1876,151,'2011-10-17',0.0495,1,'192.168.0.0'),(1877,152,'2011-10-17',0.04969503,1,'192.168.0.0'),(1878,153,'2011-10-17',0.0498700125,1,'192.168.0.0'),(1879,154,'2011-10-17',0.050244975,1,'192.168.0.0'),(1880,155,'2011-10-17',0.0506699325,1,'192.168.0.0'),(1881,1,'2011-11-03',0.0083,1,'192.168.0.0'),(1882,2,'2011-11-03',0.01074642525,1,'192.168.0.0'),(1883,3,'2011-11-03',0.0114,1,'192.168.0.0'),(1884,4,'2011-11-03',0.0129987,1,'192.168.0.0'),(1885,5,'2011-11-03',0.0138625,1,'192.168.0.0'),(1886,6,'2011-11-03',0.01519228062,1,'192.168.0.0'),(1887,7,'2011-11-03',0.0157938,1,'192.168.0.0'),(1888,8,'2011-11-03',0.0164938,1,'192.168.0.0'),(1889,9,'2011-11-03',0.0172938,1,'192.168.0.0'),(1890,10,'2011-11-03',0.01785,1,'192.168.0.0'),(1891,11,'2011-11-03',0.0183438,1,'192.168.0.0'),(1892,12,'2011-11-03',0.01891690812,1,'192.168.0.0'),(1893,13,'2011-11-03',0.01945,1,'192.168.0.0'),(1894,14,'2011-11-03',0.020047995,1,'192.168.0.0'),(1895,15,'2011-11-03',0.020647935,1,'192.168.0.0'),(1896,16,'2011-11-03',0.01479,1,'192.168.0.0'),(1897,17,'2011-11-03',0.01571,1,'192.168.0.0'),(1898,18,'2011-11-03',0.01741,1,'192.168.0.0'),(1899,19,'2011-11-03',0.019278072,1,'192.168.0.0'),(1900,20,'2011-11-03',0.020967903,1,'192.168.0.0'),(1901,21,'2011-11-03',0.02239776,1,'192.168.0.0'),(1902,22,'2011-11-03',0.023537646,1,'192.168.0.0'),(1903,23,'2011-11-03',0.024507549,1,'192.168.0.0'),(1904,24,'2011-11-03',0.025357464,1,'192.168.0.0'),(1905,25,'2011-11-03',0.0269,1,'192.168.0.0'),(1906,26,'2011-11-03',0.02843,1,'192.168.0.0'),(1907,27,'2011-11-03',0.02893,1,'192.168.0.0'),(1908,28,'2011-11-03',0.02855,1,'192.168.0.0'),(1909,29,'2011-11-03',0.02807,1,'192.168.0.0'),(1910,30,'2011-11-03',0.00141095889,1,'192.168.0.0'),(1911,31,'2011-11-03',0.0019189,1,'192.168.0.0'),(1912,32,'2011-11-03',0.0021011,1,'192.168.0.0'),(1913,33,'2011-11-03',0.0024747525,1,'192.168.0.0'),(1914,34,'2011-11-03',0.0033728,1,'192.168.0.0'),(1915,35,'2011-11-03',0.004349565,1,'192.168.0.0'),(1916,36,'2011-11-03',0.0050194,1,'192.168.0.0'),(1917,37,'2011-11-03',0.0056194,1,'192.168.0.0'),(1918,38,'2011-11-03',0.00626877306,1,'192.168.0.0'),(1919,39,'2011-11-03',0.00679212072,1,'192.168.0.0'),(1920,40,'2011-11-03',0.007289271,1,'192.168.0.0'),(1921,41,'2011-11-03',0.0078178,1,'192.168.0.0'),(1922,42,'2011-11-03',0.00831586833,1,'192.168.0.0'),(1923,43,'2011-11-03',0.0088589,1,'192.168.0.0'),(1924,44,'2011-11-03',0.00944795511,1,'192.168.0.0'),(1925,45,'2011-11-03',0.00573,1,'192.168.0.0'),(1926,46,'2011-11-03',0.007009299,1,'192.168.0.0'),(1927,47,'2011-11-03',0.009459054,1,'192.168.0.0'),(1928,48,'2011-11-03',0.012288771,1,'192.168.0.0'),(1929,49,'2011-11-03',0.015038496,1,'192.168.0.0'),(1930,50,'2011-11-03',0.017388261,1,'192.168.0.0'),(1931,51,'2011-11-03',0.01928,1,'192.168.0.0'),(1932,52,'2011-11-03',0.020887911,1,'192.168.0.0'),(1933,53,'2011-11-03',0.022127787,1,'192.168.0.0'),(1934,54,'2011-11-03',0.026207379,1,'192.168.0.0'),(1935,55,'2011-11-03',0.02761,1,'192.168.0.0'),(1936,56,'2011-11-03',0.02866,1,'192.168.0.0'),(1937,57,'2011-11-03',0.005825,1,'192.168.0.0'),(1938,58,'2011-11-03',0.0062219,1,'192.168.0.0'),(1939,59,'2011-11-03',0.0064188,1,'192.168.0.0'),(1940,60,'2011-11-03',0.00715678425,1,'192.168.0.0'),(1941,61,'2011-11-03',0.00821,1,'192.168.0.0'),(1942,62,'2011-11-03',0.0099231,1,'192.168.0.0'),(1943,63,'2011-11-03',0.0107756,1,'192.168.0.0'),(1944,64,'2011-11-03',0.01175322456,1,'192.168.0.0'),(1945,65,'2011-11-03',0.01275752412,1,'192.168.0.0'),(1946,66,'2011-11-03',0.01366743312,1,'192.168.0.0'),(1947,67,'2011-11-03',0.0145219,1,'192.168.0.0'),(1948,68,'2011-11-03',0.0153531,1,'192.168.0.0'),(1949,69,'2011-11-03',0.01620467937,1,'192.168.0.0'),(1950,70,'2011-11-03',0.01685461437,1,'192.168.0.0'),(1951,71,'2011-11-03',0.017648235,1,'192.168.0.0'),(1952,72,'2011-11-03',0.01375,1,'192.168.0.0'),(1953,73,'2011-11-03',0.01482,1,'192.168.0.0'),(1954,74,'2011-11-03',0.016458354,1,'192.168.0.0'),(1955,75,'2011-11-03',0.01837,1,'192.168.0.0'),(1956,76,'2011-11-03',0.020337966,1,'192.168.0.0'),(1957,77,'2011-11-03',0.022237776,1,'192.168.0.0'),(1958,78,'2011-11-03',0.024017598,1,'192.168.0.0'),(1959,79,'2011-11-03',0.025577442,1,'192.168.0.0'),(1960,80,'2011-11-03',0.02686,1,'192.168.0.0'),(1961,81,'2011-11-03',0.028757124,1,'192.168.0.0'),(1962,82,'2011-11-03',0.030476952,1,'192.168.0.0'),(1963,83,'2011-11-03',0.031786821,1,'192.168.0.0'),(1964,84,'2011-11-03',0.03232,1,'192.168.0.0'),(1965,85,'2011-11-03',0.03235,1,'192.168.0.0'),(1966,86,'2011-11-03',0.0010688,1,'192.168.0.0'),(1967,87,'2011-11-03',0.00115368462,1,'192.168.0.0'),(1968,88,'2011-11-03',0.00121867812,1,'192.168.0.0'),(1969,89,'2011-11-03',0.0014063,1,'192.168.0.0'),(1970,90,'2011-11-03',0.00158614137,1,'192.168.0.0'),(1971,91,'2011-11-03',0.00194730525,1,'192.168.0.0'),(1972,92,'2011-11-03',0.002379762,1,'192.168.0.0'),(1973,93,'2011-11-03',0.00288721125,1,'192.168.0.0'),(1974,94,'2011-11-03',0.0033313,1,'192.168.0.0'),(1975,95,'2011-11-03',0.0038438,1,'192.168.0.0'),(1976,96,'2011-11-03',0.0043063,1,'192.168.0.0'),(1977,97,'2011-11-03',0.00471832812,1,'192.168.0.0'),(1978,98,'2011-11-03',0.0050313,1,'192.168.0.0'),(1979,99,'2011-11-03',0.005275,1,'192.168.0.0'),(1980,100,'2011-11-03',0.005525,1,'192.168.0.0'),(1981,101,'2011-11-02',0.003469653,1,'192.168.0.0'),(1982,102,'2011-11-02',0.00363,1,'192.168.0.0'),(1983,103,'2011-11-02',0.0039996,1,'192.168.0.0'),(1984,104,'2011-11-02',0.00459,1,'192.168.0.0'),(1985,105,'2011-11-02',0.00543,1,'192.168.0.0'),(1986,106,'2011-11-02',0.006469353,1,'192.168.0.0'),(1987,107,'2011-11-02',0.007649235,1,'192.168.0.0'),(1988,108,'2011-11-02',0.008839116,1,'192.168.0.0'),(1989,109,'2011-11-02',0.009959004,1,'192.168.0.0'),(1990,110,'2011-11-02',0.01198,1,'192.168.0.0'),(1991,111,'2011-11-02',0.01437,1,'192.168.0.0'),(1992,112,'2011-11-02',0.01676,1,'192.168.0.0'),(1993,113,'2011-11-02',0.017628237,1,'192.168.0.0'),(1994,114,'2011-11-02',0.018018198,1,'192.168.0.0'),(1995,115,'2011-11-02',0.01845,1,'192.168.0.0'),(1996,116,'2011-11-02',0.018868113,1,'192.168.0.0'),(1997,117,'2011-11-03',0.0001333,1,'192.168.0.0'),(1998,118,'2011-11-03',0.000149985,1,'192.168.0.0'),(1999,119,'2011-11-03',0.0001833,1,'192.168.0.0'),(2000,120,'2011-11-03',0.00023327667,1,'192.168.0.0'),(2001,121,'2011-11-03',0.0003333,1,'192.168.0.0'),(2002,122,'2011-11-03',0.0004333,1,'192.168.0.0'),(2003,123,'2011-11-03',0.0005667,1,'192.168.0.0'),(2004,124,'2011-11-03',0.0006833,1,'192.168.0.0'),(2005,125,'2011-11-03',0.00089161083,1,'192.168.0.0'),(2006,126,'2011-11-03',0.00116658333,1,'192.168.0.0'),(2007,127,'2011-11-03',0.0014748525,1,'192.168.0.0'),(2008,128,'2011-11-03',0.0018367,1,'192.168.0.0'),(2009,129,'2011-11-03',0.002219778,1,'192.168.0.0'),(2010,130,'2011-11-03',0.0026533,1,'192.168.0.0'),(2011,131,'2011-11-03',0.0031117,1,'192.168.0.0'),(2012,132,'2011-11-03',0.00081,1,'192.168.0.0'),(2013,133,'2011-11-03',0.002369763,1,'192.168.0.0'),(2014,134,'2011-11-03',0.0047,1,'192.168.0.0'),(2015,135,'2011-11-03',0.00709929,1,'192.168.0.0'),(2016,136,'2011-11-03',0.00918,1,'192.168.0.0'),(2017,137,'2011-11-03',0.01088,1,'192.168.0.0'),(2018,138,'2011-11-03',0.01223,1,'192.168.0.0'),(2019,139,'2011-11-03',0.01335,1,'192.168.0.0'),(2020,140,'2011-11-03',0.01429857,1,'192.168.0.0'),(2021,141,'2011-11-03',0.046145385,1,'192.168.0.0'),(2022,142,'2011-11-03',0.0465125,1,'192.168.0.0'),(2023,143,'2011-11-03',0.04675,1,'192.168.0.0'),(2024,144,'2011-11-03',0.046825,1,'192.168.0.0'),(2025,145,'2011-11-03',0.046975,1,'192.168.0.0'),(2026,146,'2011-11-03',0.04705779375,1,'192.168.0.0'),(2027,147,'2011-11-03',0.047225,1,'192.168.0.0'),(2028,148,'2011-11-03',0.047325267,1,'192.168.0.0'),(2029,149,'2011-11-03',0.04755774375,1,'192.168.0.0'),(2030,150,'2011-11-03',0.04790770875,1,'192.168.0.0'),(2031,151,'2011-11-03',0.04808769075,1,'192.168.0.0'),(2032,152,'2011-11-03',0.048425,1,'192.168.0.0'),(2033,153,'2011-11-03',0.0487701225,1,'192.168.0.0'),(2034,154,'2011-11-03',0.0491,1,'192.168.0.0'),(2035,155,'2011-11-03',0.0495,1,'192.168.0.0'),(2036,156,'2011-11-03',0.0083,1,'192.168.0.0'),(2037,157,'2011-11-03',0.0107475,1,'192.168.0.0'),(2038,1,'2011-11-07',0.00819918,1,'192.168.0.0'),(2039,2,'2011-11-07',0.00911,1,'192.168.0.0'),(2040,3,'2011-11-07',0.00983651625,1,'192.168.0.0'),(2041,4,'2011-11-07',0.0117313,1,'192.168.0.0'),(2042,5,'2011-11-07',0.01276122375,1,'192.168.0.0'),(2043,6,'2011-11-07',0.0143188,1,'192.168.0.0'),(2044,7,'2011-11-07',0.0149688,1,'192.168.0.0'),(2045,8,'2011-11-07',0.0157063,1,'192.168.0.0'),(2046,9,'2011-11-07',0.0165313,1,'192.168.0.0'),(2047,10,'2011-11-07',0.0171313,1,'192.168.0.0'),(2048,11,'2011-11-07',0.0176813,1,'192.168.0.0'),(2049,12,'2011-11-07',0.01826697312,1,'192.168.0.0'),(2050,13,'2011-11-07',0.0188563,1,'192.168.0.0'),(2051,14,'2011-11-07',0.0194438,1,'192.168.0.0'),(2052,15,'2011-11-07',0.0200438,1,'192.168.0.0'),(2053,16,'2011-11-07',0.01414,1,'192.168.0.0'),(2054,17,'2011-11-07',0.01487,1,'192.168.0.0'),(2055,18,'2011-11-07',0.016448355,1,'192.168.0.0'),(2056,19,'2011-11-07',0.01828,1,'192.168.0.0'),(2057,20,'2011-11-07',0.02003,1,'192.168.0.0'),(2058,21,'2011-11-07',0.02153,1,'192.168.0.0'),(2059,22,'2011-11-07',0.022747725,1,'192.168.0.0'),(2060,23,'2011-11-07',0.023757624,1,'192.168.0.0'),(2061,24,'2011-11-07',0.02466,1,'192.168.0.0'),(2062,25,'2011-11-07',0.026217378,1,'192.168.0.0'),(2063,26,'2011-11-07',0.02776,1,'192.168.0.0'),(2064,27,'2011-11-07',0.028247175,1,'192.168.0.0'),(2065,28,'2011-11-07',0.027847215,1,'192.168.0.0'),(2066,29,'2011-11-07',0.027317268,1,'192.168.0.0'),(2067,30,'2011-11-07',0.00141095889,1,'192.168.0.0'),(2068,31,'2011-11-07',0.0019078,1,'192.168.0.0'),(2069,32,'2011-11-07',0.00209,1,'192.168.0.0'),(2070,33,'2011-11-07',0.00247755222,1,'192.168.0.0'),(2071,34,'2011-11-07',0.00341185878,1,'192.168.0.0'),(2072,35,'2011-11-07',0.00441345861,1,'192.168.0.0'),(2073,36,'2011-11-07',0.00508279167,1,'192.168.0.0'),(2074,37,'2011-11-07',0.0057,1,'192.168.0.0'),(2075,38,'2011-11-07',0.00636606333,1,'192.168.0.0'),(2076,39,'2011-11-07',0.0068756,1,'192.168.0.0'),(2077,40,'2011-11-07',0.00737206272,1,'192.168.0.0'),(2078,41,'2011-11-07',0.00788861106,1,'192.168.0.0'),(2079,42,'2011-11-07',0.00837636228,1,'192.168.0.0'),(2080,43,'2011-11-07',0.0089472,1,'192.168.0.0'),(2081,44,'2011-11-07',0.0095372,1,'192.168.0.0'),(2082,45,'2011-11-07',0.005879412,1,'192.168.0.0'),(2083,46,'2011-11-07',0.00709929,1,'192.168.0.0'),(2084,47,'2011-11-07',0.009409059,1,'192.168.0.0'),(2085,48,'2011-11-07',0.012108789,1,'192.168.0.0'),(2086,49,'2011-11-07',0.01474,1,'192.168.0.0'),(2087,50,'2011-11-07',0.01702,1,'192.168.0.0'),(2088,51,'2011-11-07',0.018908109,1,'192.168.0.0'),(2089,52,'2011-11-07',0.020427957,1,'192.168.0.0'),(2090,53,'2011-11-07',0.02172,1,'192.168.0.0'),(2091,54,'2011-11-07',0.025717428,1,'192.168.0.0'),(2092,55,'2011-11-07',0.02714,1,'192.168.0.0'),(2093,56,'2011-11-07',0.028207179,1,'192.168.0.0'),(2094,57,'2011-11-07',0.0058244175,1,'192.168.0.0'),(2095,58,'2011-11-07',0.00623377656,1,'192.168.0.0'),(2096,59,'2011-11-07',0.00643065687,1,'192.168.0.0'),(2097,60,'2011-11-07',0.00717,1,'192.168.0.0'),(2098,61,'2011-11-07',0.00822797712,1,'192.168.0.0'),(2099,62,'2011-11-07',0.0099419,1,'192.168.0.0'),(2100,63,'2011-11-07',0.0107944,1,'192.168.0.0'),(2101,64,'2011-11-07',0.0117731,1,'192.168.0.0'),(2102,65,'2011-11-07',0.0127813,1,'192.168.0.0'),(2103,66,'2011-11-07',0.0137,1,'192.168.0.0'),(2104,67,'2011-11-07',0.01453914594,1,'192.168.0.0'),(2105,68,'2011-11-07',0.0153844,1,'192.168.0.0'),(2106,69,'2011-11-07',0.016225,1,'192.168.0.0'),(2107,70,'2011-11-07',0.01689831,1,'192.168.0.0'),(2108,71,'2011-11-07',0.0176688,1,'192.168.0.0'),(2109,72,'2011-11-07',0.013988601,1,'192.168.0.0'),(2110,73,'2011-11-07',0.01489,1,'192.168.0.0'),(2111,74,'2011-11-07',0.01631,1,'192.168.0.0'),(2112,75,'2011-11-07',0.01804,1,'192.168.0.0'),(2113,76,'2011-11-07',0.019928007,1,'192.168.0.0'),(2114,77,'2011-11-07',0.021767823,1,'192.168.0.0'),(2115,78,'2011-11-07',0.0235,1,'192.168.0.0'),(2116,79,'2011-11-07',0.025017498,1,'192.168.0.0'),(2117,80,'2011-11-07',0.026267373,1,'192.168.0.0'),(2118,81,'2011-11-07',0.02819,1,'192.168.0.0'),(2119,82,'2011-11-07',0.02997,1,'192.168.0.0'),(2120,83,'2011-11-07',0.031386861,1,'192.168.0.0'),(2121,84,'2011-11-07',0.0319968,1,'192.168.0.0'),(2122,85,'2011-11-07',0.03212,1,'192.168.0.0'),(2123,86,'2011-11-07',0.001075,1,'192.168.0.0'),(2124,87,'2011-11-07',0.0011563,1,'192.168.0.0'),(2125,88,'2011-11-07',0.0012248775,1,'192.168.0.0'),(2126,89,'2011-11-07',0.00141235875,1,'192.168.0.0'),(2127,90,'2011-11-07',0.0015988,1,'192.168.0.0'),(2128,91,'2011-11-07',0.0019563,1,'192.168.0.0'),(2129,92,'2011-11-07',0.00239226075,1,'192.168.0.0'),(2130,93,'2011-11-07',0.0029125,1,'192.168.0.0'),(2131,94,'2011-11-07',0.00333716625,1,'192.168.0.0'),(2132,95,'2011-11-07',0.0038563,1,'192.168.0.0'),(2133,96,'2011-11-07',0.0043188,1,'192.168.0.0'),(2134,97,'2011-11-07',0.004725,1,'192.168.0.0'),(2135,98,'2011-11-07',0.00503699625,1,'192.168.0.0'),(2136,99,'2011-11-07',0.0052875,1,'192.168.0.0'),(2137,100,'2011-11-07',0.0055313,1,'192.168.0.0'),(2138,101,'2011-11-07',0.00349,1,'192.168.0.0'),(2139,102,'2011-11-07',0.00364,1,'192.168.0.0'),(2140,103,'2011-11-07',0.003989601,1,'192.168.0.0'),(2141,104,'2011-11-07',0.004579542,1,'192.168.0.0'),(2142,105,'2011-11-07',0.005419458,1,'192.168.0.0'),(2143,106,'2011-11-07',0.00646,1,'192.168.0.0'),(2144,107,'2011-11-07',0.007629237,1,'192.168.0.0'),(2145,108,'2011-11-07',0.00879912,1,'192.168.0.0'),(2146,109,'2011-11-07',0.009929007,1,'192.168.0.0'),(2147,110,'2011-11-07',0.011938806,1,'192.168.0.0'),(2148,111,'2011-11-07',0.01432,1,'192.168.0.0'),(2149,112,'2011-11-07',0.01672,1,'192.168.0.0'),(2150,113,'2011-11-07',0.017588241,1,'192.168.0.0'),(2151,114,'2011-11-07',0.017968203,1,'192.168.0.0'),(2152,115,'2011-11-07',0.0184,1,'192.168.0.0'),(2153,116,'2011-11-07',0.018818118,1,'192.168.0.0'),(2154,117,'2011-11-07',0.000149985,1,'192.168.0.0'),(2155,118,'2011-11-07',0.00018328167,1,'192.168.0.0'),(2156,119,'2011-11-07',0.0002,1,'192.168.0.0'),(2157,120,'2011-11-07',0.00023327667,1,'192.168.0.0'),(2158,121,'2011-11-07',0.00033326667,1,'192.168.0.0'),(2159,122,'2011-11-07',0.00043325667,1,'192.168.0.0'),(2160,123,'2011-11-07',0.00056664333,1,'192.168.0.0'),(2161,124,'2011-11-07',0.0006833,1,'192.168.0.0'),(2162,125,'2011-11-07',0.0008917,1,'192.168.0.0'),(2163,126,'2011-11-07',0.00116658333,1,'192.168.0.0'),(2164,127,'2011-11-07',0.001475,1,'192.168.0.0'),(2165,128,'2011-11-07',0.0018367,1,'192.168.0.0'),(2166,129,'2011-11-07',0.002219778,1,'192.168.0.0'),(2167,130,'2011-11-07',0.0026533,1,'192.168.0.0'),(2168,131,'2011-11-07',0.0031117,1,'192.168.0.0'),(2169,132,'2011-11-07',0.000449955,1,'192.168.0.0'),(2170,133,'2011-11-07',0.00189981,1,'192.168.0.0'),(2171,134,'2011-11-07',0.00413,1,'192.168.0.0'),(2172,135,'2011-11-07',0.00645,1,'192.168.0.0'),(2173,136,'2011-11-07',0.0085,1,'192.168.0.0'),(2174,137,'2011-11-07',0.010178982,1,'192.168.0.0'),(2175,138,'2011-11-07',0.01153,1,'192.168.0.0'),(2176,139,'2011-11-07',0.01263,1,'192.168.0.0'),(2177,140,'2011-11-07',0.01355,1,'192.168.0.0'),(2178,141,'2011-11-07',0.0460703925,1,'192.168.0.0'),(2179,142,'2011-11-07',0.0463375,1,'192.168.0.0'),(2180,143,'2011-11-07',0.0466,1,'192.168.0.0'),(2181,144,'2011-11-07',0.046775,1,'192.168.0.0'),(2182,145,'2011-11-07',0.046945305,1,'192.168.0.0'),(2183,146,'2011-11-07',0.04703279625,1,'192.168.0.0'),(2184,147,'2011-11-07',0.04719528,1,'192.168.0.0'),(2185,148,'2011-11-07',0.04733,1,'192.168.0.0'),(2186,149,'2011-11-07',0.047545245,1,'192.168.0.0'),(2187,150,'2011-11-07',0.04785771375,1,'192.168.0.0'),(2188,151,'2011-11-07',0.04809519,1,'192.168.0.0'),(2189,152,'2011-11-07',0.048345165,1,'192.168.0.0'),(2190,153,'2011-11-07',0.048645135,1,'192.168.0.0'),(2191,154,'2011-11-07',0.049045095,1,'192.168.0.0'),(2192,155,'2011-11-07',0.049475,1,'192.168.0.0'),(2193,156,'2011-11-07',0.00819918,1,'192.168.0.0'),(2194,157,'2011-11-07',0.009109089,1,'192.168.0.0'),(2195,1,'2011-11-16',0.00644315562,1,'192.168.0.0'),(2196,2,'2011-11-16',0.008425,1,'192.168.0.0'),(2197,3,'2011-11-16',0.0092240775,1,'192.168.0.0'),(2198,4,'2011-11-16',0.0113938,1,'192.168.0.0'),(2199,5,'2011-11-16',0.0125,1,'192.168.0.0'),(2200,6,'2011-11-16',0.0140813,1,'192.168.0.0'),(2201,7,'2011-11-16',0.0148563,1,'192.168.0.0'),(2202,8,'2011-11-16',0.01564223562,1,'192.168.0.0'),(2203,9,'2011-11-16',0.0164563,1,'192.168.0.0'),(2204,10,'2011-11-16',0.01703579625,1,'192.168.0.0'),(2205,11,'2011-11-16',0.0176125,1,'192.168.0.0'),(2206,12,'2011-11-16',0.018225,1,'192.168.0.0'),(2207,13,'2011-11-16',0.0188,1,'192.168.0.0'),(2208,14,'2011-11-16',0.01939806,1,'192.168.0.0'),(2209,15,'2011-11-16',0.01995,1,'192.168.0.0'),(2210,16,'2011-11-16',0.01444,1,'192.168.0.0'),(2211,17,'2011-11-16',0.01543,1,'192.168.0.0'),(2212,18,'2011-11-16',0.01722,1,'192.168.0.0'),(2213,19,'2011-11-16',0.019178082,1,'192.168.0.0'),(2214,20,'2011-11-16',0.020867913,1,'192.168.0.0'),(2215,21,'2011-11-16',0.022257774,1,'192.168.0.0'),(2216,22,'2011-11-16',0.02338,1,'192.168.0.0'),(2217,23,'2011-11-16',0.024307569,1,'192.168.0.0'),(2218,24,'2011-11-16',0.025137486,1,'192.168.0.0'),(2219,25,'2011-11-16',0.02661,1,'192.168.0.0'),(2220,26,'2011-11-16',0.028,1,'192.168.0.0'),(2221,27,'2011-11-16',0.02819,1,'192.168.0.0'),(2222,28,'2011-11-16',0.02758,1,'192.168.0.0'),(2223,29,'2011-11-16',0.02689,1,'192.168.0.0'),(2224,30,'2011-11-16',0.0014167,1,'192.168.0.0'),(2225,31,'2011-11-16',0.0019189,1,'192.168.0.0'),(2226,32,'2011-11-16',0.0021039,1,'192.168.0.0'),(2227,33,'2011-11-16',0.00251694828,1,'192.168.0.0'),(2228,34,'2011-11-16',0.0035706,1,'192.168.0.0'),(2229,35,'2011-11-16',0.00471062889,1,'192.168.0.0'),(2230,36,'2011-11-16',0.0054417,1,'192.168.0.0'),(2231,37,'2011-11-16',0.00607159278,1,'192.168.0.0'),(2232,38,'2011-11-16',0.00676872306,1,'192.168.0.0'),(2233,39,'2011-11-16',0.0073278,1,'192.168.0.0'),(2234,40,'2011-11-16',0.007809219,1,'192.168.0.0'),(2235,41,'2011-11-16',0.0083222,1,'192.168.0.0'),(2236,42,'2011-11-16',0.0088322,1,'192.168.0.0'),(2237,43,'2011-11-16',0.00937346256,1,'192.168.0.0'),(2238,44,'2011-11-16',0.009969003,1,'192.168.0.0'),(2239,45,'2011-11-16',0.007249275,1,'192.168.0.0'),(2240,46,'2011-11-16',0.00839916,1,'192.168.0.0'),(2241,47,'2011-11-16',0.010648935,1,'192.168.0.0'),(2242,48,'2011-11-16',0.01319868,1,'192.168.0.0'),(2243,49,'2011-11-16',0.01575,1,'192.168.0.0'),(2244,50,'2011-11-16',0.0178,1,'192.168.0.0'),(2245,51,'2011-11-16',0.01956,1,'192.168.0.0'),(2246,52,'2011-11-16',0.02098,1,'192.168.0.0'),(2247,53,'2011-11-16',0.022157784,1,'192.168.0.0'),(2248,54,'2011-11-16',0.0259,1,'192.168.0.0'),(2249,55,'2011-11-16',0.02715,1,'192.168.0.0'),(2250,56,'2011-11-16',0.028067193,1,'192.168.0.0'),(2251,57,'2011-11-16',0.005825,1,'192.168.0.0'),(2252,58,'2011-11-16',0.0062625,1,'192.168.0.0'),(2253,59,'2011-11-16',0.0064625,1,'192.168.0.0'),(2254,60,'2011-11-16',0.00726237369,1,'192.168.0.0'),(2255,61,'2011-11-16',0.0083156,1,'192.168.0.0'),(2256,62,'2011-11-16',0.010088991,1,'192.168.0.0'),(2257,63,'2011-11-16',0.0109863,1,'192.168.0.0'),(2258,64,'2011-11-16',0.01195,1,'192.168.0.0'),(2259,65,'2011-11-16',0.01299560031,1,'192.168.0.0'),(2260,66,'2011-11-16',0.01389861,1,'192.168.0.0'),(2261,67,'2011-11-16',0.0147375,1,'192.168.0.0'),(2262,68,'2011-11-16',0.0155906,1,'192.168.0.0'),(2263,69,'2011-11-16',0.0164313,1,'192.168.0.0'),(2264,70,'2011-11-16',0.0171094,1,'192.168.0.0'),(2265,71,'2011-11-16',0.0178906,1,'192.168.0.0'),(2266,72,'2011-11-16',0.01469853,1,'192.168.0.0'),(2267,73,'2011-11-16',0.015468453,1,'192.168.0.0'),(2268,74,'2011-11-16',0.01648,1,'192.168.0.0'),(2269,75,'2011-11-16',0.01789,1,'192.168.0.0'),(2270,76,'2011-11-16',0.01951,1,'192.168.0.0'),(2271,77,'2011-11-16',0.02118,1,'192.168.0.0'),(2272,78,'2011-11-16',0.02277,1,'192.168.0.0'),(2273,79,'2011-11-16',0.024137586,1,'192.168.0.0'),(2274,80,'2011-11-16',0.025257474,1,'192.168.0.0'),(2275,81,'2011-11-16',0.026977302,1,'192.168.0.0'),(2276,82,'2011-11-16',0.028567143,1,'192.168.0.0'),(2277,83,'2011-11-16',0.02976,1,'192.168.0.0'),(2278,84,'2011-11-16',0.030286971,1,'192.168.0.0'),(2279,85,'2011-11-16',0.030346965,1,'192.168.0.0'),(2280,86,'2011-11-16',0.0011,1,'192.168.0.0'),(2281,87,'2011-11-16',0.0011563,1,'192.168.0.0'),(2282,88,'2011-11-16',0.0012248775,1,'192.168.0.0'),(2283,89,'2011-11-16',0.0014125,1,'192.168.0.0'),(2284,90,'2011-11-16',0.00159864012,1,'192.168.0.0'),(2285,91,'2011-11-16',0.0019563,1,'192.168.0.0'),(2286,92,'2011-11-16',0.00239226075,1,'192.168.0.0'),(2287,93,'2011-11-16',0.002925,1,'192.168.0.0'),(2288,94,'2011-11-16',0.003349665,1,'192.168.0.0'),(2289,95,'2011-11-16',0.00386841312,1,'192.168.0.0'),(2290,96,'2011-11-16',0.0043188,1,'192.168.0.0'),(2291,97,'2011-11-16',0.004725,1,'192.168.0.0'),(2292,98,'2011-11-16',0.00503699625,1,'192.168.0.0'),(2293,99,'2011-11-16',0.0052875,1,'192.168.0.0'),(2294,100,'2011-11-16',0.0055313,1,'192.168.0.0'),(2295,101,'2011-11-16',0.00355,1,'192.168.0.0'),(2296,102,'2011-11-16',0.00366,1,'192.168.0.0'),(2297,103,'2011-11-16',0.00398,1,'192.168.0.0'),(2298,104,'2011-11-16',0.00453,1,'192.168.0.0'),(2299,105,'2011-11-16',0.00532,1,'192.168.0.0'),(2300,106,'2011-11-16',0.006329367,1,'192.168.0.0'),(2301,107,'2011-11-16',0.00746,1,'192.168.0.0'),(2302,108,'2011-11-16',0.008609139,1,'192.168.0.0'),(2303,109,'2011-11-16',0.009729027,1,'192.168.0.0'),(2304,110,'2011-11-16',0.011728827,1,'192.168.0.0'),(2305,111,'2011-11-16',0.014088591,1,'192.168.0.0'),(2306,112,'2011-11-16',0.016428357,1,'192.168.0.0'),(2307,113,'2011-11-16',0.017258274,1,'192.168.0.0'),(2308,114,'2011-11-16',0.01761,1,'192.168.0.0'),(2309,115,'2011-11-16',0.01804,1,'192.168.0.0'),(2310,116,'2011-11-16',0.018448155,1,'192.168.0.0'),(2311,117,'2011-11-16',0.00018328167,1,'192.168.0.0'),(2312,118,'2011-11-16',0.0002167,1,'192.168.0.0'),(2313,119,'2011-11-16',0.0002167,1,'192.168.0.0'),(2314,120,'2011-11-16',0.00025,1,'192.168.0.0'),(2315,121,'2011-11-16',0.00035,1,'192.168.0.0'),(2316,122,'2011-11-16',0.000449955,1,'192.168.0.0'),(2317,123,'2011-11-16',0.0005667,1,'192.168.0.0'),(2318,124,'2011-11-16',0.00069993,1,'192.168.0.0'),(2319,125,'2011-11-16',0.00090820917,1,'192.168.0.0'),(2320,126,'2011-11-16',0.00116658333,1,'192.168.0.0'),(2321,127,'2011-11-16',0.001475,1,'192.168.0.0'),(2322,128,'2011-11-16',0.0018867,1,'192.168.0.0'),(2323,129,'2011-11-16',0.00227,1,'192.168.0.0'),(2324,130,'2011-11-16',0.0027033,1,'192.168.0.0'),(2325,131,'2011-11-16',0.0031617,1,'192.168.0.0'),(2326,132,'2011-11-16',0.000739926,1,'192.168.0.0'),(2327,133,'2011-11-16',0.002129787,1,'192.168.0.0'),(2328,134,'2011-11-16',0.004239576,1,'192.168.0.0'),(2329,135,'2011-11-16',0.0065,1,'192.168.0.0'),(2330,136,'2011-11-16',0.00854,1,'192.168.0.0'),(2331,137,'2011-11-16',0.0102,1,'192.168.0.0'),(2332,138,'2011-11-16',0.011548845,1,'192.168.0.0'),(2333,139,'2011-11-16',0.012638736,1,'192.168.0.0'),(2334,140,'2011-11-16',0.01354,1,'192.168.0.0'),(2335,141,'2011-11-16',0.045945405,1,'192.168.0.0'),(2336,142,'2011-11-16',0.046145385,1,'192.168.0.0'),(2337,143,'2011-11-16',0.0464203575,1,'192.168.0.0'),(2338,144,'2011-11-16',0.04665,1,'192.168.0.0'),(2339,145,'2011-11-16',0.0467325,1,'192.168.0.0'),(2340,146,'2011-11-16',0.0469,1,'192.168.0.0'),(2341,147,'2011-11-16',0.047025,1,'192.168.0.0'),(2342,148,'2011-11-16',0.047125,1,'192.168.0.0'),(2343,149,'2011-11-16',0.0472,1,'192.168.0.0'),(2344,150,'2011-11-16',0.04745,1,'192.168.0.0'),(2345,151,'2011-11-16',0.0476,1,'192.168.0.0'),(2346,152,'2011-11-16',0.04779522,1,'192.168.0.0'),(2347,153,'2011-11-16',0.047945205,1,'192.168.0.0'),(2348,154,'2011-11-16',0.048245175,1,'192.168.0.0'),(2349,155,'2011-11-16',0.0486201375,1,'192.168.0.0'),(2350,156,'2011-11-16',0.0064438,1,'192.168.0.0'),(2351,157,'2011-11-16',0.008425,1,'192.168.0.0'),(2352,1,'2011-11-24',0.0062438,1,'192.168.0.0'),(2353,2,'2011-11-24',0.00831546837,1,'192.168.0.0'),(2354,3,'2011-11-24',0.009125,1,'192.168.0.0'),(2355,4,'2011-11-24',0.0113313,1,'192.168.0.0'),(2356,5,'2011-11-24',0.01246755312,1,'192.168.0.0'),(2357,6,'2011-11-24',0.01414238562,1,'192.168.0.0'),(2358,7,'2011-11-24',0.0149313,1,'192.168.0.0'),(2359,8,'2011-11-24',0.01571722812,1,'192.168.0.0'),(2360,9,'2011-11-24',0.0165625,1,'192.168.0.0'),(2361,10,'2011-11-24',0.01717958187,1,'192.168.0.0'),(2362,11,'2011-11-24',0.0177813,1,'192.168.0.0'),(2363,12,'2011-11-24',0.0183875,1,'192.168.0.0'),(2364,13,'2011-11-24',0.0190063,1,'192.168.0.0'),(2365,14,'2011-11-24',0.01958554125,1,'192.168.0.0'),(2366,15,'2011-11-24',0.0201625,1,'192.168.0.0'),(2367,16,'2011-11-24',0.015738426,1,'192.168.0.0'),(2368,17,'2011-11-24',0.017,1,'192.168.0.0'),(2369,18,'2011-11-24',0.01881,1,'192.168.0.0'),(2370,19,'2011-11-24',0.02076,1,'192.168.0.0'),(2371,20,'2011-11-24',0.022407759,1,'192.168.0.0'),(2372,21,'2011-11-24',0.023757624,1,'192.168.0.0'),(2373,22,'2011-11-24',0.02485,1,'192.168.0.0'),(2374,23,'2011-11-24',0.02577,1,'192.168.0.0'),(2375,24,'2011-11-24',0.026577342,1,'192.168.0.0'),(2376,25,'2011-11-24',0.02799,1,'192.168.0.0'),(2377,26,'2011-11-24',0.02933,1,'192.168.0.0'),(2378,27,'2011-11-24',0.02932,1,'192.168.0.0'),(2379,28,'2011-11-24',0.028407159,1,'192.168.0.0'),(2380,29,'2011-11-24',0.027437256,1,'192.168.0.0'),(2381,30,'2011-11-23',0.00142765722,1,'192.168.0.0'),(2382,31,'2011-11-24',0.001945,1,'192.168.0.0'),(2383,32,'2011-11-24',0.00211868811,1,'192.168.0.0'),(2384,33,'2011-11-24',0.00257194278,1,'192.168.0.0'),(2385,34,'2011-11-24',0.0037789,1,'192.168.0.0'),(2386,35,'2011-11-24',0.00511618833,1,'192.168.0.0'),(2387,36,'2011-11-24',0.0058744125,1,'192.168.0.0'),(2388,37,'2011-11-24',0.0065167,1,'192.168.0.0'),(2389,38,'2011-11-24',0.0072611,1,'192.168.0.0'),(2390,39,'2011-11-24',0.00783811611,1,'192.168.0.0'),(2391,40,'2011-11-24',0.0082989,1,'192.168.0.0'),(2392,41,'2011-11-24',0.00886021389,1,'192.168.0.0'),(2393,42,'2011-11-24',0.00934346556,1,'192.168.0.0'),(2394,43,'2011-11-24',0.0098756,1,'192.168.0.0'),(2395,44,'2011-11-24',0.0104656,1,'192.168.0.0'),(2396,45,'2011-11-23',0.008039196,1,'192.168.0.0'),(2397,46,'2011-11-23',0.0089991,1,'192.168.0.0'),(2398,47,'2011-11-23',0.011,1,'192.168.0.0'),(2399,48,'2011-11-23',0.013388661,1,'192.168.0.0'),(2400,49,'2011-11-23',0.015638436,1,'192.168.0.0'),(2401,50,'2011-11-23',0.01754,1,'192.168.0.0'),(2402,51,'2011-11-23',0.019008099,1,'192.168.0.0'),(2403,52,'2011-11-23',0.02027,1,'192.168.0.0'),(2404,53,'2011-11-23',0.021337866,1,'192.168.0.0'),(2405,54,'2011-11-23',0.024457554,1,'192.168.0.0'),(2406,55,'2011-11-23',0.025367463,1,'192.168.0.0'),(2407,56,'2011-11-23',0.026027397,1,'192.168.0.0'),(2408,57,'2011-11-24',0.005825,1,'192.168.0.0'),(2409,58,'2011-11-24',0.006275,1,'192.168.0.0'),(2410,59,'2011-11-24',0.0065031,1,'192.168.0.0'),(2411,60,'2011-11-24',0.0073663,1,'192.168.0.0'),(2412,61,'2011-11-24',0.008485,1,'192.168.0.0'),(2413,62,'2011-11-24',0.0102939705,1,'192.168.0.0'),(2414,63,'2011-11-24',0.0112281,1,'192.168.0.0'),(2415,64,'2011-11-24',0.01221437844,1,'192.168.0.0'),(2416,65,'2011-11-24',0.01325497437,1,'192.168.0.0'),(2417,66,'2011-11-24',0.01419858,1,'192.168.0.0'),(2418,67,'2011-11-24',0.01503599625,1,'192.168.0.0'),(2419,68,'2011-11-24',0.0158656,1,'192.168.0.0'),(2420,69,'2011-11-24',0.0167188,1,'192.168.0.0'),(2421,70,'2011-11-24',0.0173969,1,'192.168.0.0'),(2422,71,'2011-11-24',0.01816378344,1,'192.168.0.0'),(2423,72,'2011-11-24',0.014858514,1,'192.168.0.0'),(2424,73,'2011-11-24',0.015438456,1,'192.168.0.0'),(2425,74,'2011-11-24',0.016258374,1,'192.168.0.0'),(2426,75,'2011-11-24',0.01747,1,'192.168.0.0'),(2427,76,'2011-11-24',0.01896,1,'192.168.0.0'),(2428,77,'2011-11-24',0.020587941,1,'192.168.0.0'),(2429,78,'2011-11-24',0.02214,1,'192.168.0.0'),(2430,79,'2011-11-24',0.02346,1,'192.168.0.0'),(2431,80,'2011-11-24',0.02452,1,'192.168.0.0'),(2432,81,'2011-11-24',0.0261,1,'192.168.0.0'),(2433,82,'2011-11-24',0.02757,1,'192.168.0.0'),(2434,83,'2011-11-24',0.028837116,1,'192.168.0.0'),(2435,84,'2011-11-24',0.02944,1,'192.168.0.0'),(2436,85,'2011-11-24',0.02956,1,'192.168.0.0'),(2437,86,'2011-11-24',0.00109989,1,'192.168.0.0'),(2438,87,'2011-11-24',0.00118118187,1,'192.168.0.0'),(2439,88,'2011-11-24',0.00124367562,1,'192.168.0.0'),(2440,89,'2011-11-24',0.00143735625,1,'192.168.0.0'),(2441,90,'2011-11-24',0.0016248375,1,'192.168.0.0'),(2442,91,'2011-11-24',0.001975,1,'192.168.0.0'),(2443,92,'2011-11-24',0.00241855812,1,'192.168.0.0'),(2444,93,'2011-11-24',0.0029375,1,'192.168.0.0'),(2445,94,'2011-11-24',0.0033625,1,'192.168.0.0'),(2446,95,'2011-11-24',0.00388711125,1,'192.168.0.0'),(2447,96,'2011-11-24',0.004349565,1,'192.168.0.0'),(2448,97,'2011-11-24',0.00475,1,'192.168.0.0'),(2449,98,'2011-11-24',0.00505579437,1,'192.168.0.0'),(2450,99,'2011-11-24',0.00529947,1,'192.168.0.0'),(2451,100,'2011-11-24',0.00555574437,1,'192.168.0.0'),(2452,101,'2011-11-24',0.00389,1,'192.168.0.0'),(2453,102,'2011-11-24',0.00396,1,'192.168.0.0'),(2454,103,'2011-11-24',0.00419958,1,'192.168.0.0'),(2455,104,'2011-11-24',0.00469,1,'192.168.0.0'),(2456,105,'2011-11-24',0.005409459,1,'192.168.0.0'),(2457,106,'2011-11-24',0.006359364,1,'192.168.0.0'),(2458,107,'2011-11-24',0.007439256,1,'192.168.0.0'),(2459,108,'2011-11-24',0.008549145,1,'192.168.0.0'),(2460,109,'2011-11-24',0.00962,1,'192.168.0.0'),(2461,110,'2011-11-24',0.01156,1,'192.168.0.0'),(2462,111,'2011-11-24',0.01388,1,'192.168.0.0'),(2463,112,'2011-11-24',0.01615,1,'192.168.0.0'),(2464,113,'2011-11-24',0.01696,1,'192.168.0.0'),(2465,114,'2011-11-24',0.017268273,1,'192.168.0.0'),(2466,115,'2011-11-24',0.01768,1,'192.168.0.0'),(2467,116,'2011-11-24',0.01809,1,'192.168.0.0'),(2468,117,'2011-11-24',0.000249975,1,'192.168.0.0'),(2469,118,'2011-11-24',0.000249975,1,'192.168.0.0'),(2470,119,'2011-11-24',0.0002667,1,'192.168.0.0'),(2471,120,'2011-11-24',0.00029997,1,'192.168.0.0'),(2472,121,'2011-11-24',0.00039996,1,'192.168.0.0'),(2473,122,'2011-11-24',0.00049995,1,'192.168.0.0'),(2474,123,'2011-11-24',0.00061663833,1,'192.168.0.0'),(2475,124,'2011-11-24',0.000749925,1,'192.168.0.0'),(2476,125,'2011-11-24',0.000975,1,'192.168.0.0'),(2477,126,'2011-11-24',0.00123317667,1,'192.168.0.0'),(2478,127,'2011-11-24',0.00154154583,1,'192.168.0.0'),(2479,128,'2011-11-24',0.0019333,1,'192.168.0.0'),(2480,129,'2011-11-24',0.0023333,1,'192.168.0.0'),(2481,130,'2011-11-24',0.00276642333,1,'192.168.0.0'),(2482,131,'2011-11-24',0.00321637833,1,'192.168.0.0'),(2483,132,'2011-11-24',0.001139886,1,'192.168.0.0'),(2484,133,'2011-11-24',0.00228,1,'192.168.0.0'),(2485,134,'2011-11-24',0.00437,1,'192.168.0.0'),(2486,135,'2011-11-24',0.00665,1,'192.168.0.0'),(2487,136,'2011-11-24',0.00865,1,'192.168.0.0'),(2488,137,'2011-11-24',0.01031,1,'192.168.0.0'),(2489,138,'2011-11-24',0.011658834,1,'192.168.0.0'),(2490,139,'2011-11-24',0.012748725,1,'192.168.0.0'),(2491,140,'2011-11-24',0.01364,1,'192.168.0.0'),(2492,141,'2011-11-24',0.0461625,1,'192.168.0.0'),(2493,142,'2011-11-24',0.04633286625,1,'192.168.0.0'),(2494,143,'2011-11-24',0.046475,1,'192.168.0.0'),(2495,144,'2011-11-24',0.046575,1,'192.168.0.0'),(2496,145,'2011-11-24',0.04662783675,1,'192.168.0.0'),(2497,146,'2011-11-24',0.0469703025,1,'192.168.0.0'),(2498,147,'2011-11-24',0.0471,1,'192.168.0.0'),(2499,148,'2011-11-24',0.047145285,1,'192.168.0.0'),(2500,149,'2011-11-24',0.047245275,1,'192.168.0.0'),(2501,150,'2011-11-24',0.047545245,1,'192.168.0.0'),(2502,151,'2011-11-24',0.047645235,1,'192.168.0.0'),(2503,152,'2011-11-24',0.047845215,1,'192.168.0.0'),(2504,153,'2011-11-24',0.04795,1,'192.168.0.0'),(2505,154,'2011-11-24',0.048245175,1,'192.168.0.0'),(2506,155,'2011-11-24',0.04865,1,'192.168.0.0'),(2507,156,'2011-11-24',0.0062438,1,'192.168.0.0'),(2508,157,'2011-11-24',0.00831546837,1,'192.168.0.0'),(2509,1,'2011-12-08',0.0062071,1,'192.168.0.0'),(2510,2,'2011-12-08',0.0081071,1,'192.168.0.0'),(2511,3,'2011-12-08',0.0089714,1,'192.168.0.0'),(2512,4,'2011-12-08',0.01125,1,'192.168.0.0'),(2513,5,'2011-12-08',0.0122786,1,'192.168.0.0'),(2514,6,'2011-12-08',0.01397720214,1,'192.168.0.0'),(2515,7,'2011-12-08',0.01479142071,1,'192.168.0.0'),(2516,8,'2011-12-08',0.0155143,1,'192.168.0.0'),(2517,9,'2011-12-08',0.01642695714,1,'192.168.0.0'),(2518,10,'2011-12-08',0.017048295,1,'192.168.0.0'),(2519,11,'2011-12-08',0.0176643,1,'192.168.0.0'),(2520,12,'2011-12-08',0.01826247357,1,'192.168.0.0'),(2521,13,'2011-12-08',0.01885,1,'192.168.0.0'),(2522,14,'2011-12-08',0.0194071,1,'192.168.0.0'),(2523,15,'2011-12-08',0.0200071,1,'192.168.0.0'),(2524,16,'2011-12-08',0.013608639,1,'192.168.0.0'),(2525,17,'2011-12-08',0.01482,1,'192.168.0.0'),(2526,18,'2011-12-08',0.01701,1,'192.168.0.0'),(2527,19,'2011-12-08',0.019318068,1,'192.168.0.0'),(2528,20,'2011-12-08',0.02138,1,'192.168.0.0'),(2529,21,'2011-12-08',0.023077692,1,'192.168.0.0'),(2530,22,'2011-12-08',0.02442,1,'192.168.0.0'),(2531,23,'2011-12-08',0.025477452,1,'192.168.0.0'),(2532,24,'2011-12-08',0.026377362,1,'192.168.0.0'),(2533,25,'2011-12-08',0.02784,1,'192.168.0.0'),(2534,26,'2011-12-08',0.029017098,1,'192.168.0.0'),(2535,27,'2011-12-08',0.028927107,1,'192.168.0.0'),(2536,28,'2011-12-08',0.027957204,1,'192.168.0.0'),(2537,29,'2011-12-08',0.02701,1,'192.168.0.0'),(2538,30,'2011-12-08',0.0015,1,'192.168.0.0'),(2539,31,'2011-12-08',0.0020015,1,'192.168.0.0'),(2540,32,'2011-12-08',0.002199,1,'192.168.0.0'),(2541,33,'2011-12-08',0.002763,1,'192.168.0.0'),(2542,34,'2011-12-08',0.0039636036,1,'192.168.0.0'),(2543,35,'2011-12-08',0.00539946,1,'192.168.0.0'),(2544,36,'2011-12-08',0.0061343865,1,'192.168.0.0'),(2545,37,'2011-12-08',0.00682181775,1,'192.168.0.0'),(2546,38,'2011-12-08',0.0076042395,1,'192.168.0.0'),(2547,39,'2011-12-08',0.008129187,1,'192.168.0.0'),(2548,40,'2011-12-08',0.008634,1,'192.168.0.0'),(2549,41,'2011-12-08',0.0091540845,1,'192.168.0.0'),(2550,42,'2011-12-08',0.009671,1,'192.168.0.0'),(2551,43,'2011-12-08',0.0102179781,1,'192.168.0.0'),(2552,44,'2011-12-08',0.01082041785,1,'192.168.0.0'),(2553,45,'2011-12-08',0.00649,1,'192.168.0.0'),(2554,46,'2011-12-08',0.007659234,1,'192.168.0.0'),(2555,47,'2011-12-08',0.009779022,1,'192.168.0.0'),(2556,48,'2011-12-08',0.012278772,1,'192.168.0.0'),(2557,49,'2011-12-08',0.014788521,1,'192.168.0.0'),(2558,50,'2011-12-08',0.016938306,1,'192.168.0.0'),(2559,51,'2011-12-08',0.018678132,1,'192.168.0.0'),(2560,52,'2011-12-08',0.02005,1,'192.168.0.0'),(2561,53,'2011-12-08',0.0213,1,'192.168.0.0'),(2562,54,'2011-12-08',0.02503,1,'192.168.0.0'),(2563,55,'2011-12-08',0.026227377,1,'192.168.0.0'),(2564,56,'2011-12-08',0.027177282,1,'192.168.0.0'),(2565,57,'2011-12-08',0.005825,1,'192.168.0.0'),(2566,58,'2011-12-08',0.006275,1,'192.168.0.0'),(2567,59,'2011-12-08',0.0065063,1,'192.168.0.0'),(2568,60,'2011-12-08',0.0074913,1,'192.168.0.0'),(2569,61,'2011-12-08',0.008585,1,'192.168.0.0'),(2570,62,'2011-12-08',0.0104825,1,'192.168.0.0'),(2571,63,'2011-12-08',0.0113669,1,'192.168.0.0'),(2572,64,'2011-12-08',0.01235436444,1,'192.168.0.0'),(2573,65,'2011-12-08',0.01339925994,1,'192.168.0.0'),(2574,66,'2011-12-08',0.0143119,1,'192.168.0.0'),(2575,67,'2011-12-08',0.01514288556,1,'192.168.0.0'),(2576,68,'2011-12-08',0.01599720012,1,'192.168.0.0'),(2577,69,'2011-12-08',0.01683271656,1,'192.168.0.0'),(2578,70,'2011-12-08',0.01752,1,'192.168.0.0'),(2579,71,'2011-12-08',0.01831696812,1,'192.168.0.0'),(2580,72,'2011-12-08',0.0126,1,'192.168.0.0'),(2581,73,'2011-12-08',0.01317,1,'192.168.0.0'),(2582,74,'2011-12-08',0.014328567,1,'192.168.0.0'),(2583,75,'2011-12-08',0.0159,1,'192.168.0.0'),(2584,76,'2011-12-08',0.01784,1,'192.168.0.0'),(2585,77,'2011-12-08',0.01985,1,'192.168.0.0'),(2586,78,'2011-12-08',0.02171,1,'192.168.0.0'),(2587,79,'2011-12-08',0.0233,1,'192.168.0.0'),(2588,80,'2011-12-08',0.02461,1,'192.168.0.0'),(2589,81,'2011-12-08',0.02655,1,'192.168.0.0'),(2590,82,'2011-12-08',0.028337166,1,'192.168.0.0'),(2591,83,'2011-12-08',0.029917008,1,'192.168.0.0'),(2592,84,'2011-12-08',0.03079,1,'192.168.0.0'),(2593,85,'2011-12-08',0.03112,1,'192.168.0.0'),(2594,86,'2011-12-08',0.00107129286,1,'192.168.0.0'),(2595,87,'2011-12-08',0.00116418357,1,'192.168.0.0'),(2596,88,'2011-12-08',0.00123557643,1,'192.168.0.0'),(2597,89,'2011-12-08',0.00142845714,1,'192.168.0.0'),(2598,90,'2011-12-08',0.00159984,1,'192.168.0.0'),(2599,91,'2011-12-08',0.0019571,1,'192.168.0.0'),(2600,92,'2011-12-08',0.00240685929,1,'192.168.0.0'),(2601,93,'2011-12-08',0.0029286,1,'192.168.0.0'),(2602,94,'2011-12-08',0.0033571,1,'192.168.0.0'),(2603,95,'2011-12-08',0.0038714,1,'192.168.0.0'),(2604,96,'2011-12-08',0.00432096786,1,'192.168.0.0'),(2605,97,'2011-12-08',0.0047429,1,'192.168.0.0'),(2606,98,'2011-12-08',0.00505,1,'192.168.0.0'),(2607,99,'2011-12-08',0.0052857,1,'192.168.0.0'),(2608,100,'2011-12-08',0.0055429,1,'192.168.0.0'),(2609,101,'2011-12-08',0.00378,1,'192.168.0.0'),(2610,102,'2011-12-08',0.003969603,1,'192.168.0.0'),(2611,103,'2011-12-08',0.00435,1,'192.168.0.0'),(2612,104,'2011-12-08',0.004969503,1,'192.168.0.0'),(2613,105,'2011-12-08',0.00583,1,'192.168.0.0'),(2614,106,'2011-12-08',0.00689,1,'192.168.0.0'),(2615,107,'2011-12-08',0.00802,1,'192.168.0.0'),(2616,108,'2011-12-08',0.009169083,1,'192.168.0.0'),(2617,109,'2011-12-08',0.010268973,1,'192.168.0.0'),(2618,110,'2011-12-08',0.012238776,1,'192.168.0.0'),(2619,111,'2011-12-08',0.0146,1,'192.168.0.0'),(2620,112,'2011-12-08',0.01694,1,'192.168.0.0'),(2621,113,'2011-12-08',0.017768223,1,'192.168.0.0'),(2622,114,'2011-12-08',0.0181,1,'192.168.0.0'),(2623,115,'2011-12-08',0.01851,1,'192.168.0.0'),(2624,116,'2011-12-08',0.01892,1,'192.168.0.0'),(2625,117,'2011-12-08',0.00025,1,'192.168.0.0'),(2626,118,'2011-12-08',0.000249975,1,'192.168.0.0'),(2627,119,'2011-12-08',0.0002667,1,'192.168.0.0'),(2628,120,'2011-12-08',0.00031666833,1,'192.168.0.0'),(2629,121,'2011-12-08',0.00041665833,1,'192.168.0.0'),(2630,122,'2011-12-08',0.00051664833,1,'192.168.0.0'),(2631,123,'2011-12-08',0.0006333,1,'192.168.0.0'),(2632,124,'2011-12-08',0.000749925,1,'192.168.0.0'),(2633,125,'2011-12-08',0.0009749025,1,'192.168.0.0'),(2634,126,'2011-12-08',0.0012167,1,'192.168.0.0'),(2635,127,'2011-12-08',0.0015333,1,'192.168.0.0'),(2636,128,'2011-12-08',0.00193310667,1,'192.168.0.0'),(2637,129,'2011-12-08',0.00233306667,1,'192.168.0.0'),(2638,130,'2011-12-08',0.00276642333,1,'192.168.0.0'),(2639,131,'2011-12-08',0.0032167,1,'192.168.0.0'),(2640,132,'2011-12-08',0.00031,1,'192.168.0.0'),(2641,133,'2011-12-08',0.0015,1,'192.168.0.0'),(2642,134,'2011-12-08',0.0037,1,'192.168.0.0'),(2643,135,'2011-12-08',0.006029397,1,'192.168.0.0'),(2644,136,'2011-12-08',0.008079192,1,'192.168.0.0'),(2645,137,'2011-12-08',0.009789021,1,'192.168.0.0'),(2646,138,'2011-12-08',0.0112,1,'192.168.0.0'),(2647,139,'2011-12-08',0.01235,1,'192.168.0.0'),(2648,140,'2011-12-08',0.01329867,1,'192.168.0.0'),(2649,141,'2011-12-08',0.043915608,1,'192.168.0.0'),(2650,142,'2011-12-08',0.044375562,1,'192.168.0.0'),(2651,143,'2011-12-08',0.04458,1,'192.168.0.0'),(2652,144,'2011-12-08',0.045155484,1,'192.168.0.0'),(2653,145,'2011-12-08',0.04582,1,'192.168.0.0'),(2654,146,'2011-12-08',0.04632,1,'192.168.0.0'),(2655,147,'2011-12-08',0.04646,1,'192.168.0.0'),(2656,148,'2011-12-08',0.04658,1,'192.168.0.0'),(2657,149,'2011-12-08',0.04668,1,'192.168.0.0'),(2658,150,'2011-12-08',0.046915308,1,'192.168.0.0'),(2659,151,'2011-12-08',0.04714,1,'192.168.0.0'),(2660,152,'2011-12-08',0.0474,1,'192.168.0.0'),(2661,153,'2011-12-08',0.047715228,1,'192.168.0.0'),(2662,154,'2011-12-08',0.048,1,'192.168.0.0'),(2663,155,'2011-12-08',0.048315168,1,'192.168.0.0'),(2664,156,'2011-12-08',1.009429047,1,'192.168.0.0'),(2665,157,'2011-12-08',0.99920007,1,'192.168.0.0'),(2666,158,'2011-12-08',1.05743,1,'192.168.0.0'),(2667,159,'2011-12-08',1.03928,1,'192.168.0.0'),(2668,160,'2011-12-08',1.01309868,1,'192.168.0.0'),(2669,161,'2011-12-08',1.1575,1,'192.168.0.0'),(2670,162,'2011-12-08',1.14633,1,'192.168.0.0'),(2671,163,'2011-12-08',1.11398,1,'192.168.0.0'),(2672,164,'2011-12-08',1.05249474,1,'192.168.0.0'),(2673,165,'2011-12-08',0.9988,1,'192.168.0.0'),(2674,166,'2011-12-08',1.4961,1,'192.168.0.0'),(2675,167,'2011-12-08',1.40683,1,'192.168.0.0'),(2676,168,'2011-12-08',1.23858,1,'192.168.0.0'),(2677,169,'2011-12-08',1.139915997,1,'192.168.0.0'),(2678,1,'2011-12-13',0.0089214,1,'192.168.0.0'),(2679,2,'2011-12-13',0.0069429,1,'192.168.0.0'),(2680,3,'2011-12-13',0.00792780714,1,'192.168.0.0'),(2681,4,'2011-12-13',0.0106286,1,'192.168.0.0'),(2682,5,'2011-12-13',0.01170592929,1,'192.168.0.0'),(2683,6,'2011-12-13',0.01356294357,1,'192.168.0.0'),(2684,7,'2011-12-13',0.0144214,1,'192.168.0.0'),(2685,8,'2011-12-13',0.01524137571,1,'192.168.0.0'),(2686,9,'2011-12-13',0.0161357,1,'192.168.0.0'),(2687,10,'2011-12-13',0.0168143,1,'192.168.0.0'),(2688,11,'2011-12-13',0.01744115571,1,'192.168.0.0'),(2689,12,'2011-12-13',0.01804109571,1,'192.168.0.0'),(2690,13,'2011-12-13',0.0185857,1,'192.168.0.0'),(2691,14,'2011-12-13',0.0191429,1,'192.168.0.0'),(2692,15,'2011-12-13',0.0197571,1,'192.168.0.0'),(2693,16,'2011-12-13',0.0139,1,'192.168.0.0'),(2694,17,'2011-12-13',0.014838516,1,'192.168.0.0'),(2695,18,'2011-12-13',0.01685,1,'192.168.0.0'),(2696,19,'2011-12-13',0.01905,1,'192.168.0.0'),(2697,20,'2011-12-13',0.020977902,1,'192.168.0.0'),(2698,21,'2011-12-13',0.022567743,1,'192.168.0.0'),(2699,22,'2011-12-13',0.02384,1,'192.168.0.0'),(2700,23,'2011-12-13',0.024817518,1,'192.168.0.0'),(2701,24,'2011-12-13',0.025667433,1,'192.168.0.0'),(2702,25,'2011-12-13',0.0269973,1,'192.168.0.0'),(2703,26,'2011-12-13',0.027977202,1,'192.168.0.0'),(2704,27,'2011-12-13',0.027667233,1,'192.168.0.0'),(2705,28,'2011-12-13',0.02669733,1,'192.168.0.0'),(2706,29,'2011-12-13',0.025747425,1,'192.168.0.0'),(2707,30,'2011-12-13',0.001505,1,'192.168.0.0'),(2708,31,'2011-12-13',0.0020015,1,'192.168.0.0'),(2709,32,'2011-12-13',0.0022015,1,'192.168.0.0'),(2710,33,'2011-12-13',0.0027827217,1,'192.168.0.0'),(2711,34,'2011-12-13',0.0040315,1,'192.168.0.0'),(2712,35,'2011-12-13',0.0054625,1,'192.168.0.0'),(2713,36,'2011-12-13',0.0062075,1,'192.168.0.0'),(2714,37,'2011-12-13',0.0068943105,1,'192.168.0.0'),(2715,38,'2011-12-13',0.007705,1,'192.168.0.0'),(2716,39,'2011-12-13',0.00825,1,'192.168.0.0'),(2717,40,'2011-12-13',0.008754,1,'192.168.0.0'),(2718,41,'2011-12-13',0.0092740725,1,'192.168.0.0'),(2719,42,'2011-12-13',0.0097900209,1,'192.168.0.0'),(2720,43,'2011-12-13',0.0103379661,1,'192.168.0.0'),(2721,44,'2011-12-13',0.0109329066,1,'192.168.0.0'),(2722,45,'2011-12-13',0.006879312,1,'192.168.0.0'),(2723,46,'2011-12-13',0.00801,1,'192.168.0.0'),(2724,47,'2011-12-13',0.010218978,1,'192.168.0.0'),(2725,48,'2011-12-13',0.01286,1,'192.168.0.0'),(2726,49,'2011-12-13',0.01532,1,'192.168.0.0'),(2727,50,'2011-12-13',0.01749,1,'192.168.0.0'),(2728,51,'2011-12-13',0.01925,1,'192.168.0.0'),(2729,52,'2011-12-13',0.02066,1,'192.168.0.0'),(2730,53,'2011-12-13',0.02189,1,'192.168.0.0'),(2731,54,'2011-12-13',0.02564,1,'192.168.0.0'),(2732,55,'2011-12-13',0.02681,1,'192.168.0.0'),(2733,56,'2011-12-13',0.02782,1,'192.168.0.0'),(2734,57,'2011-12-13',0.0058,1,'192.168.0.0'),(2735,58,'2011-12-13',0.00628687125,1,'192.168.0.0'),(2736,59,'2011-12-13',0.00652124781,1,'192.168.0.0'),(2737,60,'2011-12-13',0.0075631,1,'192.168.0.0'),(2738,61,'2011-12-13',0.0086694,1,'192.168.0.0'),(2739,62,'2011-12-13',0.0105525,1,'192.168.0.0'),(2740,63,'2011-12-13',0.0114369,1,'192.168.0.0'),(2741,64,'2011-12-13',0.0124256,1,'192.168.0.0'),(2742,65,'2011-12-13',0.01345675419,1,'192.168.0.0'),(2743,66,'2011-12-13',0.0143844,1,'192.168.0.0'),(2744,67,'2011-12-13',0.0152219,1,'192.168.0.0'),(2745,68,'2011-12-13',0.01605469437,1,'192.168.0.0'),(2746,69,'2011-12-13',0.0169031,1,'192.168.0.0'),(2747,70,'2011-12-13',0.0176025,1,'192.168.0.0'),(2748,71,'2011-12-13',0.0183888,1,'192.168.0.0'),(2749,72,'2011-12-13',0.013008699,1,'192.168.0.0'),(2750,73,'2011-12-13',0.01335,1,'192.168.0.0'),(2751,74,'2011-12-13',0.014278572,1,'192.168.0.0'),(2752,75,'2011-12-13',0.015738426,1,'192.168.0.0'),(2753,76,'2011-12-13',0.017438256,1,'192.168.0.0'),(2754,77,'2011-12-13',0.019248075,1,'192.168.0.0'),(2755,78,'2011-12-13',0.021047895,1,'192.168.0.0'),(2756,79,'2011-12-13',0.02261,1,'192.168.0.0'),(2757,80,'2011-12-13',0.02389,1,'192.168.0.0'),(2758,81,'2011-12-13',0.025827417,1,'192.168.0.0'),(2759,82,'2011-12-13',0.02764,1,'192.168.0.0'),(2760,83,'2011-12-13',0.029287071,1,'192.168.0.0'),(2761,84,'2011-12-13',0.030166983,1,'192.168.0.0'),(2762,85,'2011-12-13',0.030526947,1,'192.168.0.0'),(2763,86,'2011-12-13',0.00107129286,1,'192.168.0.0'),(2764,87,'2011-12-13',0.00115,1,'192.168.0.0'),(2765,88,'2011-12-13',0.00123557643,1,'192.168.0.0'),(2766,89,'2011-12-13',0.00142845714,1,'192.168.0.0'),(2767,90,'2011-12-13',0.0016,1,'192.168.0.0'),(2768,91,'2011-12-13',0.00195690429,1,'192.168.0.0'),(2769,92,'2011-12-13',0.0024071,1,'192.168.0.0'),(2770,93,'2011-12-13',0.00292830714,1,'192.168.0.0'),(2771,94,'2011-12-13',0.00335676429,1,'192.168.0.0'),(2772,95,'2011-12-13',0.00387101286,1,'192.168.0.0'),(2773,96,'2011-12-13',0.0043214,1,'192.168.0.0'),(2774,97,'2011-12-13',0.00474242571,1,'192.168.0.0'),(2775,98,'2011-12-13',0.005049495,1,'192.168.0.0'),(2776,99,'2011-12-13',0.00528517143,1,'192.168.0.0'),(2777,100,'2011-12-13',0.00554234571,1,'192.168.0.0'),(2778,101,'2011-12-13',0.00379,1,'192.168.0.0'),(2779,102,'2011-12-13',0.003949605,1,'192.168.0.0'),(2780,103,'2011-12-13',0.004269573,1,'192.168.0.0'),(2781,104,'2011-12-13',0.00482,1,'192.168.0.0'),(2782,105,'2011-12-13',0.005609439,1,'192.168.0.0'),(2783,106,'2011-12-13',0.006619338,1,'192.168.0.0'),(2784,107,'2011-12-13',0.00773,1,'192.168.0.0'),(2785,108,'2011-12-13',0.00886,1,'192.168.0.0'),(2786,109,'2011-12-13',0.00995,1,'192.168.0.0'),(2787,110,'2011-12-13',0.01191,1,'192.168.0.0'),(2788,111,'2011-12-13',0.01425,1,'192.168.0.0'),(2789,112,'2011-12-13',0.01659,1,'192.168.0.0'),(2790,113,'2011-12-13',0.017408259,1,'192.168.0.0'),(2791,114,'2011-12-13',0.01774,1,'192.168.0.0'),(2792,115,'2011-12-13',0.018148185,1,'192.168.0.0'),(2793,116,'2011-12-13',0.018568143,1,'192.168.0.0'),(2794,117,'2011-12-13',0.00026667333,1,'192.168.0.0'),(2795,118,'2011-12-13',0.00025,1,'192.168.0.0'),(2796,119,'2011-12-13',0.0002667,1,'192.168.0.0'),(2797,120,'2011-12-13',0.0003167,1,'192.168.0.0'),(2798,121,'2011-12-13',0.0004167,1,'192.168.0.0'),(2799,122,'2011-12-13',0.0005167,1,'192.168.0.0'),(2800,123,'2011-12-13',0.00063323667,1,'192.168.0.0'),(2801,124,'2011-12-13',0.00075,1,'192.168.0.0'),(2802,125,'2011-12-13',0.000975,1,'192.168.0.0'),(2803,126,'2011-12-13',0.0012167,1,'192.168.0.0'),(2804,127,'2011-12-13',0.00153314667,1,'192.168.0.0'),(2805,128,'2011-12-13',0.0019333,1,'192.168.0.0'),(2806,129,'2011-12-13',0.00233306667,1,'192.168.0.0'),(2807,130,'2011-12-13',0.0027667,1,'192.168.0.0'),(2808,131,'2011-12-13',0.0032167,1,'192.168.0.0'),(2809,132,'2011-12-13',0.000389961,1,'192.168.0.0'),(2810,133,'2011-12-13',0.001319868,1,'192.168.0.0'),(2811,134,'2011-12-13',0.0033,1,'192.168.0.0'),(2812,135,'2011-12-13',0.00552,1,'192.168.0.0'),(2813,136,'2011-12-13',0.007479252,1,'192.168.0.0'),(2814,137,'2011-12-13',0.009149085,1,'192.168.0.0'),(2815,138,'2011-12-13',0.01049895,1,'192.168.0.0'),(2816,139,'2011-12-13',0.01159884,1,'192.168.0.0'),(2817,140,'2011-12-13',0.01252,1,'192.168.0.0'),(2818,141,'2011-12-13',0.0441,1,'192.168.0.0'),(2819,142,'2011-12-13',0.044415558,1,'192.168.0.0'),(2820,143,'2011-12-13',0.04458,1,'192.168.0.0'),(2821,144,'2011-12-13',0.045255474,1,'192.168.0.0'),(2822,145,'2011-12-13',0.045935406,1,'192.168.0.0'),(2823,146,'2011-12-13',0.04642,1,'192.168.0.0'),(2824,147,'2011-12-13',0.0466,1,'192.168.0.0'),(2825,148,'2011-12-13',0.0467,1,'192.168.0.0'),(2826,149,'2011-12-13',0.0468,1,'192.168.0.0'),(2827,150,'2011-12-13',0.04704,1,'192.168.0.0'),(2828,151,'2011-12-13',0.047275272,1,'192.168.0.0'),(2829,152,'2011-12-13',0.04752,1,'192.168.0.0'),(2830,153,'2011-12-13',0.047855214,1,'192.168.0.0'),(2831,154,'2011-12-13',0.048075192,1,'192.168.0.0'),(2832,155,'2011-12-13',0.048415158,1,'192.168.0.0'),(2833,156,'2011-12-13',0.999949995,1,'192.168.0.0'),(2834,157,'2011-12-13',1.00025,1,'192.168.0.0'),(2835,158,'2011-12-13',1.0094,1,'192.168.0.0'),(2836,159,'2011-12-13',0.999530037,1,'192.168.0.0'),(2837,160,'2011-12-13',1.05793,1,'192.168.0.0'),(2838,161,'2011-12-13',1.040315958,1,'192.168.0.0'),(2839,162,'2011-12-13',1.01419857,1,'192.168.0.0'),(2840,163,'2011-12-13',1.1583,1,'192.168.0.0'),(2841,164,'2011-12-13',1.1469,1,'192.168.0.0'),(2842,165,'2011-12-13',1.1138886,1,'192.168.0.0'),(2843,166,'2011-12-13',1.051824807,1,'192.168.0.0'),(2844,167,'2011-12-13',0.99778,1,'192.168.0.0'),(2845,168,'2011-12-13',1.50323,1,'192.168.0.0'),(2846,169,'2011-12-13',1.416808305,1,'192.168.0.0'),(2847,170,'2011-12-13',1.255724415,1,'192.168.0.0'),(2848,171,'2011-12-13',1.15848,1,'192.168.0.0'),(2849,172,'2011-12-13',0.999850005,1,'192.168.0.0'),(2850,173,'2011-12-13',0.999350055,1,'192.168.0.0'),(2851,174,'2011-12-13',0.99855,1,'192.168.0.0'),(2852,175,'2011-12-13',0.99670032,1,'192.168.0.0'),(2853,176,'2011-12-13',0.99508,1,'192.168.0.0'),(2854,177,'2011-12-13',1.01788,1,'192.168.0.0'),(2855,178,'2011-12-13',1.04145,1,'192.168.0.0'),(2856,179,'2011-12-13',1.007049285,1,'192.168.0.0'),(2857,180,'2011-12-13',1.013248665,1,'192.168.0.0'),(2858,181,'2011-12-13',1.08949104,1,'192.168.0.0'),(2859,182,'2011-12-13',1.0864,1,'192.168.0.0'),(2860,183,'2011-12-13',1.05255,1,'192.168.0.0'),(2861,184,'2011-12-13',0.950884902,1,'192.168.0.0'),(2862,185,'2011-12-13',0.9996,1,'192.168.0.0'),(2863,186,'2011-12-13',0.99828,1,'192.168.0.0'),(2864,187,'2011-12-13',1.2372,1,'192.168.0.0'),(2865,188,'2011-12-13',1.1699,1,'192.168.0.0'),(2866,189,'2011-12-13',1.146065382,1,'192.168.0.0'),(2867,190,'2011-12-13',1.05495,1,'192.168.0.0'),(2868,1,'2012-01-03',0.0034571,1,'192.168.0.0'),(2869,2,'2012-01-03',0.0056571,1,'192.168.0.0'),(2870,3,'2012-01-03',0.00645645429,1,'192.168.0.0'),(2871,4,'2012-01-03',0.0092857,1,'192.168.0.0'),(2872,5,'2012-01-03',0.01087031286,1,'192.168.0.0'),(2873,6,'2012-01-03',0.01268443143,1,'192.168.0.0'),(2874,7,'2012-01-03',0.01358574129,1,'192.168.0.0'),(2875,8,'2012-01-03',0.0145086,1,'192.168.0.0'),(2876,9,'2012-01-03',0.0154729,1,'192.168.0.0'),(2877,10,'2012-01-03',0.0160871,1,'192.168.0.0'),(2878,11,'2012-01-03',0.0167014,1,'192.168.0.0'),(2879,12,'2012-01-03',0.01729,1,'192.168.0.0'),(2880,13,'2012-01-03',0.01782531729,1,'192.168.0.0'),(2881,14,'2012-01-03',0.0183643,1,'192.168.0.0'),(2882,15,'2012-01-03',0.01893380643,1,'192.168.0.0'),(2883,16,'2012-01-03',0.013258674,1,'192.168.0.0'),(2884,17,'2012-01-03',0.01395,1,'192.168.0.0'),(2885,18,'2012-01-03',0.01561,1,'192.168.0.0'),(2886,19,'2012-01-03',0.01756,1,'192.168.0.0'),(2887,20,'2012-01-03',0.019388061,1,'192.168.0.0'),(2888,21,'2012-01-03',0.02095,1,'192.168.0.0'),(2889,22,'2012-01-03',0.02219778,1,'192.168.0.0'),(2890,23,'2012-01-03',0.02323,1,'192.168.0.0'),(2891,24,'2012-01-03',0.02413,1,'192.168.0.0'),(2892,25,'2012-01-03',0.02568,1,'192.168.0.0'),(2893,26,'2012-01-03',0.027027297,1,'192.168.0.0'),(2894,27,'2012-01-03',0.02726,1,'192.168.0.0'),(2895,28,'2012-01-03',0.02665,1,'192.168.0.0'),(2896,29,'2012-01-03',0.0259974,1,'192.168.0.0'),(2897,30,'2012-01-03',0.00149,1,'192.168.0.0'),(2898,31,'2012-01-03',0.0020817918,1,'192.168.0.0'),(2899,32,'2012-01-03',0.0024347565,1,'192.168.0.0'),(2900,33,'2012-01-03',0.002953,1,'192.168.0.0'),(2901,34,'2012-01-03',0.0042805719,1,'192.168.0.0'),(2902,35,'2012-01-03',0.0058244175,1,'192.168.0.0'),(2903,36,'2012-01-03',0.0065743425,1,'192.168.0.0'),(2904,37,'2012-01-03',0.007285,1,'192.168.0.0'),(2905,38,'2012-01-03',0.008109189,1,'192.168.0.0'),(2906,39,'2012-01-03',0.00864,1,'192.168.0.0'),(2907,40,'2012-01-03',0.0091500849,1,'192.168.0.0'),(2908,41,'2012-01-03',0.009664,1,'192.168.0.0'),(2909,42,'2012-01-03',0.01017,1,'192.168.0.0'),(2910,43,'2012-01-03',0.010713,1,'192.168.0.0'),(2911,44,'2012-01-03',0.01129936995,1,'192.168.0.0'),(2912,45,'2012-01-03',0.007329267,1,'192.168.0.0'),(2913,46,'2012-01-03',0.00837,1,'192.168.0.0'),(2914,47,'2012-01-03',0.010428957,1,'192.168.0.0'),(2915,48,'2012-01-03',0.012708729,1,'192.168.0.0'),(2916,49,'2012-01-03',0.015018498,1,'192.168.0.0'),(2917,50,'2012-01-03',0.01699,1,'192.168.0.0'),(2918,51,'2012-01-03',0.0186,1,'192.168.0.0'),(2919,52,'2012-01-03',0.01992,1,'192.168.0.0'),(2920,53,'2012-01-03',0.02102,1,'192.168.0.0'),(2921,54,'2012-01-03',0.02476,1,'192.168.0.0'),(2922,55,'2012-01-03',0.026,1,'192.168.0.0'),(2923,56,'2012-01-03',0.026937306,1,'192.168.0.0'),(2924,57,'2012-01-03',0.0058,1,'192.168.0.0'),(2925,58,'2012-01-03',0.0062906,1,'192.168.0.0'),(2926,59,'2012-01-03',0.00656494344,1,'192.168.0.0'),(2927,60,'2012-01-03',0.0077269,1,'192.168.0.0'),(2928,61,'2012-01-03',0.0088319,1,'192.168.0.0'),(2929,62,'2012-01-03',0.0108406,1,'192.168.0.0'),(2930,63,'2012-01-03',0.01173762612,1,'192.168.0.0'),(2931,64,'2012-01-03',0.01275122475,1,'192.168.0.0'),(2932,65,'2012-01-03',0.0137875,1,'192.168.0.0'),(2933,66,'2012-01-03',0.01469483037,1,'192.168.0.0'),(2934,67,'2012-01-03',0.0155563,1,'192.168.0.0'),(2935,68,'2012-01-03',0.01639396044,1,'192.168.0.0'),(2936,69,'2012-01-03',0.017225,1,'192.168.0.0'),(2937,70,'2012-01-03',0.0179294,1,'192.168.0.0'),(2938,71,'2012-01-03',0.01874502531,1,'192.168.0.0'),(2939,72,'2012-01-03',0.013508649,1,'192.168.0.0'),(2940,73,'2012-01-03',0.013948605,1,'192.168.0.0'),(2941,74,'2012-01-03',0.014818518,1,'192.168.0.0'),(2942,75,'2012-01-03',0.016078392,1,'192.168.0.0'),(2943,76,'2012-01-03',0.017538246,1,'192.168.0.0'),(2944,77,'2012-01-03',0.01913,1,'192.168.0.0'),(2945,78,'2012-01-03',0.02076,1,'192.168.0.0'),(2946,79,'2012-01-03',0.022187781,1,'192.168.0.0'),(2947,80,'2012-01-03',0.02338,1,'192.168.0.0'),(2948,81,'2012-01-03',0.025227477,1,'192.168.0.0'),(2949,82,'2012-01-03',0.02699,1,'192.168.0.0'),(2950,83,'2012-01-03',0.02874,1,'192.168.0.0'),(2951,84,'2012-01-03',0.029717028,1,'192.168.0.0'),(2952,85,'2012-01-03',0.03015,1,'192.168.0.0'),(2953,86,'2012-01-03',0.00109989,1,'192.168.0.0'),(2954,87,'2012-01-03',0.0011786,1,'192.168.0.0'),(2955,88,'2012-01-03',0.001249875,1,'192.168.0.0'),(2956,89,'2012-01-03',0.00144275571,1,'192.168.0.0'),(2957,90,'2012-01-03',0.0016,1,'192.168.0.0'),(2958,91,'2012-01-03',0.00195690429,1,'192.168.0.0'),(2959,92,'2012-01-03',0.00240685929,1,'192.168.0.0'),(2960,93,'2012-01-03',0.00292830714,1,'192.168.0.0'),(2961,94,'2012-01-03',0.00335676429,1,'192.168.0.0'),(2962,95,'2012-01-03',0.0038571,1,'192.168.0.0'),(2963,96,'2012-01-03',0.00432096786,1,'192.168.0.0'),(2964,97,'2012-01-03',0.00474242571,1,'192.168.0.0'),(2965,98,'2012-01-03',0.0050357,1,'192.168.0.0'),(2966,99,'2012-01-03',0.00528517143,1,'192.168.0.0'),(2967,100,'2012-01-03',0.00554234571,1,'192.168.0.0'),(2968,101,'2011-12-30',0.00379,1,'192.168.0.0'),(2969,102,'2011-12-30',0.003949605,1,'192.168.0.0'),(2970,103,'2011-12-30',0.00425,1,'192.168.0.0'),(2971,104,'2011-12-30',0.00479952,1,'192.168.0.0'),(2972,105,'2011-12-30',0.005589441,1,'192.168.0.0'),(2973,106,'2011-12-30',0.006589341,1,'192.168.0.0'),(2974,107,'2011-12-30',0.007679232,1,'192.168.0.0'),(2975,108,'2011-12-30',0.00879912,1,'192.168.0.0'),(2976,109,'2011-12-30',0.009889011,1,'192.168.0.0'),(2977,110,'2011-12-30',0.01187,1,'192.168.0.0'),(2978,111,'2011-12-30',0.01423,1,'192.168.0.0'),(2979,112,'2011-12-30',0.016558344,1,'192.168.0.0'),(2980,113,'2011-12-30',0.017378262,1,'192.168.0.0'),(2981,114,'2011-12-30',0.017708229,1,'192.168.0.0'),(2982,115,'2011-12-30',0.018118188,1,'192.168.0.0'),(2983,116,'2011-12-30',0.018528147,1,'192.168.0.0'),(2984,117,'2012-01-03',0.00028327167,1,'192.168.0.0'),(2985,118,'2012-01-03',0.00028327167,1,'192.168.0.0'),(2986,119,'2012-01-03',0.00028327167,1,'192.168.0.0'),(2987,120,'2012-01-03',0.00031666833,1,'192.168.0.0'),(2988,121,'2012-01-03',0.0004167,1,'192.168.0.0'),(2989,122,'2012-01-03',0.0005167,1,'192.168.0.0'),(2990,123,'2012-01-03',0.0006333,1,'192.168.0.0'),(2991,124,'2012-01-03',0.00075,1,'192.168.0.0'),(2992,125,'2012-01-03',0.0009417,1,'192.168.0.0'),(2993,126,'2012-01-03',0.00123317667,1,'192.168.0.0'),(2994,127,'2012-01-03',0.001549845,1,'192.168.0.0'),(2995,128,'2012-01-03',0.001949805,1,'192.168.0.0'),(2996,129,'2012-01-03',0.0023667,1,'192.168.0.0'),(2997,130,'2012-01-03',0.00279972,1,'192.168.0.0'),(2998,131,'2012-01-03',0.003249675,1,'192.168.0.0'),(2999,132,'2012-01-03',0.000969903,1,'192.168.0.0'),(3000,133,'2012-01-03',0.001929807,1,'192.168.0.0'),(3001,134,'2012-01-03',0.003719628,1,'192.168.0.0'),(3002,135,'2012-01-03',0.005849415,1,'192.168.0.0'),(3003,136,'2012-01-03',0.00769923,1,'192.168.0.0'),(3004,137,'2012-01-03',0.00925,1,'192.168.0.0'),(3005,138,'2012-01-03',0.01049895,1,'192.168.0.0'),(3006,139,'2012-01-03',0.011528847,1,'192.168.0.0'),(3007,140,'2012-01-03',0.0124,1,'192.168.0.0'),(3008,141,'2012-01-03',0.044535546,1,'192.168.0.0'),(3009,142,'2012-01-03',0.044575542,1,'192.168.0.0'),(3010,143,'2012-01-03',0.044755524,1,'192.168.0.0'),(3011,144,'2012-01-03',0.04528,1,'192.168.0.0'),(3012,145,'2012-01-03',0.046015398,1,'192.168.0.0'),(3013,146,'2012-01-03',0.046615338,1,'192.168.0.0'),(3014,147,'2012-01-03',0.04694,1,'192.168.0.0'),(3015,148,'2012-01-03',0.04706,1,'192.168.0.0'),(3016,149,'2012-01-03',0.04726,1,'192.168.0.0'),(3017,150,'2012-01-03',0.04752,1,'192.168.0.0'),(3018,151,'2012-01-03',0.04778,1,'192.168.0.0'),(3019,152,'2012-01-03',0.04802,1,'192.168.0.0'),(3020,153,'2012-01-03',0.04829517,1,'192.168.0.0'),(3021,154,'2012-01-03',0.048575142,1,'192.168.0.0'),(3022,155,'2012-01-03',0.04896,1,'192.168.0.0'),(3023,156,'2012-01-03',1.000079982,1,'192.168.0.0'),(3024,157,'2012-01-03',1.000279962,1,'192.168.0.0'),(3025,158,'2012-01-03',1.01008,1,'192.168.0.0'),(3026,159,'2012-01-03',1.00125,1,'192.168.0.0'),(3027,160,'2012-01-03',1.06008,1,'192.168.0.0'),(3028,161,'2012-01-03',1.044825507,1,'192.168.0.0'),(3029,162,'2012-01-03',1.020827907,1,'192.168.0.0'),(3030,163,'2012-01-03',1.16648,1,'192.168.0.0'),(3031,164,'2012-01-03',1.15745,1,'192.168.0.0'),(3032,165,'2012-01-03',1.124337555,1,'192.168.0.0'),(3033,166,'2012-01-03',1.06295,1,'192.168.0.0'),(3034,167,'2012-01-03',1.0094,1,'192.168.0.0'),(3035,168,'2012-01-03',1.52738,1,'192.168.0.0'),(3036,169,'2012-01-03',1.440675918,1,'192.168.0.0'),(3037,170,'2012-01-03',1.268823105,1,'192.168.0.0'),(3038,171,'2012-01-03',1.164833505,1,'192.168.0.0'),(3039,172,'2012-01-03',1.00003,1,'192.168.0.0'),(3040,173,'2012-01-03',0.999830007,1,'192.168.0.0'),(3041,174,'2012-01-03',0.99968,1,'192.168.0.0'),(3042,175,'2012-01-03',0.999480042,1,'192.168.0.0'),(3043,176,'2012-01-03',0.99850014,1,'192.168.0.0'),(3044,177,'2012-01-03',1.02003,1,'192.168.0.0'),(3045,178,'2012-01-03',1.043375652,1,'192.168.0.0'),(3046,179,'2012-01-03',1.01178,1,'192.168.0.0'),(3047,180,'2012-01-03',1.0205,1,'192.168.0.0'),(3048,181,'2012-01-03',1.0959,1,'192.168.0.0'),(3049,182,'2012-01-03',1.091370852,1,'192.168.0.0'),(3050,183,'2012-01-03',1.05419457,1,'192.168.0.0'),(3051,184,'2012-01-03',0.94863,1,'192.168.0.0'),(3052,185,'2012-01-03',0.99730026,1,'192.168.0.0'),(3053,186,'2012-01-03',0.98240175,1,'192.168.0.0'),(3054,187,'2012-01-03',1.21223,1,'192.168.0.0'),(3055,188,'2012-01-03',1.137516237,1,'192.168.0.0'),(3056,189,'2012-01-03',1.1112,1,'192.168.0.0'),(3057,190,'2012-01-03',1.01439855,1,'192.168.0.0'),(3058,1,'2012-01-06',0.0030286,1,'192.168.0.0'),(3059,2,'2012-01-06',0.00485661429,1,'192.168.0.0'),(3060,3,'2012-01-06',0.00582801714,1,'192.168.0.0'),(3061,4,'2012-01-06',0.00867053286,1,'192.168.0.0'),(3062,5,'2012-01-06',0.01040605929,1,'192.168.0.0'),(3063,6,'2012-01-06',0.0122857,1,'192.168.0.0'),(3064,7,'2012-01-06',0.0131786,1,'192.168.0.0'),(3065,8,'2012-01-06',0.0141086,1,'192.168.0.0'),(3066,9,'2012-01-06',0.015038496,1,'192.168.0.0'),(3067,10,'2012-01-06',0.0156829,1,'192.168.0.0'),(3068,11,'2012-01-06',0.0163,1,'192.168.0.0'),(3069,12,'2012-01-06',0.01686261357,1,'192.168.0.0'),(3070,13,'2012-01-06',0.0174286,1,'192.168.0.0'),(3071,14,'2012-01-06',0.0179929,1,'192.168.0.0'),(3072,15,'2012-01-06',0.0185214,1,'192.168.0.0'),(3073,16,'2012-01-06',0.01303,1,'192.168.0.0'),(3074,17,'2012-01-06',0.013718628,1,'192.168.0.0'),(3075,18,'2012-01-06',0.01537,1,'192.168.0.0'),(3076,19,'2012-01-06',0.01734,1,'192.168.0.0'),(3077,20,'2012-01-06',0.019188081,1,'192.168.0.0'),(3078,21,'2012-01-06',0.020787921,1,'192.168.0.0'),(3079,22,'2012-01-06',0.022047795,1,'192.168.0.0'),(3080,23,'2012-01-06',0.02309769,1,'192.168.0.0'),(3081,24,'2012-01-06',0.024027597,1,'192.168.0.0'),(3082,25,'2012-01-06',0.02559,1,'192.168.0.0'),(3083,26,'2012-01-06',0.02692,1,'192.168.0.0'),(3084,27,'2012-01-06',0.02705,1,'192.168.0.0'),(3085,28,'2012-01-06',0.02635,1,'192.168.0.0'),(3086,29,'2012-01-06',0.0256,1,'192.168.0.0'),(3087,30,'2012-01-06',0.00149,1,'192.168.0.0'),(3088,31,'2012-01-06',0.0020617938,1,'192.168.0.0'),(3089,32,'2012-01-06',0.002415,1,'192.168.0.0'),(3090,33,'2012-01-06',0.0029627037,1,'192.168.0.0'),(3091,34,'2012-01-06',0.0042815718,1,'192.168.0.0'),(3092,35,'2012-01-06',0.005815,1,'192.168.0.0'),(3093,36,'2012-01-06',0.0065843415,1,'192.168.0.0'),(3094,37,'2012-01-06',0.007285,1,'192.168.0.0'),(3095,38,'2012-01-06',0.008119188,1,'192.168.0.0'),(3096,39,'2012-01-06',0.00865,1,'192.168.0.0'),(3097,40,'2012-01-06',0.0091440855,1,'192.168.0.0'),(3098,41,'2012-01-06',0.0096760323,1,'192.168.0.0'),(3099,42,'2012-01-06',0.010183,1,'192.168.0.0'),(3100,43,'2012-01-06',0.0107149284,1,'192.168.0.0'),(3101,44,'2012-01-06',0.0113035,1,'192.168.0.0'),(3102,45,'2012-01-06',0.006879312,1,'192.168.0.0'),(3103,46,'2012-01-06',0.007889211,1,'192.168.0.0'),(3104,47,'2012-01-06',0.009849015,1,'192.168.0.0'),(3105,48,'2012-01-06',0.01216,1,'192.168.0.0'),(3106,49,'2012-01-06',0.014558544,1,'192.168.0.0'),(3107,50,'2012-01-06',0.016618338,1,'192.168.0.0'),(3108,51,'2012-01-06',0.01829817,1,'192.168.0.0'),(3109,52,'2012-01-06',0.0197,1,'192.168.0.0'),(3110,53,'2012-01-06',0.020957904,1,'192.168.0.0'),(3111,54,'2012-01-06',0.02477,1,'192.168.0.0'),(3112,55,'2012-01-06',0.026117388,1,'192.168.0.0'),(3113,56,'2012-01-06',0.02719728,1,'192.168.0.0'),(3114,57,'2012-01-06',0.00579942,1,'192.168.0.0'),(3115,58,'2012-01-06',0.00628997094,1,'192.168.0.0'),(3116,59,'2012-01-06',0.0065656,1,'192.168.0.0'),(3117,60,'2012-01-06',0.00774362556,1,'192.168.0.0'),(3118,61,'2012-01-06',0.0088494,1,'192.168.0.0'),(3119,62,'2012-01-06',0.0108644,1,'192.168.0.0'),(3120,63,'2012-01-06',0.01176442344,1,'192.168.0.0'),(3121,64,'2012-01-06',0.0127888,1,'192.168.0.0'),(3122,65,'2012-01-06',0.01383241662,1,'192.168.0.0'),(3123,66,'2012-01-06',0.0147435255,1,'192.168.0.0'),(3124,67,'2012-01-06',0.0156125,1,'192.168.0.0'),(3125,68,'2012-01-06',0.0164319,1,'192.168.0.0'),(3126,69,'2012-01-06',0.01727957187,1,'192.168.0.0'),(3127,70,'2012-01-06',0.0179906,1,'192.168.0.0'),(3128,71,'2012-01-06',0.01879372044,1,'192.168.0.0'),(3129,72,'2012-01-06',0.013678632,1,'192.168.0.0'),(3130,73,'2012-01-06',0.014138586,1,'192.168.0.0'),(3131,74,'2012-01-06',0.01501,1,'192.168.0.0'),(3132,75,'2012-01-06',0.01625,1,'192.168.0.0'),(3133,76,'2012-01-06',0.017728227,1,'192.168.0.0'),(3134,77,'2012-01-06',0.01929807,1,'192.168.0.0'),(3135,78,'2012-01-06',0.02088,1,'192.168.0.0'),(3136,79,'2012-01-06',0.02232,1,'192.168.0.0'),(3137,80,'2012-01-06',0.02352,1,'192.168.0.0'),(3138,81,'2012-01-06',0.025347465,1,'192.168.0.0'),(3139,82,'2012-01-06',0.027117288,1,'192.168.0.0'),(3140,83,'2012-01-06',0.02882,1,'192.168.0.0'),(3141,84,'2012-01-06',0.029687031,1,'192.168.0.0'),(3142,85,'2012-01-06',0.030006999,1,'192.168.0.0'),(3143,86,'2012-01-06',0.0010714,1,'192.168.0.0'),(3144,87,'2012-01-06',0.00116418357,1,'192.168.0.0'),(3145,88,'2012-01-06',0.0012357,1,'192.168.0.0'),(3146,89,'2012-01-06',0.0014429,1,'192.168.0.0'),(3147,90,'2012-01-06',0.0016,1,'192.168.0.0'),(3148,91,'2012-01-06',0.00195690429,1,'192.168.0.0'),(3149,92,'2012-01-06',0.0024071,1,'192.168.0.0'),(3150,93,'2012-01-06',0.0029286,1,'192.168.0.0'),(3151,94,'2012-01-06',0.0033571,1,'192.168.0.0'),(3152,95,'2012-01-06',0.00385671429,1,'192.168.0.0'),(3153,96,'2012-01-06',0.00432096786,1,'192.168.0.0'),(3154,97,'2012-01-06',0.0047429,1,'192.168.0.0'),(3155,98,'2012-01-06',0.0050357,1,'192.168.0.0'),(3156,99,'2012-01-06',0.00528517143,1,'192.168.0.0'),(3157,100,'2012-01-06',0.00554234571,1,'192.168.0.0'),(3158,101,'2012-01-06',0.003789621,1,'192.168.0.0'),(3159,102,'2012-01-06',0.00395,1,'192.168.0.0'),(3160,103,'2012-01-06',0.00426,1,'192.168.0.0'),(3161,104,'2012-01-06',0.00481,1,'192.168.0.0'),(3162,105,'2012-01-06',0.005609439,1,'192.168.0.0'),(3163,106,'2012-01-06',0.006629337,1,'192.168.0.0'),(3164,107,'2012-01-06',0.007749225,1,'192.168.0.0'),(3165,108,'2012-01-06',0.00889,1,'192.168.0.0'),(3166,109,'2012-01-06',0.00999,1,'192.168.0.0'),(3167,110,'2012-01-06',0.011978802,1,'192.168.0.0'),(3168,111,'2012-01-06',0.014338566,1,'192.168.0.0'),(3169,112,'2012-01-06',0.01669,1,'192.168.0.0'),(3170,113,'2012-01-06',0.017528247,1,'192.168.0.0'),(3171,114,'2012-01-06',0.017858214,1,'192.168.0.0'),(3172,115,'2012-01-06',0.01828,1,'192.168.0.0'),(3173,116,'2012-01-06',0.01869,1,'192.168.0.0'),(3174,117,'2012-01-06',0.00028327167,1,'192.168.0.0'),(3175,118,'2012-01-06',0.00028327167,1,'192.168.0.0'),(3176,119,'2012-01-06',0.0002833,1,'192.168.0.0'),(3177,120,'2012-01-06',0.00031666833,1,'192.168.0.0'),(3178,121,'2012-01-06',0.0004167,1,'192.168.0.0'),(3179,122,'2012-01-06',0.00051664833,1,'192.168.0.0'),(3180,123,'2012-01-06',0.0006333,1,'192.168.0.0'),(3181,124,'2012-01-06',0.00075,1,'192.168.0.0'),(3182,125,'2012-01-06',0.00094160583,1,'192.168.0.0'),(3183,126,'2012-01-06',0.0012333,1,'192.168.0.0'),(3184,127,'2012-01-06',0.001549845,1,'192.168.0.0'),(3185,128,'2012-01-06',0.00195,1,'192.168.0.0'),(3186,129,'2012-01-06',0.00236646333,1,'192.168.0.0'),(3187,130,'2012-01-06',0.0028,1,'192.168.0.0'),(3188,131,'2012-01-06',0.00325,1,'192.168.0.0'),(3189,132,'2012-01-06',0.00042,1,'192.168.0.0'),(3190,133,'2012-01-06',0.00139986,1,'192.168.0.0'),(3191,134,'2012-01-06',0.00309969,1,'192.168.0.0'),(3192,135,'2012-01-06',0.005009499,1,'192.168.0.0'),(3193,136,'2012-01-06',0.00681,1,'192.168.0.0'),(3194,137,'2012-01-06',0.008349165,1,'192.168.0.0'),(3195,138,'2012-01-06',0.0096,1,'192.168.0.0'),(3196,139,'2012-01-06',0.010628937,1,'192.168.0.0'),(3197,140,'2012-01-06',0.01153,1,'192.168.0.0'),(3198,141,'2012-01-06',0.0441,1,'192.168.0.0'),(3199,142,'2012-01-06',0.04436,1,'192.168.0.0'),(3200,143,'2012-01-06',0.04456,1,'192.168.0.0'),(3201,144,'2012-01-06',0.04516,1,'192.168.0.0'),(3202,145,'2012-01-06',0.045935406,1,'192.168.0.0'),(3203,146,'2012-01-06',0.04658,1,'192.168.0.0'),(3204,147,'2012-01-06',0.046835316,1,'192.168.0.0'),(3205,148,'2012-01-06',0.046975302,1,'192.168.0.0'),(3206,149,'2012-01-06',0.04714,1,'192.168.0.0'),(3207,150,'2012-01-06',0.04738,1,'192.168.0.0'),(3208,151,'2012-01-06',0.04764,1,'192.168.0.0'),(3209,152,'2012-01-06',0.047915208,1,'192.168.0.0'),(3210,153,'2012-01-06',0.04816,1,'192.168.0.0'),(3211,154,'2012-01-06',0.04844,1,'192.168.0.0'),(3212,155,'2012-01-06',0.048835116,1,'192.168.0.0'),(3213,156,'2012-01-06',1.000149975,1,'192.168.0.0'),(3214,157,'2012-01-06',1.00045,1,'192.168.0.0'),(3215,158,'2012-01-06',1.009849005,1,'192.168.0.0'),(3216,159,'2012-01-06',1.001569833,1,'192.168.0.0'),(3217,160,'2012-01-06',1.060723917,1,'192.168.0.0'),(3218,161,'2012-01-06',1.046,1,'192.168.0.0'),(3219,162,'2012-01-06',1.02185,1,'192.168.0.0'),(3220,163,'2012-01-06',1.1686,1,'192.168.0.0'),(3221,164,'2012-01-06',1.161233865,1,'192.168.0.0'),(3222,165,'2012-01-06',1.128937095,1,'192.168.0.0'),(3223,166,'2012-01-06',1.067273262,1,'192.168.0.0'),(3224,167,'2012-01-06',1.013328657,1,'192.168.0.0'),(3225,168,'2012-01-06',1.53495,1,'192.168.0.0'),(3226,169,'2012-01-06',1.45043,1,'192.168.0.0'),(3227,170,'2012-01-06',1.27858,1,'192.168.0.0'),(3228,171,'2012-01-06',1.17228276,1,'192.168.0.0'),(3229,172,'2012-01-06',1,1,'192.168.0.0'),(3230,173,'2012-01-06',0.99965,1,'192.168.0.0'),(3231,174,'2012-01-06',0.9986,1,'192.168.0.0'),(3232,175,'2012-01-06',0.99805,1,'192.168.0.0'),(3233,176,'2012-01-06',0.995930397,1,'192.168.0.0'),(3234,177,'2012-01-06',1.01748,1,'192.168.0.0'),(3235,178,'2012-01-06',1.0389,1,'192.168.0.0'),(3236,179,'2012-01-06',1.004449545,1,'192.168.0.0'),(3237,180,'2012-01-06',1.00993,1,'192.168.0.0'),(3238,181,'2012-01-06',1.084121577,1,'192.168.0.0'),(3239,182,'2012-01-06',1.080011988,1,'192.168.0.0'),(3240,183,'2012-01-06',1.04428,1,'192.168.0.0'),(3241,184,'2012-01-06',0.94283,1,'192.168.0.0'),(3242,185,'2012-01-06',0.9911,1,'192.168.0.0'),(3243,186,'2012-01-06',0.974882502,1,'192.168.0.0'),(3244,187,'2012-01-06',1.19933,1,'192.168.0.0'),(3245,188,'2012-01-06',1.119238065,1,'192.168.0.0'),(3246,189,'2012-01-06',1.09003,1,'192.168.0.0'),(3247,190,'2012-01-06',0.991870803,1,'192.168.0.0'),(3248,191,'2012-01-06',0.9973,1,'192.168.0.0'),(3249,192,'2012-01-06',0.989231067,1,'192.168.0.0'),(3250,193,'2012-01-06',0.97433,1,'192.168.0.0'),(3251,194,'2012-01-06',0.95955,1,'192.168.0.0'),(3252,195,'2012-01-06',0.979532037,1,'192.168.0.0'),(3253,196,'2012-01-06',0.98788,1,'192.168.0.0'),(3254,197,'2012-01-06',0.953654625,1,'192.168.0.0'),(3255,198,'2012-01-06',0.97565,1,'192.168.0.0'),(3256,199,'2012-01-06',0.94688,1,'192.168.0.0'),(3257,200,'2012-01-06',0.96357,1,'192.168.0.0'),(3258,201,'2012-01-06',0.941335857,1,'192.168.0.0'),(3259,202,'2012-01-06',0.95850414,1,'192.168.0.0'),(3260,203,'2012-01-06',0.987631227,1,'192.168.0.0'),(3261,204,'2012-01-06',0.9686,1,'192.168.0.0'),(3262,205,'2012-01-06',0.930926898,1,'192.168.0.0'),(3263,206,'2012-01-06',0.786451347,1,'192.168.0.0'),(3264,1,'2012-01-13',0.00286401357,1,'192.168.0.0'),(3265,2,'2012-01-13',0.0041143,1,'192.168.0.0'),(3266,3,'2012-01-13',0.0049857,1,'192.168.0.0'),(3267,4,'2012-01-13',0.00777062286,1,'192.168.0.0'),(3268,5,'2012-01-13',0.0096143,1,'192.168.0.0'),(3269,6,'2012-01-13',0.01170172971,1,'192.168.0.0'),(3270,7,'2012-01-13',0.0127357,1,'192.168.0.0'),(3271,8,'2012-01-13',0.01363433643,1,'192.168.0.0'),(3272,9,'2012-01-13',0.0146114,1,'192.168.0.0'),(3273,10,'2012-01-13',0.0152986,1,'192.168.0.0'),(3274,11,'2012-01-13',0.0158857,1,'192.168.0.0'),(3275,12,'2012-01-13',0.0164486,1,'192.168.0.0'),(3276,13,'2012-01-13',0.0170114,1,'192.168.0.0'),(3277,14,'2012-01-13',0.0175614,1,'192.168.0.0'),(3278,15,'2012-01-13',0.01809249057,1,'192.168.0.0'),(3279,16,'2012-01-13',0.011828817,1,'192.168.0.0'),(3280,17,'2012-01-13',0.01236,1,'192.168.0.0'),(3281,18,'2012-01-13',0.013938606,1,'192.168.0.0'),(3282,19,'2012-01-13',0.01586,1,'192.168.0.0'),(3283,20,'2012-01-13',0.01769,1,'192.168.0.0'),(3284,21,'2012-01-13',0.019248075,1,'192.168.0.0'),(3285,22,'2012-01-13',0.02052,1,'192.168.0.0'),(3286,23,'2012-01-13',0.021567843,1,'192.168.0.0'),(3287,24,'2012-01-13',0.02248,1,'192.168.0.0'),(3288,25,'2012-01-13',0.02401,1,'192.168.0.0'),(3289,26,'2012-01-13',0.025347465,1,'192.168.0.0'),(3290,27,'2012-01-13',0.025437456,1,'192.168.0.0'),(3291,28,'2012-01-13',0.024707529,1,'192.168.0.0'),(3292,29,'2012-01-13',0.023977602,1,'192.168.0.0'),(3293,30,'2012-01-13',0.00146,1,'192.168.0.0'),(3294,31,'2012-01-13',0.0020147985,1,'192.168.0.0'),(3295,32,'2012-01-13',0.002355,1,'192.168.0.0'),(3296,33,'2012-01-13',0.0028507149,1,'192.168.0.0'),(3297,34,'2012-01-13',0.00415,1,'192.168.0.0'),(3298,35,'2012-01-13',0.005669433,1,'192.168.0.0'),(3299,36,'2012-01-13',0.006449355,1,'192.168.0.0'),(3300,37,'2012-01-13',0.0071642835,1,'192.168.0.0'),(3301,38,'2012-01-13',0.00794170575,1,'192.168.0.0'),(3302,39,'2012-01-13',0.008469153,1,'192.168.0.0'),(3303,40,'2012-01-13',0.00895,1,'192.168.0.0'),(3304,41,'2012-01-13',0.0094805,1,'192.168.0.0'),(3305,42,'2012-01-13',0.0099880011,1,'192.168.0.0'),(3306,43,'2012-01-13',0.01054344555,1,'192.168.0.0'),(3307,44,'2012-01-13',0.0111395,1,'192.168.0.0'),(3308,45,'2012-01-13',0.00591,1,'192.168.0.0'),(3309,46,'2012-01-13',0.006879312,1,'192.168.0.0'),(3310,47,'2012-01-13',0.008819118,1,'192.168.0.0'),(3311,48,'2012-01-13',0.011158884,1,'192.168.0.0'),(3312,49,'2012-01-13',0.013628637,1,'192.168.0.0'),(3313,50,'2012-01-13',0.0157,1,'192.168.0.0'),(3314,51,'2012-01-13',0.01739826,1,'192.168.0.0'),(3315,52,'2012-01-13',0.018848115,1,'192.168.0.0'),(3316,53,'2012-01-13',0.02002,1,'192.168.0.0'),(3317,54,'2012-01-13',0.0239,1,'192.168.0.0'),(3318,55,'2012-01-13',0.02526,1,'192.168.0.0'),(3319,56,'2012-01-13',0.026367363,1,'192.168.0.0'),(3320,57,'2012-01-13',0.005749425,1,'192.168.0.0'),(3321,58,'2012-01-13',0.00626817312,1,'192.168.0.0'),(3322,59,'2012-01-13',0.00656814312,1,'192.168.0.0'),(3323,60,'2012-01-13',0.00777802212,1,'192.168.0.0'),(3324,61,'2012-01-13',0.00887661225,1,'192.168.0.0'),(3325,62,'2012-01-13',0.0108956,1,'192.168.0.0'),(3326,63,'2012-01-13',0.01180191969,1,'192.168.0.0'),(3327,64,'2012-01-13',0.01283751612,1,'192.168.0.0'),(3328,65,'2012-01-13',0.0138838,1,'192.168.0.0'),(3329,66,'2012-01-13',0.0147935205,1,'192.168.0.0'),(3330,67,'2012-01-13',0.0156625,1,'192.168.0.0'),(3331,68,'2012-01-13',0.0164944,1,'192.168.0.0'),(3332,69,'2012-01-13',0.01732956687,1,'192.168.0.0'),(3333,70,'2012-01-13',0.0180406,1,'192.168.0.0'),(3334,71,'2012-01-13',0.01884371544,1,'192.168.0.0'),(3335,72,'2012-01-13',0.011868813,1,'192.168.0.0'),(3336,73,'2012-01-13',0.012258774,1,'192.168.0.0'),(3337,74,'2012-01-13',0.01336,1,'192.168.0.0'),(3338,75,'2012-01-13',0.014848515,1,'192.168.0.0'),(3339,76,'2012-01-13',0.016448355,1,'192.168.0.0'),(3340,77,'2012-01-13',0.01815,1,'192.168.0.0'),(3341,78,'2012-01-13',0.01982,1,'192.168.0.0'),(3342,79,'2012-01-13',0.0213,1,'192.168.0.0'),(3343,80,'2012-01-13',0.02253,1,'192.168.0.0'),(3344,81,'2012-01-13',0.024387561,1,'192.168.0.0'),(3345,82,'2012-01-13',0.02619,1,'192.168.0.0'),(3346,83,'2012-01-13',0.027847215,1,'192.168.0.0'),(3347,84,'2012-01-13',0.02873,1,'192.168.0.0'),(3348,85,'2012-01-13',0.029067093,1,'192.168.0.0'),(3349,86,'2012-01-13',0.0010714,1,'192.168.0.0'),(3350,87,'2012-01-13',0.0011643,1,'192.168.0.0'),(3351,88,'2012-01-13',0.0012357,1,'192.168.0.0'),(3352,89,'2012-01-13',0.00144275571,1,'192.168.0.0'),(3353,90,'2012-01-13',0.0016,1,'192.168.0.0'),(3354,91,'2012-01-13',0.00195690429,1,'192.168.0.0'),(3355,92,'2012-01-13',0.00240685929,1,'192.168.0.0'),(3356,93,'2012-01-13',0.00292830714,1,'192.168.0.0'),(3357,94,'2012-01-13',0.0033571,1,'192.168.0.0'),(3358,95,'2012-01-13',0.00385671429,1,'192.168.0.0'),(3359,96,'2012-01-13',0.0043214,1,'192.168.0.0'),(3360,97,'2012-01-13',0.00474242571,1,'192.168.0.0'),(3361,98,'2012-01-13',0.00503519643,1,'192.168.0.0'),(3362,99,'2012-01-13',0.0052857,1,'192.168.0.0'),(3363,100,'2012-01-13',0.0055429,1,'192.168.0.0'),(3364,101,'2012-01-13',0.0036,1,'192.168.0.0'),(3365,102,'2012-01-13',0.00376,1,'192.168.0.0'),(3366,103,'2012-01-13',0.00405,1,'192.168.0.0'),(3367,104,'2012-01-13',0.004559544,1,'192.168.0.0'),(3368,105,'2012-01-13',0.00533,1,'192.168.0.0'),(3369,106,'2012-01-13',0.0063,1,'192.168.0.0'),(3370,107,'2012-01-13',0.00739926,1,'192.168.0.0'),(3371,108,'2012-01-13',0.00853,1,'192.168.0.0'),(3372,109,'2012-01-13',0.00963,1,'192.168.0.0'),(3373,110,'2012-01-13',0.011638836,1,'192.168.0.0'),(3374,111,'2012-01-13',0.01404,1,'192.168.0.0'),(3375,112,'2012-01-13',0.01645,1,'192.168.0.0'),(3376,113,'2012-01-13',0.017388261,1,'192.168.0.0'),(3377,114,'2012-01-13',0.0178,1,'192.168.0.0'),(3378,115,'2012-01-13',0.018238176,1,'192.168.0.0'),(3379,116,'2012-01-13',0.018678132,1,'192.168.0.0'),(3380,117,'2012-01-13',0.00028327167,1,'192.168.0.0'),(3381,118,'2012-01-13',0.00029997,1,'192.168.0.0'),(3382,119,'2012-01-13',0.0003,1,'192.168.0.0'),(3383,120,'2012-01-13',0.0003667,1,'192.168.0.0'),(3384,121,'2012-01-13',0.00048325167,1,'192.168.0.0'),(3385,122,'2012-01-13',0.00059994,1,'192.168.0.0'),(3386,123,'2012-01-13',0.00071662833,1,'192.168.0.0'),(3387,124,'2012-01-13',0.0008333,1,'192.168.0.0'),(3388,125,'2012-01-13',0.001025,1,'192.168.0.0'),(3389,126,'2012-01-13',0.0013,1,'192.168.0.0'),(3390,127,'2012-01-13',0.00161653833,1,'192.168.0.0'),(3391,128,'2012-01-13',0.002,1,'192.168.0.0'),(3392,129,'2012-01-13',0.0024167,1,'192.168.0.0'),(3393,130,'2012-01-13',0.002849715,1,'192.168.0.0'),(3394,131,'2012-01-13',0.00329967,1,'192.168.0.0'),(3395,132,'2012-01-13',0.00063,1,'192.168.0.0'),(3396,133,'2012-01-13',0.0014,1,'192.168.0.0'),(3397,134,'2012-01-13',0.00289971,1,'192.168.0.0'),(3398,135,'2012-01-13',0.0047,1,'192.168.0.0'),(3399,136,'2012-01-13',0.0065,1,'192.168.0.0'),(3400,137,'2012-01-13',0.008079192,1,'192.168.0.0'),(3401,138,'2012-01-13',0.0094,1,'192.168.0.0'),(3402,139,'2012-01-13',0.0105,1,'192.168.0.0'),(3403,140,'2012-01-13',0.01145,1,'192.168.0.0'),(3404,141,'2012-01-13',0.044075592,1,'192.168.0.0'),(3405,142,'2012-01-13',0.044275572,1,'192.168.0.0'),(3406,143,'2012-01-13',0.04478,1,'192.168.0.0'),(3407,144,'2012-01-13',0.04516,1,'192.168.0.0'),(3408,145,'2012-01-13',0.045975402,1,'192.168.0.0'),(3409,146,'2012-01-13',0.046635336,1,'192.168.0.0'),(3410,147,'2012-01-13',0.04694,1,'192.168.0.0'),(3411,148,'2012-01-13',0.04709529,1,'192.168.0.0'),(3412,149,'2012-01-13',0.04729527,1,'192.168.0.0'),(3413,150,'2012-01-13',0.047535246,1,'192.168.0.0'),(3414,151,'2012-01-13',0.0478,1,'192.168.0.0'),(3415,152,'2012-01-13',0.04808,1,'192.168.0.0'),(3416,153,'2012-01-13',0.048315168,1,'192.168.0.0'),(3417,154,'2012-01-13',0.04859514,1,'192.168.0.0'),(3418,155,'2012-01-13',0.048975102,1,'192.168.0.0'),(3419,156,'2012-01-13',1.00023,1,'192.168.0.0'),(3420,157,'2012-01-13',1.00029996,1,'192.168.0.0'),(3421,158,'2012-01-13',1.008419148,1,'192.168.0.0'),(3422,159,'2012-01-13',1.00179981,1,'192.168.0.0'),(3423,160,'2012-01-13',1.061473842,1,'192.168.0.0'),(3424,161,'2012-01-13',1.0478952,1,'192.168.0.0'),(3425,162,'2012-01-13',1.02553,1,'192.168.0.0'),(3426,163,'2012-01-13',1.17338265,1,'192.168.0.0'),(3427,164,'2012-01-13',1.167563232,1,'192.168.0.0'),(3428,165,'2012-01-13',1.136036385,1,'192.168.0.0'),(3429,166,'2012-01-13',1.0748925,1,'192.168.0.0'),(3430,167,'2012-01-13',1.02153,1,'192.168.0.0'),(3431,168,'2012-01-13',1.547695215,1,'192.168.0.0'),(3432,169,'2012-01-13',1.4662,1,'192.168.0.0'),(3433,170,'2012-01-13',1.299720015,1,'192.168.0.0'),(3434,171,'2012-01-13',1.19468052,1,'192.168.0.0'),(3435,172,'2012-01-13',0.9999,1,'192.168.0.0'),(3436,173,'2012-01-13',0.99983,1,'192.168.0.0'),(3437,174,'2012-01-13',0.99900009,1,'192.168.0.0'),(3438,175,'2012-01-13',0.998420148,1,'192.168.0.0'),(3439,176,'2012-01-13',0.9975,1,'192.168.0.0'),(3440,177,'2012-01-13',1.022277762,1,'192.168.0.0'),(3441,178,'2012-01-13',1.04725,1,'192.168.0.0'),(3442,179,'2012-01-13',1.016678322,1,'192.168.0.0'),(3443,180,'2012-01-13',1.02569742,1,'192.168.0.0'),(3444,181,'2012-01-13',1.10395,1,'192.168.0.0'),(3445,182,'2012-01-13',1.102369752,1,'192.168.0.0'),(3446,183,'2012-01-13',1.066543335,1,'192.168.0.0'),(3447,184,'2012-01-13',0.96533,1,'192.168.0.0'),(3448,185,'2012-01-13',1.015248465,1,'192.168.0.0'),(3449,186,'2012-01-13',1.0016,1,'192.168.0.0'),(3450,187,'2012-01-13',1.232756712,1,'192.168.0.0'),(3451,188,'2012-01-13',1.15905,1,'192.168.0.0'),(3452,189,'2012-01-13',1.13482,1,'192.168.0.0'),(3453,190,'2012-01-13',1.044575532,1,'192.168.0.0'),(3454,191,'2012-01-13',0.998030187,1,'192.168.0.0'),(3455,192,'2012-01-13',0.992530737,1,'192.168.0.0'),(3456,193,'2012-01-13',0.97960203,1,'192.168.0.0'),(3457,194,'2012-01-13',0.96528,1,'192.168.0.0'),(3458,195,'2012-01-13',0.9919008,1,'192.168.0.0'),(3459,196,'2012-01-13',1.0042,1,'192.168.0.0'),(3460,197,'2012-01-13',0.979232067,1,'192.168.0.0'),(3461,198,'2012-01-13',1.00653,1,'192.168.0.0'),(3462,199,'2012-01-13',0.98025,1,'192.168.0.0'),(3463,200,'2012-01-13',0.997170273,1,'192.168.0.0'),(3464,201,'2012-01-13',0.97393,1,'192.168.0.0'),(3465,202,'2012-01-13',0.99095,1,'192.168.0.0'),(3466,203,'2012-01-13',1.02199779,1,'192.168.0.0'),(3467,204,'2012-01-13',0.9893,1,'192.168.0.0'),(3468,205,'2012-01-13',0.95625,1,'192.168.0.0'),(3469,206,'2012-01-13',0.807749217,1,'192.168.0.0'),(3470,207,'2012-01-13',0.99825,1,'192.168.0.0'),(3471,208,'2012-01-13',0.965683422,1,'192.168.0.0'),(3472,209,'2012-01-13',0.93688,1,'192.168.0.0'),(3473,210,'2012-01-13',0.85018,1,'192.168.0.0'),(3474,211,'2012-01-13',0.90443,1,'192.168.0.0'),(3475,212,'2012-01-13',0.83508,1,'192.168.0.0'),(3476,213,'2012-01-13',0.83325,1,'192.168.0.0'),(3477,214,'2012-01-13',0.99860013,1,'192.168.0.0'),(3478,215,'2012-01-13',0.990730917,1,'192.168.0.0'),(3479,216,'2012-01-13',0.975742416,1,'192.168.0.0'),(3480,217,'2012-01-13',0.9671,1,'192.168.0.0'),(3481,218,'2012-01-13',1.024927497,1,'192.168.0.0'),(3482,219,'2012-01-13',0.925087482,1,'192.168.0.0'),(3483,220,'2012-01-13',0.96355,1,'192.168.0.0'),(3484,221,'2012-01-13',0.93055,1,'192.168.0.0'),(3485,222,'2012-01-13',0.910458945,1,'192.168.0.0'),(3486,223,'2012-01-13',0.88383,1,'192.168.0.0'),(3487,224,'2012-01-13',0.83975,1,'192.168.0.0'),(3488,225,'2012-01-13',0.88901109,1,'192.168.0.0'),(3489,226,'2012-01-13',0.88665,1,'192.168.0.0'),(3490,227,'2012-01-13',0.78375,1,'192.168.0.0'),(3491,228,'2012-01-13',0.77345,1,'192.168.0.0'),(3492,229,'2012-01-13',0.98625,1,'192.168.0.0'),(3493,230,'2012-01-13',0.96375,1,'192.168.0.0'),(3494,231,'2012-01-13',0.31503,1,'192.168.0.0'),(3495,232,'2012-01-13',0.2474,1,'192.168.0.0'),(3496,233,'2012-01-13',0.235006497,1,'192.168.0.0'),(3497,234,'2012-01-13',0.240025995,1,'192.168.0.0'),(3498,235,'2012-01-13',0.23275,1,'192.168.0.0'),(3499,236,'2012-01-13',0.2259774,1,'192.168.0.0'),(3500,237,'2012-01-13',0.2311,1,'192.168.0.0'),(3501,238,'2012-01-13',0.229407057,1,'192.168.0.0'),(3502,239,'2012-01-13',0.2476,1,'192.168.0.0'),(3503,240,'2012-01-13',0.2329767,1,'192.168.0.0'),(3504,241,'2012-01-13',0.22693,1,'192.168.0.0'),(3505,242,'2012-01-13',0.21315,1,'192.168.0.0'),(3506,243,'2012-01-13',0.2135,1,'192.168.0.0'),(3507,1,'2012-01-23',0.00284261571,1,'192.168.0.0'),(3508,2,'2012-01-23',0.0037214,1,'192.168.0.0'),(3509,3,'2012-01-23',0.0044857,1,'192.168.0.0'),(3510,4,'2012-01-23',0.00704219571,1,'192.168.0.0'),(3511,5,'2012-01-23',0.0088786,1,'192.168.0.0'),(3512,6,'2012-01-23',0.01112028786,1,'192.168.0.0'),(3513,7,'2012-01-23',0.01227737214,1,'192.168.0.0'),(3514,8,'2012-01-23',0.01322437743,1,'192.168.0.0'),(3515,9,'2012-01-23',0.0142029,1,'192.168.0.0'),(3516,10,'2012-01-23',0.01489141071,1,'192.168.0.0'),(3517,11,'2012-01-23',0.01549,1,'192.168.0.0'),(3518,12,'2012-01-23',0.0160714,1,'192.168.0.0'),(3519,13,'2012-01-23',0.0166371,1,'192.168.0.0'),(3520,14,'2012-01-23',0.01720117971,1,'192.168.0.0'),(3521,15,'2012-01-23',0.0177229,1,'192.168.0.0'),(3522,16,'2012-01-23',0.011748825,1,'192.168.0.0'),(3523,17,'2012-01-23',0.012518748,1,'192.168.0.0'),(3524,18,'2012-01-23',0.014328567,1,'192.168.0.0'),(3525,19,'2012-01-23',0.016438356,1,'192.168.0.0'),(3526,20,'2012-01-23',0.018368163,1,'192.168.0.0'),(3527,21,'2012-01-23',0.020047995,1,'192.168.0.0'),(3528,22,'2012-01-23',0.021407859,1,'192.168.0.0'),(3529,23,'2012-01-23',0.02253,1,'192.168.0.0'),(3530,24,'2012-01-23',0.02352,1,'192.168.0.0'),(3531,25,'2012-01-23',0.0251,1,'192.168.0.0'),(3532,26,'2012-01-23',0.02644,1,'192.168.0.0'),(3533,27,'2012-01-23',0.026687331,1,'192.168.0.0'),(3534,28,'2012-01-23',0.026077392,1,'192.168.0.0'),(3535,29,'2012-01-23',0.02545,1,'192.168.0.0'),(3536,30,'2012-01-23',0.0014448555,1,'192.168.0.0'),(3537,31,'2012-01-23',0.001997,1,'192.168.0.0'),(3538,32,'2012-01-23',0.0023047695,1,'192.168.0.0'),(3539,33,'2012-01-23',0.002763,1,'192.168.0.0'),(3540,34,'2012-01-23',0.0040815918,1,'192.168.0.0'),(3541,35,'2012-01-23',0.0056004399,1,'192.168.0.0'),(3542,36,'2012-01-23',0.006389361,1,'192.168.0.0'),(3543,37,'2012-01-23',0.0071242875,1,'192.168.0.0'),(3544,38,'2012-01-23',0.0079275,1,'192.168.0.0'),(3545,39,'2012-01-23',0.00843,1,'192.168.0.0'),(3546,40,'2012-01-23',0.0089,1,'192.168.0.0'),(3547,41,'2012-01-23',0.0094455,1,'192.168.0.0'),(3548,42,'2012-01-23',0.009964,1,'192.168.0.0'),(3549,43,'2012-01-23',0.0105095,1,'192.168.0.0'),(3550,44,'2012-01-23',0.01109839005,1,'192.168.0.0'),(3551,45,'2012-01-23',0.0058,1,'192.168.0.0'),(3552,46,'2012-01-23',0.007129287,1,'192.168.0.0'),(3553,47,'2012-01-23',0.009519048,1,'192.168.0.0'),(3554,48,'2012-01-23',0.012288771,1,'192.168.0.0'),(3555,49,'2012-01-23',0.01493,1,'192.168.0.0'),(3556,50,'2012-01-23',0.01724,1,'192.168.0.0'),(3557,51,'2012-01-23',0.01909809,1,'192.168.0.0'),(3558,52,'2012-01-23',0.020707929,1,'192.168.0.0'),(3559,53,'2012-01-23',0.02201,1,'192.168.0.0'),(3560,54,'2012-01-23',0.026087391,1,'192.168.0.0'),(3561,55,'2012-01-23',0.02755,1,'192.168.0.0'),(3562,56,'2012-01-23',0.0287,1,'192.168.0.0'),(3563,57,'2012-01-23',0.00575,1,'192.168.0.0'),(3564,58,'2012-01-23',0.00626817312,1,'192.168.0.0'),(3565,59,'2012-01-23',0.00655564437,1,'192.168.0.0'),(3566,60,'2012-01-23',0.0077788,1,'192.168.0.0'),(3567,61,'2012-01-23',0.00889,1,'192.168.0.0'),(3568,62,'2012-01-23',0.0108956,1,'192.168.0.0'),(3569,63,'2012-01-23',0.0118156,1,'192.168.0.0'),(3570,64,'2012-01-23',0.0128513,1,'192.168.0.0'),(3571,65,'2012-01-23',0.01392990687,1,'192.168.0.0'),(3572,66,'2012-01-23',0.0148375,1,'192.168.0.0'),(3573,67,'2012-01-23',0.01573592625,1,'192.168.0.0'),(3574,68,'2012-01-23',0.01658274156,1,'192.168.0.0'),(3575,69,'2012-01-23',0.01741075875,1,'192.168.0.0'),(3576,70,'2012-01-23',0.0181469,1,'192.168.0.0'),(3577,71,'2012-01-23',0.01891870794,1,'192.168.0.0'),(3578,72,'2012-01-23',0.0126,1,'192.168.0.0'),(3579,73,'2012-01-23',0.013168683,1,'192.168.0.0'),(3580,74,'2012-01-23',0.01434,1,'192.168.0.0'),(3581,75,'2012-01-23',0.01588,1,'192.168.0.0'),(3582,76,'2012-01-23',0.0176,1,'192.168.0.0'),(3583,77,'2012-01-23',0.01937,1,'192.168.0.0'),(3584,78,'2012-01-23',0.02111,1,'192.168.0.0'),(3585,79,'2012-01-23',0.022637736,1,'192.168.0.0'),(3586,80,'2012-01-23',0.02391,1,'192.168.0.0'),(3587,81,'2012-01-23',0.0258,1,'192.168.0.0'),(3588,82,'2012-01-23',0.0276,1,'192.168.0.0'),(3589,83,'2012-01-23',0.029177082,1,'192.168.0.0'),(3590,84,'2012-01-23',0.03001,1,'192.168.0.0'),(3591,85,'2012-01-23',0.03029697,1,'192.168.0.0'),(3592,86,'2012-01-23',0.0011,1,'192.168.0.0'),(3593,87,'2012-01-23',0.00117848214,1,'192.168.0.0'),(3594,88,'2012-01-23',0.001249875,1,'192.168.0.0'),(3595,89,'2012-01-23',0.0014429,1,'192.168.0.0'),(3596,90,'2012-01-23',0.00158554143,1,'192.168.0.0'),(3597,91,'2012-01-23',0.0019571,1,'192.168.0.0'),(3598,92,'2012-01-23',0.00240685929,1,'192.168.0.0'),(3599,93,'2012-01-23',0.0029286,1,'192.168.0.0'),(3600,94,'2012-01-23',0.0033571,1,'192.168.0.0'),(3601,95,'2012-01-23',0.0038571,1,'192.168.0.0'),(3602,96,'2012-01-23',0.0043071,1,'192.168.0.0'),(3603,97,'2012-01-23',0.0047429,1,'192.168.0.0'),(3604,98,'2012-01-23',0.0050357,1,'192.168.0.0'),(3605,99,'2012-01-23',0.0052857,1,'192.168.0.0'),(3606,100,'2012-01-23',0.0055429,1,'192.168.0.0'),(3607,101,'2012-01-23',0.00364,1,'192.168.0.0'),(3608,102,'2012-01-23',0.003839616,1,'192.168.0.0'),(3609,103,'2012-01-23',0.0042,1,'192.168.0.0'),(3610,104,'2012-01-23',0.004759524,1,'192.168.0.0'),(3611,105,'2012-01-23',0.00556,1,'192.168.0.0'),(3612,106,'2012-01-23',0.00657,1,'192.168.0.0'),(3613,107,'2012-01-23',0.00768,1,'192.168.0.0'),(3614,108,'2012-01-23',0.008819118,1,'192.168.0.0'),(3615,109,'2012-01-23',0.00993,1,'192.168.0.0'),(3616,110,'2012-01-23',0.011928807,1,'192.168.0.0'),(3617,111,'2012-01-23',0.014338566,1,'192.168.0.0'),(3618,112,'2012-01-23',0.01676,1,'192.168.0.0'),(3619,113,'2012-01-23',0.01769,1,'192.168.0.0'),(3620,114,'2012-01-23',0.01809,1,'192.168.0.0'),(3621,115,'2012-01-23',0.018528147,1,'192.168.0.0'),(3622,116,'2012-01-23',0.01897,1,'192.168.0.0'),(3623,117,'2012-01-23',0.00028327167,1,'192.168.0.0'),(3624,118,'2012-01-23',0.0003,1,'192.168.0.0'),(3625,119,'2012-01-23',0.00031666833,1,'192.168.0.0'),(3626,120,'2012-01-23',0.0003667,1,'192.168.0.0'),(3627,121,'2012-01-23',0.00049995,1,'192.168.0.0'),(3628,122,'2012-01-23',0.00061663833,1,'192.168.0.0'),(3629,123,'2012-01-23',0.000749925,1,'192.168.0.0'),(3630,124,'2012-01-23',0.0008833,1,'192.168.0.0'),(3631,125,'2012-01-23',0.0010917,1,'192.168.0.0'),(3632,126,'2012-01-23',0.001375,1,'192.168.0.0'),(3633,127,'2012-01-23',0.00166653333,1,'192.168.0.0'),(3634,128,'2012-01-23',0.002049795,1,'192.168.0.0'),(3635,129,'2012-01-23',0.00245,1,'192.168.0.0'),(3636,130,'2012-01-23',0.00286641333,1,'192.168.0.0'),(3637,131,'2012-01-23',0.0033167,1,'192.168.0.0'),(3638,132,'2012-01-23',0.00107,1,'192.168.0.0'),(3639,133,'2012-01-23',0.001849815,1,'192.168.0.0'),(3640,134,'2012-01-23',0.003279672,1,'192.168.0.0'),(3641,135,'2012-01-23',0.00503,1,'192.168.0.0'),(3642,136,'2012-01-23',0.00679932,1,'192.168.0.0'),(3643,137,'2012-01-23',0.008389161,1,'192.168.0.0'),(3644,138,'2012-01-23',0.009739026,1,'192.168.0.0'),(3645,139,'2012-01-23',0.010868913,1,'192.168.0.0'),(3646,140,'2012-01-23',0.01184,1,'192.168.0.0'),(3647,141,'2012-01-23',0.04454,1,'192.168.0.0'),(3648,142,'2012-01-23',0.044415558,1,'192.168.0.0'),(3649,143,'2012-01-23',0.04479552,1,'192.168.0.0'),(3650,144,'2012-01-23',0.0451,1,'192.168.0.0'),(3651,145,'2012-01-23',0.045915408,1,'192.168.0.0'),(3652,146,'2012-01-23',0.04658,1,'192.168.0.0'),(3653,147,'2012-01-23',0.046855314,1,'192.168.0.0'),(3654,148,'2012-01-23',0.04698,1,'192.168.0.0'),(3655,149,'2012-01-23',0.04716,1,'192.168.0.0'),(3656,150,'2012-01-23',0.04742,1,'192.168.0.0'),(3657,151,'2012-01-23',0.047675232,1,'192.168.0.0'),(3658,152,'2012-01-23',0.047975202,1,'192.168.0.0'),(3659,153,'2012-01-23',0.0482,1,'192.168.0.0'),(3660,154,'2012-01-23',0.0485,1,'192.168.0.0'),(3661,155,'2012-01-23',0.04888,1,'192.168.0.0'),(3662,156,'2012-01-23',1.00003,1,'192.168.0.0'),(3663,157,'2012-01-23',1,1,'192.168.0.0'),(3664,158,'2012-01-23',1.008029187,1,'192.168.0.0'),(3665,159,'2012-01-23',1.0008999,1,'192.168.0.0'),(3666,160,'2012-01-23',1.05878,1,'192.168.0.0'),(3667,161,'2012-01-23',1.04315,1,'192.168.0.0'),(3668,162,'2012-01-23',1.01815,1,'192.168.0.0'),(3669,163,'2012-01-23',1.16178,1,'192.168.0.0'),(3670,164,'2012-01-23',1.15438,1,'192.168.0.0'),(3671,165,'2012-01-23',1.12043,1,'192.168.0.0'),(3672,166,'2012-01-23',1.055824407,1,'192.168.0.0'),(3673,167,'2012-01-23',1.0027,1,'192.168.0.0'),(3674,168,'2012-01-23',1.5055,1,'192.168.0.0'),(3675,169,'2012-01-23',1.418638122,1,'192.168.0.0'),(3676,170,'2012-01-23',1.2476,1,'192.168.0.0'),(3677,171,'2012-01-23',1.1341,1,'192.168.0.0'),(3678,172,'0001-01-01',0,1,'192.168.0.0'),(3679,173,'2012-01-23',0.99982,1,'192.168.0.0'),(3680,174,'2012-01-23',0.99913,1,'192.168.0.0'),(3681,175,'2012-01-23',0.998080182,1,'192.168.0.0'),(3682,176,'2012-01-23',0.997330257,1,'192.168.0.0'),(3683,177,'2012-01-23',1.02013,1,'192.168.0.0'),(3684,178,'2012-01-23',1.0465,1,'192.168.0.0'),(3685,179,'2012-01-23',1.01605,1,'192.168.0.0'),(3686,180,'2012-01-23',1.025917398,1,'192.168.0.0'),(3687,181,'2012-01-23',1.10463,1,'192.168.0.0'),(3688,182,'2012-01-23',1.102719717,1,'192.168.0.0'),(3689,183,'2012-01-23',1.0636,1,'192.168.0.0'),(3690,184,'2012-01-23',0.960383952,1,'192.168.0.0'),(3691,185,'2012-01-23',1.009279062,1,'192.168.0.0'),(3692,186,'2012-01-23',0.994350555,1,'192.168.0.0'),(3693,187,'2012-01-23',1.223157672,1,'192.168.0.0'),(3694,188,'2012-01-23',1.144115577,1,'192.168.0.0'),(3695,189,'2012-01-23',1.11653,1,'192.168.0.0'),(3696,190,'2012-01-23',1.02109788,1,'192.168.0.0'),(3697,191,'2012-01-23',0.99818,1,'192.168.0.0'),(3698,192,'2012-01-23',0.9922,1,'192.168.0.0'),(3699,193,'2012-01-23',0.9806,1,'192.168.0.0'),(3700,194,'2012-01-23',0.96503,1,'192.168.0.0'),(3701,195,'2012-01-23',0.99500049,1,'192.168.0.0'),(3702,196,'2012-01-23',1.006629327,1,'192.168.0.0'),(3703,197,'2012-01-23',0.9838,1,'192.168.0.0'),(3704,198,'2012-01-23',1.01108,1,'192.168.0.0'),(3705,199,'2012-01-23',0.982981692,1,'192.168.0.0'),(3706,200,'2012-01-23',1.00098,1,'192.168.0.0'),(3707,201,'2012-01-23',0.977082282,1,'192.168.0.0'),(3708,202,'2012-01-23',0.9937,1,'192.168.0.0'),(3709,203,'2012-01-23',1.02695,1,'192.168.0.0'),(3710,204,'2012-01-23',0.99053,1,'192.168.0.0'),(3711,205,'2012-01-23',0.9546,1,'192.168.0.0'),(3712,206,'2012-01-23',0.80545,1,'192.168.0.0'),(3713,207,'2012-01-23',0.995380452,1,'192.168.0.0'),(3714,208,'2012-01-23',0.9722,1,'192.168.0.0'),(3715,209,'2012-01-23',0.94553,1,'192.168.0.0'),(3716,210,'2012-01-23',0.86598,1,'192.168.0.0'),(3717,211,'2012-01-23',0.9217,1,'192.168.0.0'),(3718,212,'2012-01-23',0.85523,1,'192.168.0.0'),(3719,213,'2012-01-23',0.845665425,1,'192.168.0.0'),(3720,214,'2012-01-23',0.998730117,1,'192.168.0.0'),(3721,215,'2012-01-23',0.9917,1,'192.168.0.0'),(3722,216,'2012-01-23',0.980191971,1,'192.168.0.0'),(3723,217,'2012-01-23',0.978632127,1,'192.168.0.0'),(3724,218,'2012-01-23',1.044425547,1,'192.168.0.0'),(3725,219,'2012-01-23',0.9514,1,'192.168.0.0'),(3726,220,'2012-01-23',0.996350355,1,'192.168.0.0'),(3727,221,'2012-01-23',0.965323458,1,'192.168.0.0'),(3728,222,'2012-01-23',0.943535637,1,'192.168.0.0'),(3729,223,'2012-01-23',0.915258465,1,'192.168.0.0'),(3730,224,'2012-01-23',0.871592832,1,'192.168.0.0'),(3731,225,'2012-01-23',0.924937497,1,'192.168.0.0'),(3732,226,'2012-01-23',0.911278863,1,'192.168.0.0'),(3733,227,'2012-01-23',0.804149577,1,'192.168.0.0'),(3734,228,'2012-01-23',0.793900602,1,'192.168.0.0'),(3735,229,'2012-01-23',0.98813,1,'192.168.0.0'),(3736,230,'2012-01-23',0.96563,1,'192.168.0.0'),(3737,231,'2012-01-23',0.3049695,1,'192.168.0.0'),(3738,232,'2012-01-23',0.242305767,1,'192.168.0.0'),(3739,233,'2012-01-23',0.23898,1,'192.168.0.0'),(3740,234,'2012-01-23',0.24465,1,'192.168.0.0'),(3741,235,'2012-01-23',0.219978,1,'192.168.0.0'),(3742,236,'2012-01-23',0.227227275,1,'192.168.0.0'),(3743,237,'2012-01-23',0.23088,1,'192.168.0.0'),(3744,238,'2012-01-23',0.23623,1,'192.168.0.0'),(3745,239,'2012-01-23',0.254824515,1,'192.168.0.0'),(3746,240,'2012-01-23',0.239306067,1,'192.168.0.0'),(3747,241,'2012-01-23',0.2292,1,'192.168.0.0'),(3748,242,'2012-01-23',0.218748123,1,'192.168.0.0'),(3749,243,'2012-01-23',0.220357962,1,'192.168.0.0'),(3750,1,'2012-02-03',0.00282831714,1,'192.168.0.0'),(3751,2,'2012-02-03',0.00338676129,1,'192.168.0.0'),(3752,3,'2012-02-03',0.0039614,1,'192.168.0.0'),(3753,4,'2012-02-03',0.00623507643,1,'192.168.0.0'),(3754,5,'2012-02-03',0.0080357,1,'192.168.0.0'),(3755,6,'2012-02-03',0.01031606829,1,'192.168.0.0'),(3756,7,'2012-02-03',0.01147025286,1,'192.168.0.0'),(3757,8,'2012-02-03',0.0124357,1,'192.168.0.0'),(3758,9,'2012-02-03',0.0135143,1,'192.168.0.0'),(3759,10,'2012-02-03',0.0142214,1,'192.168.0.0'),(3760,11,'2012-02-03',0.01484141571,1,'192.168.0.0'),(3761,12,'2012-02-03',0.0154071,1,'192.168.0.0'),(3762,13,'2012-02-03',0.01598410143,1,'192.168.0.0'),(3763,14,'2012-02-03',0.01655,1,'192.168.0.0'),(3764,15,'2012-02-03',0.01705,1,'192.168.0.0'),(3765,16,'2012-02-03',0.011388861,1,'192.168.0.0'),(3766,17,'2012-02-03',0.01192,1,'192.168.0.0'),(3767,18,'2012-02-03',0.0135,1,'192.168.0.0'),(3768,19,'2012-02-03',0.015408459,1,'192.168.0.0'),(3769,20,'2012-02-03',0.01732,1,'192.168.0.0'),(3770,21,'2012-02-03',0.019028097,1,'192.168.0.0'),(3771,22,'2012-02-03',0.020427957,1,'192.168.0.0'),(3772,23,'2012-02-03',0.02161,1,'192.168.0.0'),(3773,24,'2012-02-03',0.02264,1,'192.168.0.0'),(3774,25,'2012-02-03',0.02436,1,'192.168.0.0'),(3775,26,'2012-02-03',0.025907409,1,'192.168.0.0'),(3776,27,'2012-02-03',0.02633,1,'192.168.0.0'),(3777,28,'2012-02-03',0.02579,1,'192.168.0.0'),(3778,29,'2012-02-03',0.02519,1,'192.168.0.0'),(3779,30,'2012-02-03',0.00142,1,'192.168.0.0'),(3780,31,'2012-02-03',0.0019548045,1,'192.168.0.0'),(3781,32,'2012-02-03',0.0022247775,1,'192.168.0.0'),(3782,33,'2012-02-03',0.0026047395,1,'192.168.0.0'),(3783,34,'2012-02-03',0.00386,1,'192.168.0.0'),(3784,35,'2012-02-03',0.005269473,1,'192.168.0.0'),(3785,36,'2012-02-03',0.006139386,1,'192.168.0.0'),(3786,37,'2012-02-03',0.0069105,1,'192.168.0.0'),(3787,38,'2012-02-03',0.0076842315,1,'192.168.0.0'),(3788,39,'2012-02-03',0.00817268265,1,'192.168.0.0'),(3789,40,'2012-02-03',0.0086731326,1,'192.168.0.0'),(3790,41,'2012-02-03',0.009168,1,'192.168.0.0'),(3791,42,'2012-02-03',0.009674,1,'192.168.0.0'),(3792,43,'2012-02-03',0.010237,1,'192.168.0.0'),(3793,44,'2012-02-03',0.010838916,1,'192.168.0.0'),(3794,45,'2012-02-03',0.00511,1,'192.168.0.0'),(3795,46,'2012-02-03',0.006029397,1,'192.168.0.0'),(3796,47,'2012-02-03',0.0079992,1,'192.168.0.0'),(3797,48,'2012-02-03',0.010308969,1,'192.168.0.0'),(3798,49,'2012-02-03',0.012918708,1,'192.168.0.0'),(3799,50,'2012-02-03',0.01528,1,'192.168.0.0'),(3800,51,'2012-02-03',0.017268273,1,'192.168.0.0'),(3801,52,'2012-02-03',0.01887,1,'192.168.0.0'),(3802,53,'2012-02-03',0.02038,1,'192.168.0.0'),(3803,54,'2012-02-03',0.02495,1,'192.168.0.0'),(3804,55,'2012-02-03',0.02676,1,'192.168.0.0'),(3805,56,'2012-02-03',0.028277172,1,'192.168.0.0'),(3806,57,'2012-02-03',0.0057125,1,'192.168.0.0'),(3807,58,'2012-02-03',0.00614318562,1,'192.168.0.0'),(3808,59,'2012-02-03',0.0064688,1,'192.168.0.0'),(3809,60,'2012-02-03',0.00764053587,1,'192.168.0.0'),(3810,61,'2012-02-03',0.0087681,1,'192.168.0.0'),(3811,62,'2012-02-03',0.0107738,1,'192.168.0.0'),(3812,63,'2012-02-03',0.0117625,1,'192.168.0.0'),(3813,64,'2012-02-03',0.012818718,1,'192.168.0.0'),(3814,65,'2012-02-03',0.0139181,1,'192.168.0.0'),(3815,66,'2012-02-03',0.0147969,1,'192.168.0.0'),(3816,67,'2012-02-03',0.0156619,1,'192.168.0.0'),(3817,68,'2012-02-03',0.0165569,1,'192.168.0.0'),(3818,69,'2012-02-03',0.0173688,1,'192.168.0.0'),(3819,70,'2012-02-03',0.0181281,1,'192.168.0.0'),(3820,71,'2012-02-03',0.01892500731,1,'192.168.0.0'),(3821,72,'2012-02-03',0.01249875,1,'192.168.0.0'),(3822,73,'2012-02-03',0.01312,1,'192.168.0.0'),(3823,74,'2012-02-03',0.01424,1,'192.168.0.0'),(3824,75,'2012-02-03',0.015808419,1,'192.168.0.0'),(3825,76,'2012-02-03',0.017538246,1,'192.168.0.0'),(3826,77,'2012-02-03',0.01932,1,'192.168.0.0'),(3827,78,'2012-02-03',0.02103,1,'192.168.0.0'),(3828,79,'2012-02-03',0.02256,1,'192.168.0.0'),(3829,80,'2012-02-03',0.023877612,1,'192.168.0.0'),(3830,81,'2012-02-03',0.025877412,1,'192.168.0.0'),(3831,82,'2012-02-03',0.027757224,1,'192.168.0.0'),(3832,83,'2012-02-03',0.029367063,1,'192.168.0.0'),(3833,84,'2012-02-03',0.030176982,1,'192.168.0.0'),(3834,85,'2012-02-03',0.03047,1,'192.168.0.0'),(3835,86,'2012-02-03',0.00108559143,1,'192.168.0.0'),(3836,87,'2012-02-03',0.0011786,1,'192.168.0.0'),(3837,88,'2012-02-03',0.00123557643,1,'192.168.0.0'),(3838,89,'2012-02-03',0.0014429,1,'192.168.0.0'),(3839,90,'2012-02-03',0.00158554143,1,'192.168.0.0'),(3840,91,'2012-02-03',0.0019571,1,'192.168.0.0'),(3841,92,'2012-02-03',0.0024071,1,'192.168.0.0'),(3842,93,'2012-02-03',0.0029286,1,'192.168.0.0'),(3843,94,'2012-02-03',0.0033571,1,'192.168.0.0'),(3844,95,'2012-02-03',0.00385671429,1,'192.168.0.0'),(3845,96,'2012-02-03',0.00430666929,1,'192.168.0.0'),(3846,97,'2012-02-03',0.0047429,1,'192.168.0.0'),(3847,98,'2012-02-03',0.0050357,1,'192.168.0.0'),(3848,99,'2012-02-03',0.00528517143,1,'192.168.0.0'),(3849,100,'2012-02-03',0.00554234571,1,'192.168.0.0'),(3850,101,'2012-02-03',0.00354,1,'192.168.0.0'),(3851,102,'2012-02-03',0.00369963,1,'192.168.0.0'),(3852,103,'2012-02-03',0.004,1,'192.168.0.0'),(3853,104,'2012-02-03',0.004529547,1,'192.168.0.0'),(3854,105,'2012-02-03',0.005279472,1,'192.168.0.0'),(3855,106,'2012-02-03',0.00624,1,'192.168.0.0'),(3856,107,'2012-02-03',0.007339266,1,'192.168.0.0'),(3857,108,'2012-02-03',0.008469153,1,'192.168.0.0'),(3858,109,'2012-02-03',0.00957,1,'192.168.0.0'),(3859,110,'2012-02-03',0.01158,1,'192.168.0.0'),(3860,111,'2012-02-03',0.01399,1,'192.168.0.0'),(3861,112,'2012-02-03',0.01644,1,'192.168.0.0'),(3862,113,'2012-02-03',0.017388261,1,'192.168.0.0'),(3863,114,'2012-02-03',0.017808219,1,'192.168.0.0'),(3864,115,'2012-02-03',0.018258174,1,'192.168.0.0'),(3865,116,'2012-02-03',0.01869,1,'192.168.0.0'),(3866,117,'2012-02-03',0.00039996,1,'192.168.0.0'),(3867,118,'2012-02-03',0.0004167,1,'192.168.0.0'),(3868,119,'2012-02-03',0.00041665833,1,'192.168.0.0'),(3869,120,'2012-02-03',0.00050824917,1,'192.168.0.0'),(3870,121,'2012-02-03',0.00059164083,1,'192.168.0.0'),(3871,122,'2012-02-03',0.00075,1,'192.168.0.0'),(3872,123,'2012-02-03',0.000875,1,'192.168.0.0'),(3873,124,'2012-02-03',0.00100819917,1,'192.168.0.0'),(3874,125,'2012-02-03',0.00129157083,1,'192.168.0.0'),(3875,126,'2012-02-03',0.0015667,1,'192.168.0.0'),(3876,127,'2012-02-03',0.001875,1,'192.168.0.0'),(3877,128,'2012-02-03',0.0022367,1,'192.168.0.0'),(3878,129,'2012-02-03',0.0026367,1,'192.168.0.0'),(3879,130,'2012-02-03',0.003069693,1,'192.168.0.0'),(3880,131,'2012-02-03',0.00347795217,1,'192.168.0.0'),(3881,132,'2012-02-03',0.00093,1,'192.168.0.0'),(3882,133,'2012-02-03',0.00149985,1,'192.168.0.0'),(3883,134,'2012-02-03',0.002689731,1,'192.168.0.0'),(3884,135,'2012-02-03',0.004219578,1,'192.168.0.0'),(3885,136,'2012-02-03',0.00585,1,'192.168.0.0'),(3886,137,'2012-02-03',0.00739926,1,'192.168.0.0'),(3887,138,'2012-02-03',0.00875,1,'192.168.0.0'),(3888,139,'2012-02-03',0.00993,1,'192.168.0.0'),(3889,140,'2012-02-03',0.01095,1,'192.168.0.0'),(3890,141,'2012-02-03',0.044175582,1,'192.168.0.0'),(3891,142,'2012-02-03',0.044255574,1,'192.168.0.0'),(3892,143,'2012-02-03',0.04469553,1,'192.168.0.0'),(3893,144,'2012-02-03',0.045115488,1,'192.168.0.0'),(3894,145,'2012-02-03',0.04596,1,'192.168.0.0'),(3895,146,'2012-02-03',0.0465,1,'192.168.0.0'),(3896,147,'2012-02-03',0.046775322,1,'192.168.0.0'),(3897,148,'2012-02-03',0.04689531,1,'192.168.0.0'),(3898,149,'2012-02-03',0.0471,1,'192.168.0.0'),(3899,150,'2012-02-03',0.04738,1,'192.168.0.0'),(3900,151,'2012-02-03',0.04764,1,'192.168.0.0'),(3901,152,'2012-02-03',0.047935206,1,'192.168.0.0'),(3902,153,'2012-02-03',0.04819518,1,'192.168.0.0'),(3903,154,'2012-02-03',0.04849515,1,'192.168.0.0'),(3904,155,'2012-02-03',0.048855114,1,'192.168.0.0'),(3905,156,'2012-02-03',0.999880002,1,'192.168.0.0'),(3906,157,'2012-02-03',0.99993,1,'192.168.0.0'),(3907,158,'2012-02-03',1.00768,1,'192.168.0.0'),(3908,159,'2012-02-03',1.00079991,1,'192.168.0.0'),(3909,160,'2012-02-03',1.05829416,1,'192.168.0.0'),(3910,161,'2012-02-03',1.04408,1,'192.168.0.0'),(3911,162,'2012-02-03',1.02063,1,'192.168.0.0'),(3912,163,'2012-02-03',1.164833505,1,'192.168.0.0'),(3913,164,'2012-02-03',1.15855,1,'192.168.0.0'),(3914,165,'2012-02-03',1.124237565,1,'192.168.0.0'),(3915,166,'2012-02-03',1.0608,1,'192.168.0.0'),(3916,167,'2012-02-03',1.00613,1,'192.168.0.0'),(3917,168,'2012-02-03',1.513028682,1,'192.168.0.0'),(3918,169,'2012-02-03',1.427,1,'192.168.0.0'),(3919,170,'2012-02-03',1.2558,1,'192.168.0.0'),(3920,171,'2012-02-03',1.147465242,1,'192.168.0.0'),(3921,173,'2012-02-03',0.99988,1,'192.168.0.0'),(3922,174,'2012-02-03',0.999280062,1,'192.168.0.0'),(3923,175,'2012-02-03',0.998280162,1,'192.168.0.0'),(3924,176,'2012-02-03',0.99738,1,'192.168.0.0'),(3925,177,'2012-02-03',1.023327657,1,'192.168.0.0'),(3926,178,'2012-02-03',1.05309468,1,'192.168.0.0'),(3927,179,'2012-02-03',1.02588,1,'192.168.0.0'),(3928,180,'2012-02-03',1.03798,1,'192.168.0.0'),(3929,181,'2012-02-03',1.1205,1,'192.168.0.0'),(3930,182,'2012-02-03',1.1206,1,'192.168.0.0'),(3931,183,'2012-02-03',1.083341655,1,'192.168.0.0'),(3932,184,'2012-02-03',0.98045,1,'192.168.0.0'),(3933,185,'2012-02-03',1.029827007,1,'192.168.0.0'),(3934,186,'2012-02-03',1.013728617,1,'192.168.0.0'),(3935,187,'2012-02-03',1.25063,1,'192.168.0.0'),(3936,188,'2012-02-03',1.17588,1,'192.168.0.0'),(3937,189,'2012-02-03',1.15095,1,'192.168.0.0'),(3938,190,'2012-02-03',1.065843405,1,'192.168.0.0'),(3939,191,'2012-02-03',0.99918,1,'192.168.0.0'),(3940,192,'2012-02-03',0.99595,1,'192.168.0.0'),(3941,193,'2012-02-03',0.98758,1,'192.168.0.0'),(3942,194,'2012-02-03',0.972332757,1,'192.168.0.0'),(3943,195,'2012-02-03',1.004669523,1,'192.168.0.0'),(3944,196,'2012-02-03',1.01898,1,'192.168.0.0'),(3945,197,'2012-02-03',0.999630027,1,'192.168.0.0'),(3946,198,'2012-02-03',1.02725,1,'192.168.0.0'),(3947,199,'2012-02-03',1.0043,1,'192.168.0.0'),(3948,200,'2012-02-03',1.02475,1,'192.168.0.0'),(3949,201,'2012-02-03',1.00273,1,'192.168.0.0'),(3950,202,'2012-02-03',1.01958,1,'192.168.0.0'),(3951,203,'2012-02-03',1.056224367,1,'192.168.0.0'),(3952,204,'2012-02-03',1.03039695,1,'192.168.0.0'),(3953,205,'2012-02-03',1.0059,1,'192.168.0.0'),(3954,206,'2012-02-03',0.856694322,1,'192.168.0.0'),(3955,207,'2012-02-03',1.006579332,1,'192.168.0.0'),(3956,208,'2012-02-03',0.99305,1,'192.168.0.0'),(3957,209,'2012-02-03',0.968553135,1,'192.168.0.0'),(3958,210,'2012-02-03',0.8939,1,'192.168.0.0'),(3959,211,'2012-02-03',0.9459,1,'192.168.0.0'),(3960,212,'2012-02-03',0.878992092,1,'192.168.0.0'),(3961,213,'2012-02-03',0.87042,1,'192.168.0.0'),(3962,214,'2012-02-03',0.99943,1,'192.168.0.0'),(3963,215,'2012-02-03',0.99358,1,'192.168.0.0'),(3964,216,'2012-02-03',0.98352,1,'192.168.0.0'),(3965,217,'2012-02-03',0.98810118,1,'192.168.0.0'),(3966,218,'2012-02-03',1.0647,1,'192.168.0.0'),(3967,219,'2012-02-03',0.973082682,1,'192.168.0.0'),(3968,220,'2012-02-03',1.018278162,1,'192.168.0.0'),(3969,221,'2012-02-03',0.99137,1,'192.168.0.0'),(3970,222,'2012-02-03',0.96935,1,'192.168.0.0'),(3971,223,'2012-02-03',0.94010598,1,'192.168.0.0'),(3972,224,'2012-02-03',0.89143,1,'192.168.0.0'),(3973,225,'2012-02-03',0.9539,1,'192.168.0.0'),(3974,226,'2012-02-03',0.98500149,1,'192.168.0.0'),(3975,227,'2012-02-03',0.86718,1,'192.168.0.0'),(3976,228,'2012-02-03',0.850694922,1,'192.168.0.0'),(3977,229,'2012-02-03',0.988651125,1,'192.168.0.0'),(3978,230,'2012-02-03',0.96688,1,'192.168.0.0'),(3979,231,'2012-02-03',0.292500747,1,'192.168.0.0'),(3980,232,'2012-02-03',0.238256172,1,'192.168.0.0'),(3981,233,'2012-02-03',0.22713,1,'192.168.0.0'),(3982,234,'2012-02-03',0.24048,1,'192.168.0.0'),(3983,235,'2012-02-03',0.23963,1,'192.168.0.0'),(3984,236,'2012-02-03',0.21667,1,'192.168.0.0'),(3985,237,'2012-02-03',0.22738,1,'192.168.0.0'),(3986,238,'2012-02-03',0.229707027,1,'192.168.0.0'),(3987,239,'2012-02-03',0.239626035,1,'192.168.0.0'),(3988,240,'2012-02-03',0.229657032,1,'192.168.0.0'),(3989,241,'2012-02-03',0.22523,1,'192.168.0.0'),(3990,242,'2012-02-03',0.229807017,1,'192.168.0.0'),(3991,243,'2012-02-03',0.23163,1,'192.168.0.0'),(3992,1,'2012-02-17',0.0028071,1,'192.168.0.0'),(3993,2,'2012-02-17',0.00321107886,1,'192.168.0.0'),(3994,3,'2012-02-17',0.0036071,1,'192.168.0.0'),(3995,4,'2012-02-17',0.00546375357,1,'192.168.0.0'),(3996,5,'2012-02-17',0.0073071,1,'192.168.0.0'),(3997,6,'2012-02-17',0.00965263464,1,'192.168.0.0'),(3998,7,'2012-02-17',0.01080821907,1,'192.168.0.0'),(3999,8,'2012-02-17',0.0118314,1,'192.168.0.0'),(4000,9,'2012-02-17',0.0129071,1,'192.168.0.0'),(4001,10,'2012-02-17',0.0136143,1,'192.168.0.0'),(4002,11,'2012-02-17',0.0142235775,1,'192.168.0.0'),(4003,12,'2012-02-17',0.01477712214,1,'192.168.0.0'),(4004,13,'2012-02-17',0.0153429,1,'192.168.0.0'),(4005,14,'2012-02-17',0.01590550929,1,'192.168.0.0'),(4006,15,'2012-02-17',0.01646265357,1,'192.168.0.0'),(4007,16,'2012-02-17',0.011778822,1,'192.168.0.0'),(4008,17,'2012-02-17',0.01249875,1,'192.168.0.0'),(4009,18,'2012-02-17',0.01411,1,'192.168.0.0'),(4010,19,'2012-02-17',0.016028397,1,'192.168.0.0'),(4011,20,'2012-02-17',0.017918208,1,'192.168.0.0'),(4012,21,'2012-02-17',0.019628037,1,'192.168.0.0'),(4013,22,'2012-02-17',0.02105,1,'192.168.0.0'),(4014,23,'2012-02-17',0.022227777,1,'192.168.0.0'),(4015,24,'2012-02-17',0.02325,1,'192.168.0.0'),(4016,25,'2012-02-17',0.024927507,1,'192.168.0.0'),(4017,26,'2012-02-17',0.026427357,1,'192.168.0.0'),(4018,27,'2012-02-17',0.02683,1,'192.168.0.0'),(4019,28,'2012-02-17',0.0263,1,'192.168.0.0'),(4020,29,'2012-02-17',0.02569,1,'192.168.0.0'),(4021,30,'2012-02-17',0.00141,1,'192.168.0.0'),(4022,31,'2012-02-17',0.001887,1,'192.168.0.0'),(4023,32,'2012-02-17',0.00217,1,'192.168.0.0'),(4024,33,'2012-02-17',0.002455,1,'192.168.0.0'),(4025,34,'2012-02-17',0.003605,1,'192.168.0.0'),(4026,35,'2012-02-17',0.0049305069,1,'192.168.0.0'),(4027,36,'2012-02-17',0.005925,1,'192.168.0.0'),(4028,37,'2012-02-17',0.00670582935,1,'192.168.0.0'),(4029,38,'2012-02-17',0.0075102489,1,'192.168.0.0'),(4030,39,'2012-02-17',0.0080511948,1,'192.168.0.0'),(4031,40,'2012-02-17',0.0085441455,1,'192.168.0.0'),(4032,41,'2012-02-17',0.00899560035,1,'192.168.0.0'),(4033,42,'2012-02-17',0.0095025,1,'192.168.0.0'),(4034,43,'2012-02-17',0.01006449345,1,'192.168.0.0'),(4035,44,'2012-02-17',0.01065943395,1,'192.168.0.0'),(4036,45,'2012-02-17',0.00602,1,'192.168.0.0'),(4037,46,'2012-02-17',0.0073,1,'192.168.0.0'),(4038,47,'2012-02-17',0.009349065,1,'192.168.0.0'),(4039,48,'2012-02-17',0.01171,1,'192.168.0.0'),(4040,49,'2012-02-17',0.014118588,1,'192.168.0.0'),(4041,50,'2012-02-17',0.01632,1,'192.168.0.0'),(4042,51,'2012-02-17',0.01809,1,'192.168.0.0'),(4043,52,'2012-02-17',0.01971,1,'192.168.0.0'),(4044,53,'2012-02-17',0.021057894,1,'192.168.0.0'),(4045,54,'2012-02-17',0.02534,1,'192.168.0.0'),(4046,55,'2012-02-17',0.026987301,1,'192.168.0.0'),(4047,56,'2012-02-17',0.028287171,1,'192.168.0.0'),(4048,57,'2012-02-17',0.0056094,1,'192.168.0.0'),(4049,58,'2012-02-17',0.006075,1,'192.168.0.0'),(4050,59,'2012-02-17',0.00639816012,1,'192.168.0.0'),(4051,60,'2012-02-17',0.007559244,1,'192.168.0.0'),(4052,61,'2012-02-17',0.0087119,1,'192.168.0.0'),(4053,62,'2012-02-17',0.01073,1,'192.168.0.0'),(4054,63,'2012-02-17',0.01173322656,1,'192.168.0.0'),(4055,64,'2012-02-17',0.0127794,1,'192.168.0.0'),(4056,65,'2012-02-17',0.0138775,1,'192.168.0.0'),(4057,66,'2012-02-17',0.01476732312,1,'192.168.0.0'),(4058,67,'2012-02-17',0.01563223662,1,'192.168.0.0'),(4059,68,'2012-02-17',0.01652714712,1,'192.168.0.0'),(4060,69,'2012-02-17',0.01733886594,1,'192.168.0.0'),(4061,70,'2012-02-17',0.0180875,1,'192.168.0.0'),(4062,71,'2012-02-17',0.01888441137,1,'192.168.0.0'),(4063,72,'2012-02-17',0.01329,1,'192.168.0.0'),(4064,73,'2012-02-17',0.013888611,1,'192.168.0.0'),(4065,74,'2012-02-17',0.01498,1,'192.168.0.0'),(4066,75,'2012-02-17',0.016508349,1,'192.168.0.0'),(4067,76,'2012-02-17',0.01823,1,'192.168.0.0'),(4068,77,'2012-02-17',0.01999,1,'192.168.0.0'),(4069,78,'2012-02-17',0.021747825,1,'192.168.0.0'),(4070,79,'2012-02-17',0.023347665,1,'192.168.0.0'),(4071,80,'2012-02-17',0.02473,1,'192.168.0.0'),(4072,81,'2012-02-17',0.026867313,1,'192.168.0.0'),(4073,82,'2012-02-17',0.02896,1,'192.168.0.0'),(4074,83,'2012-02-17',0.030786921,1,'192.168.0.0'),(4075,84,'2012-02-17',0.031666833,1,'192.168.0.0'),(4076,85,'2012-02-17',0.032006799,1,'192.168.0.0'),(4077,86,'2012-02-17',0.00105699429,1,'192.168.0.0'),(4078,87,'2012-02-17',0.00116418357,1,'192.168.0.0'),(4079,88,'2012-02-17',0.00123557643,1,'192.168.0.0'),(4080,89,'2012-02-17',0.00144275571,1,'192.168.0.0'),(4081,90,'2012-02-17',0.00158554143,1,'192.168.0.0'),(4082,91,'2012-02-17',0.0019571,1,'192.168.0.0'),(4083,92,'2012-02-17',0.0024071,1,'192.168.0.0'),(4084,93,'2012-02-17',0.00292830714,1,'192.168.0.0'),(4085,94,'2012-02-17',0.00335676429,1,'192.168.0.0'),(4086,95,'2012-02-17',0.0038571,1,'192.168.0.0'),(4087,96,'2012-02-17',0.0043071,1,'192.168.0.0'),(4088,97,'2012-02-17',0.0047429,1,'192.168.0.0'),(4089,98,'2012-02-17',0.00502809714,1,'192.168.0.0'),(4090,99,'2012-02-17',0.00528517143,1,'192.168.0.0'),(4091,100,'2012-02-17',0.00553514643,1,'192.168.0.0'),(4092,101,'2012-02-17',0.00339966,1,'192.168.0.0'),(4093,102,'2012-02-17',0.00356,1,'192.168.0.0'),(4094,103,'2012-02-17',0.0039,1,'192.168.0.0'),(4095,104,'2012-02-17',0.00446,1,'192.168.0.0'),(4096,105,'2012-02-17',0.00525,1,'192.168.0.0'),(4097,106,'2012-02-17',0.00625,1,'192.168.0.0'),(4098,107,'2012-02-17',0.00738,1,'192.168.0.0'),(4099,108,'2012-02-17',0.00854,1,'192.168.0.0'),(4100,109,'2012-02-17',0.00968,1,'192.168.0.0'),(4101,110,'2012-02-17',0.01174,1,'192.168.0.0'),(4102,111,'2012-02-17',0.014208579,1,'192.168.0.0'),(4103,112,'2012-02-17',0.0167,1,'192.168.0.0'),(4104,113,'2012-02-17',0.01771,1,'192.168.0.0'),(4105,114,'2012-02-17',0.01819,1,'192.168.0.0'),(4106,115,'2012-02-17',0.018688131,1,'192.168.0.0'),(4107,116,'2012-02-17',0.019158084,1,'192.168.0.0'),(4108,117,'2012-02-17',0.0004333,1,'192.168.0.0'),(4109,118,'2012-02-17',0.0004667,1,'192.168.0.0'),(4110,119,'2012-02-17',0.0004833,1,'192.168.0.0'),(4111,120,'2012-02-17',0.0005917,1,'192.168.0.0'),(4112,121,'2012-02-17',0.0006749325,1,'192.168.0.0'),(4113,122,'2012-02-17',0.00084161583,1,'192.168.0.0'),(4114,123,'2012-02-17',0.0009583,1,'192.168.0.0'),(4115,124,'2012-02-17',0.0011167,1,'192.168.0.0'),(4116,125,'2012-02-17',0.0014,1,'192.168.0.0'),(4117,126,'2012-02-17',0.001649835,1,'192.168.0.0'),(4118,127,'2012-02-17',0.00196650333,1,'192.168.0.0'),(4119,128,'2012-02-17',0.00232806717,1,'192.168.0.0'),(4120,129,'2012-02-17',0.0027447255,1,'192.168.0.0'),(4121,130,'2012-02-17',0.0031867,1,'192.168.0.0'),(4122,131,'2012-02-17',0.0035946405,1,'192.168.0.0'),(4123,132,'2012-02-17',0.001169883,1,'192.168.0.0'),(4124,133,'2012-02-17',0.001649835,1,'192.168.0.0'),(4125,134,'2012-02-17',0.00278,1,'192.168.0.0'),(4126,135,'2012-02-17',0.00429957,1,'192.168.0.0'),(4127,136,'2012-02-17',0.005889411,1,'192.168.0.0'),(4128,137,'2012-02-17',0.00743,1,'192.168.0.0'),(4129,138,'2012-02-17',0.008809119,1,'192.168.0.0'),(4130,139,'2012-02-17',0.009999,1,'192.168.0.0'),(4131,140,'2012-02-17',0.011048895,1,'192.168.0.0'),(4132,141,'2012-02-17',0.04412,1,'192.168.0.0'),(4133,142,'2012-02-17',0.04422,1,'192.168.0.0'),(4134,143,'2012-02-17',0.04462,1,'192.168.0.0'),(4135,144,'2012-02-17',0.04526,1,'192.168.0.0'),(4136,145,'2012-02-17',0.04612,1,'192.168.0.0'),(4137,146,'2012-02-17',0.046875312,1,'192.168.0.0'),(4138,147,'2012-02-17',0.04724,1,'192.168.0.0'),(4139,148,'2012-02-17',0.0475,1,'192.168.0.0'),(4140,149,'2012-02-17',0.04774,1,'192.168.0.0'),(4141,150,'2012-02-17',0.048035196,1,'192.168.0.0'),(4142,151,'2012-02-17',0.048315168,1,'192.168.0.0'),(4143,152,'2012-02-17',0.04866,1,'192.168.0.0'),(4144,153,'2012-02-17',0.048915108,1,'192.168.0.0'),(4145,154,'2012-02-17',0.049215078,1,'192.168.0.0'),(4146,155,'2012-02-17',0.04962,1,'192.168.0.0'),(4147,156,'2012-02-17',0.99998,1,'192.168.0.0'),(4148,157,'2012-02-17',0.999780012,1,'192.168.0.0'),(4149,158,'2012-02-17',1.00697,1,'192.168.0.0'),(4150,159,'2012-02-17',1,1,'192.168.0.0'),(4151,160,'2012-02-17',1.05639435,1,'192.168.0.0'),(4152,161,'2012-02-17',1.0428,1,'192.168.0.0'),(4153,162,'2012-02-17',1.019448045,1,'192.168.0.0'),(4154,163,'2012-02-17',1.162613727,1,'192.168.0.0'),(4155,164,'2012-02-17',1.15705,1,'192.168.0.0'),(4156,165,'2012-02-17',1.12435,1,'192.168.0.0'),(4157,166,'2012-02-17',1.06065,1,'192.168.0.0'),(4158,167,'2012-02-17',1.00678,1,'192.168.0.0'),(4159,168,'2012-02-17',1.51415,1,'192.168.0.0'),(4160,169,'2012-02-17',1.42925706,1,'192.168.0.0'),(4161,170,'2012-02-17',1.26148,1,'192.168.0.0'),(4162,171,'2012-02-17',1.154964492,1,'192.168.0.0'),(4163,173,'2012-02-17',0.999850005,1,'192.168.0.0'),(4164,174,'2012-02-17',0.999370053,1,'192.168.0.0'),(4165,175,'2012-02-17',0.998450145,1,'192.168.0.0'),(4166,176,'2012-02-17',0.9976,1,'192.168.0.0'),(4167,177,'2012-02-17',1.02133,1,'192.168.0.0'),(4168,178,'2012-02-17',1.04858,1,'192.168.0.0'),(4169,179,'2012-02-17',1.02159783,1,'192.168.0.0'),(4170,180,'2012-02-17',1.0308,1,'192.168.0.0'),(4171,181,'2012-02-17',1.11153,1,'192.168.0.0'),(4172,182,'2012-02-17',1.1118888,1,'192.168.0.0'),(4173,183,'2012-02-17',1.074272562,1,'192.168.0.0'),(4174,184,'2012-02-17',0.97178,1,'192.168.0.0'),(4175,185,'2012-02-17',1.020647925,1,'192.168.0.0'),(4176,186,'2012-02-17',1.008779112,1,'192.168.0.0'),(4177,187,'2012-02-17',1.245525435,1,'192.168.0.0'),(4178,188,'2012-02-17',1.17328,1,'192.168.0.0'),(4179,189,'2012-02-17',1.14908,1,'192.168.0.0'),(4180,190,'2012-02-17',1.06473,1,'192.168.0.0'),(4181,191,'2012-02-17',0.999450045,1,'192.168.0.0'),(4182,192,'2012-02-17',0.997480242,1,'192.168.0.0'),(4183,193,'2012-02-17',0.98845,1,'192.168.0.0'),(4184,194,'2012-02-17',0.972032787,1,'192.168.0.0'),(4185,195,'2012-02-17',0.99999999,1,'192.168.0.0'),(4186,196,'2012-02-17',1.012648725,1,'192.168.0.0'),(4187,197,'2012-02-17',0.990430947,1,'192.168.0.0'),(4188,198,'2012-02-17',1.01602,1,'192.168.0.0'),(4189,199,'2012-02-17',0.98860113,1,'192.168.0.0'),(4190,200,'2012-02-17',1.0035,1,'192.168.0.0'),(4191,201,'2012-02-17',0.9816,1,'192.168.0.0'),(4192,202,'2012-02-17',0.9988,1,'192.168.0.0'),(4193,203,'2012-02-17',1.03468,1,'192.168.0.0'),(4194,204,'2012-02-17',1.016128377,1,'192.168.0.0'),(4195,205,'2012-02-17',0.991230867,1,'192.168.0.0'),(4196,206,'2012-02-17',0.8419,1,'192.168.0.0'),(4197,207,'2012-02-17',1.0108989,1,'192.168.0.0'),(4198,208,'2012-02-17',0.999,1,'192.168.0.0'),(4199,209,'2012-02-17',0.988381152,1,'192.168.0.0'),(4200,210,'2012-02-17',0.910188972,1,'192.168.0.0'),(4201,211,'2012-02-17',0.95118,1,'192.168.0.0'),(4202,212,'2012-02-17',0.88161183,1,'192.168.0.0'),(4203,213,'2012-02-17',0.878842107,1,'192.168.0.0'),(4204,214,'2012-02-17',0.9998,1,'192.168.0.0'),(4205,215,'2012-02-17',0.99468,1,'192.168.0.0'),(4206,216,'2012-02-17',0.983991591,1,'192.168.0.0'),(4207,217,'2012-02-17',0.98760123,1,'192.168.0.0'),(4208,218,'2012-02-17',1.064443545,1,'192.168.0.0'),(4209,219,'2012-02-17',0.97053,1,'192.168.0.0'),(4210,220,'2012-02-17',1.015748415,1,'192.168.0.0'),(4211,221,'2012-02-17',0.9944,1,'192.168.0.0'),(4212,222,'2012-02-17',0.97738,1,'192.168.0.0'),(4213,223,'2012-02-17',0.94705,1,'192.168.0.0'),(4214,224,'2012-02-17',0.898190172,1,'192.168.0.0'),(4215,225,'2012-02-17',0.96308,1,'192.168.0.0'),(4216,226,'2012-02-17',1.004979492,1,'192.168.0.0'),(4217,227,'2012-02-17',0.89045,1,'192.168.0.0'),(4218,228,'2012-02-17',0.878162175,1,'192.168.0.0'),(4219,229,'2012-02-17',0.96688,1,'192.168.0.0'),(4220,230,'2012-02-17',0.885541437,1,'192.168.0.0'),(4221,231,'2012-02-17',0.252504747,1,'192.168.0.0'),(4222,232,'2012-02-17',0.21747825,1,'192.168.0.0'),(4223,233,'2012-02-17',0.2225,1,'192.168.0.0'),(4224,234,'2012-02-17',0.2125,1,'192.168.0.0'),(4225,235,'2012-02-17',0.222407757,1,'192.168.0.0'),(4226,236,'2012-02-17',0.21103,1,'192.168.0.0'),(4227,237,'2012-02-17',0.21588,1,'192.168.0.0'),(4228,238,'2012-02-17',0.208859112,1,'192.168.0.0'),(4229,239,'2012-02-17',0.21253,1,'192.168.0.0'),(4230,240,'2012-02-17',0.2239776,1,'192.168.0.0'),(4231,241,'2012-02-17',0.21425,1,'192.168.0.0'),(4232,242,'2012-02-17',0.216458352,1,'192.168.0.0'),(4233,243,'2012-02-17',0.216508347,1,'192.168.0.0'),(4234,1,'2012-03-23',0.00263543643,1,'192.168.0.0'),(4235,2,'2012-03-23',0.0028286,1,'192.168.0.0'),(4236,3,'2012-03-23',0.00297110286,1,'192.168.0.0'),(4237,4,'2012-03-23',0.00364533543,1,'192.168.0.0'),(4238,5,'2012-03-23',0.00508089186,1,'192.168.0.0'),(4239,6,'2012-03-23',0.00709789014,1,'192.168.0.0'),(4240,7,'2012-03-23',0.00839916,1,'192.168.0.0'),(4241,8,'2012-03-23',0.00937766214,1,'192.168.0.0'),(4242,9,'2012-03-23',0.01053104679,1,'192.168.0.0'),(4243,10,'2012-03-23',0.0112643,1,'192.168.0.0'),(4244,11,'2012-03-23',0.01187021286,1,'192.168.0.0'),(4245,12,'2012-03-23',0.01245,1,'192.168.0.0'),(4246,13,'2012-03-23',0.0130179,1,'192.168.0.0'),(4247,14,'2012-03-23',0.0135679,1,'192.168.0.0'),(4248,15,'2012-03-23',0.0141735825,1,'192.168.0.0'),(4249,16,'2012-03-23',0.010828917,1,'192.168.0.0'),(4250,17,'2012-03-23',0.012278772,1,'192.168.0.0'),(4251,18,'2012-03-23',0.01415,1,'192.168.0.0'),(4252,19,'2012-03-23',0.0161,1,'192.168.0.0'),(4253,20,'2012-03-23',0.01799,1,'192.168.0.0'),(4254,21,'2012-03-23',0.01968,1,'192.168.0.0'),(4255,22,'2012-03-23',0.021107889,1,'192.168.0.0'),(4256,23,'2012-03-23',0.0223,1,'192.168.0.0'),(4257,24,'2012-03-23',0.02331,1,'192.168.0.0'),(4258,25,'2012-03-23',0.025,1,'192.168.0.0'),(4259,26,'2012-03-23',0.026537346,1,'192.168.0.0'),(4260,27,'2012-03-23',0.027027297,1,'192.168.0.0'),(4261,28,'2012-03-23',0.02652,1,'192.168.0.0'),(4262,29,'2012-03-23',0.02589741,1,'192.168.0.0'),(4263,30,'2012-03-23',0.001529847,1,'192.168.0.0'),(4264,31,'2012-03-23',0.0019018098,1,'192.168.0.0'),(4265,32,'2012-03-23',0.0021347865,1,'192.168.0.0'),(4266,33,'2012-03-23',0.0024125,1,'192.168.0.0'),(4267,34,'2012-03-23',0.0035026497,1,'192.168.0.0'),(4268,35,'2012-03-23',0.00473102685,1,'192.168.0.0'),(4269,36,'2012-03-23',0.0057695,1,'192.168.0.0'),(4270,37,'2012-03-23',0.0065675,1,'192.168.0.0'),(4271,38,'2012-03-23',0.007409,1,'192.168.0.0'),(4272,39,'2012-03-23',0.0079542045,1,'192.168.0.0'),(4273,40,'2012-03-23',0.0084261573,1,'192.168.0.0'),(4274,41,'2012-03-23',0.008882,1,'192.168.0.0'),(4275,42,'2012-03-23',0.009403,1,'192.168.0.0'),(4276,43,'2012-03-23',0.0099400059,1,'192.168.0.0'),(4277,44,'2012-03-23',0.0105199479,1,'192.168.0.0'),(4278,45,'2012-03-23',0.00611,1,'192.168.0.0'),(4279,46,'2012-03-23',0.00798,1,'192.168.0.0'),(4280,47,'2012-03-23',0.01058,1,'192.168.0.0'),(4281,48,'2012-03-23',0.01334,1,'192.168.0.0'),(4282,49,'2012-03-23',0.015928407,1,'192.168.0.0'),(4283,50,'2012-03-23',0.018218178,1,'192.168.0.0'),(4284,51,'2012-03-23',0.020147985,1,'192.168.0.0'),(4285,52,'2012-03-23',0.021727827,1,'192.168.0.0'),(4286,53,'2012-03-23',0.02304,1,'192.168.0.0'),(4287,54,'2012-03-23',0.027317268,1,'192.168.0.0'),(4288,55,'2012-03-23',0.02893,1,'192.168.0.0'),(4289,56,'2012-03-23',0.03014,1,'192.168.0.0'),(4290,57,'2012-03-23',0.005549445,1,'192.168.0.0'),(4291,58,'2012-03-23',0.0058531,1,'192.168.0.0'),(4292,59,'2012-03-23',0.0061125,1,'192.168.0.0'),(4293,60,'2012-03-23',0.00700309962,1,'192.168.0.0'),(4294,61,'2012-03-23',0.00828297162,1,'192.168.0.0'),(4295,62,'2012-03-23',0.0103244,1,'192.168.0.0'),(4296,63,'2012-03-23',0.0113788,1,'192.168.0.0'),(4297,64,'2012-03-23',0.0124113,1,'192.168.0.0'),(4298,65,'2012-03-23',0.0135344,1,'192.168.0.0'),(4299,66,'2012-03-23',0.0144613,1,'192.168.0.0'),(4300,67,'2012-03-23',0.01532036781,1,'192.168.0.0'),(4301,68,'2012-03-23',0.01624967487,1,'192.168.0.0'),(4302,69,'2012-03-23',0.01709269056,1,'192.168.0.0'),(4303,70,'2012-03-23',0.01788011181,1,'192.168.0.0'),(4304,71,'2012-03-23',0.01866623319,1,'192.168.0.0'),(4305,72,'2012-03-23',0.01276,1,'192.168.0.0'),(4306,73,'2012-03-23',0.013768623,1,'192.168.0.0'),(4307,74,'2012-03-23',0.01519848,1,'192.168.0.0'),(4308,75,'2012-03-23',0.016858314,1,'192.168.0.0'),(4309,76,'2012-03-23',0.018618138,1,'192.168.0.0'),(4310,77,'2012-03-23',0.020387961,1,'192.168.0.0'),(4311,78,'2012-03-23',0.02213,1,'192.168.0.0'),(4312,79,'2012-03-23',0.02371,1,'192.168.0.0'),(4313,80,'2012-03-23',0.025087491,1,'192.168.0.0'),(4314,81,'2012-03-23',0.027257274,1,'192.168.0.0'),(4315,82,'2012-03-23',0.029357064,1,'192.168.0.0'),(4316,83,'2012-03-23',0.03123,1,'192.168.0.0'),(4317,84,'2012-03-23',0.032086791,1,'192.168.0.0'),(4318,85,'2012-03-23',0.032406759,1,'192.168.0.0'),(4319,86,'2012-03-23',0.00105849414,1,'192.168.0.0'),(4320,87,'2012-03-23',0.00116418357,1,'192.168.0.0'),(4321,88,'2012-03-23',0.00123697629,1,'192.168.0.0'),(4322,89,'2012-03-23',0.0014429,1,'192.168.0.0'),(4323,90,'2012-03-23',0.0015857,1,'192.168.0.0'),(4324,91,'2012-03-23',0.00195690429,1,'192.168.0.0'),(4325,92,'2012-03-23',0.00239266071,1,'192.168.0.0'),(4326,93,'2012-03-23',0.0029371,1,'192.168.0.0'),(4327,94,'2012-03-23',0.0033586,1,'192.168.0.0'),(4328,95,'2012-03-23',0.00385821414,1,'192.168.0.0'),(4329,96,'2012-03-23',0.0043229,1,'192.168.0.0'),(4330,97,'2012-03-23',0.0047443,1,'192.168.0.0'),(4331,98,'2012-03-23',0.005029497,1,'192.168.0.0'),(4332,99,'2012-03-23',0.0052871,1,'192.168.0.0'),(4333,100,'2012-03-23',0.0055371,1,'192.168.0.0'),(4334,101,'2012-03-23',0.00353,1,'192.168.0.0'),(4335,102,'2012-03-23',0.003809619,1,'192.168.0.0'),(4336,103,'2012-03-23',0.00433,1,'192.168.0.0'),(4337,104,'2012-03-23',0.00506,1,'192.168.0.0'),(4338,105,'2012-03-23',0.00604,1,'192.168.0.0'),(4339,106,'2012-03-23',0.00718,1,'192.168.0.0'),(4340,107,'2012-03-23',0.00838,1,'192.168.0.0'),(4341,108,'2012-03-23',0.00957,1,'192.168.0.0'),(4342,109,'2012-03-23',0.010728927,1,'192.168.0.0'),(4343,110,'2012-03-23',0.01279872,1,'192.168.0.0'),(4344,111,'2012-03-23',0.01528,1,'192.168.0.0'),(4345,112,'2012-03-23',0.01777,1,'192.168.0.0'),(4346,113,'2012-03-23',0.0188,1,'192.168.0.0'),(4347,114,'2012-03-23',0.01926,1,'192.168.0.0'),(4348,115,'2012-03-23',0.0197,1,'192.168.0.0'),(4349,116,'2012-03-23',0.02014,1,'192.168.0.0'),(4350,117,'2012-03-23',0.0004667,1,'192.168.0.0'),(4351,118,'2012-03-23',0.00053324667,1,'192.168.0.0'),(4352,119,'2012-03-23',0.0005833,1,'192.168.0.0'),(4353,120,'2012-03-23',0.00075822417,1,'192.168.0.0'),(4354,121,'2012-03-23',0.0008917,1,'192.168.0.0'),(4355,122,'2012-03-23',0.0010583,1,'192.168.0.0'),(4356,123,'2012-03-23',0.0011833,1,'192.168.0.0'),(4357,124,'2012-03-23',0.0014167,1,'192.168.0.0'),(4358,125,'2012-03-23',0.00169983,1,'192.168.0.0'),(4359,126,'2012-03-23',0.00189981,1,'192.168.0.0'),(4360,127,'2012-03-23',0.0022083,1,'192.168.0.0'),(4361,128,'2012-03-23',0.00257,1,'192.168.0.0'),(4362,129,'2012-03-23',0.00293640633,1,'192.168.0.0'),(4363,130,'2012-03-23',0.00341135883,1,'192.168.0.0'),(4364,131,'2012-03-23',0.003819618,1,'192.168.0.0'),(4365,132,'2012-03-23',0.00196,1,'192.168.0.0'),(4366,133,'2012-03-23',0.00276,1,'192.168.0.0'),(4367,134,'2012-03-23',0.003839616,1,'192.168.0.0'),(4368,135,'2012-03-23',0.005229477,1,'192.168.0.0'),(4369,136,'2012-03-23',0.006729327,1,'192.168.0.0'),(4370,137,'2012-03-23',0.00808,1,'192.168.0.0'),(4371,138,'2012-03-23',0.00931,1,'192.168.0.0'),(4372,139,'2012-03-23',0.01039,1,'192.168.0.0'),(4373,140,'2012-03-23',0.01134,1,'192.168.0.0'),(4374,141,'2012-03-23',0.044235576,1,'192.168.0.0'),(4375,142,'2012-03-23',0.0443,1,'192.168.0.0'),(4376,143,'2012-03-23',0.044615538,1,'192.168.0.0'),(4377,144,'2012-03-23',0.04519548,1,'192.168.0.0'),(4378,145,'2012-03-23',0.04608,1,'192.168.0.0'),(4379,146,'2012-03-23',0.04689531,1,'192.168.0.0'),(4380,147,'2012-03-23',0.047315268,1,'192.168.0.0'),(4381,148,'2012-03-23',0.04759524,1,'192.168.0.0'),(4382,149,'2012-03-23',0.04812,1,'192.168.0.0'),(4383,150,'2012-03-23',0.048475152,1,'192.168.0.0'),(4384,151,'2012-03-23',0.048855114,1,'192.168.0.0'),(4385,152,'2012-03-23',0.049215078,1,'192.168.0.0'),(4386,153,'2012-03-23',0.049515048,1,'192.168.0.0'),(4387,154,'2012-03-23',0.049875012,1,'192.168.0.0'),(4388,155,'2012-03-23',0.050274972,1,'192.168.0.0'),(4389,157,'2012-03-23',0.99993,1,'192.168.0.0'),(4390,158,'2012-03-23',1.00658,1,'192.168.0.0'),(4391,159,'2012-03-23',1.000729917,1,'192.168.0.0'),(4392,160,'2012-03-23',1.05572,1,'192.168.0.0'),(4393,161,'2012-03-23',1.04348,1,'192.168.0.0'),(4394,162,'2012-03-23',1.0209,1,'192.168.0.0'),(4395,163,'2012-03-23',1.16215,1,'192.168.0.0'),(4396,164,'2012-03-23',1.15815,1,'192.168.0.0'),(4397,165,'2012-03-23',1.127437245,1,'192.168.0.0'),(4398,166,'2012-03-23',1.06518,1,'192.168.0.0'),(4399,167,'2012-03-23',1.011868803,1,'192.168.0.0'),(4400,168,'2012-03-23',1.51642,1,'192.168.0.0'),(4401,169,'2012-03-23',1.43283,1,'192.168.0.0'),(4402,170,'2012-03-23',1.261843803,1,'192.168.0.0'),(4403,171,'2012-03-23',1.15943,1,'192.168.0.0'),(4404,174,'2012-03-23',0.99980001,1,'192.168.0.0'),(4405,175,'2012-03-23',0.999450045,1,'192.168.0.0'),(4406,176,'2012-03-23',0.99905,1,'192.168.0.0'),(4407,177,'2012-03-23',1.023077682,1,'192.168.0.0'),(4408,178,'2012-03-23',1.05045,1,'192.168.0.0'),(4409,179,'2012-03-23',1.0279,1,'192.168.0.0'),(4410,180,'2012-03-23',1.04,1,'192.168.0.0'),(4411,181,'2012-03-23',1.120607928,1,'192.168.0.0'),(4412,182,'2012-03-23',1.122417747,1,'192.168.0.0'),(4413,183,'2012-03-23',1.08538,1,'192.168.0.0'),(4414,184,'2012-03-23',0.98355,1,'192.168.0.0'),(4415,185,'2012-03-23',1.03429656,1,'192.168.0.0'),(4416,186,'2012-03-23',1.01358,1,'192.168.0.0'),(4417,187,'2012-03-23',1.2464,1,'192.168.0.0'),(4418,188,'2012-03-23',1.168713117,1,'192.168.0.0'),(4419,189,'2012-03-23',1.142235765,1,'192.168.0.0'),(4420,190,'2012-03-23',1.056264363,1,'192.168.0.0'),(4421,191,'2012-03-23',1,1,'192.168.0.0'),(4422,192,'2012-03-23',0.99880011,1,'192.168.0.0'),(4423,193,'2012-03-23',0.9919,1,'192.168.0.0'),(4424,194,'2012-03-23',0.97765,1,'192.168.0.0'),(4425,195,'2012-03-23',1.00655,1,'192.168.0.0'),(4426,196,'2012-03-23',1.018948095,1,'192.168.0.0'),(4427,197,'2012-03-23',0.987081282,1,'192.168.0.0'),(4428,198,'2012-03-23',1.01003,1,'192.168.0.0'),(4429,199,'2012-03-23',0.97880211,1,'192.168.0.0'),(4430,200,'2012-03-23',0.99115,1,'192.168.0.0'),(4431,201,'2012-03-23',0.96808,1,'192.168.0.0'),(4432,202,'2012-03-23',0.9839016,1,'192.168.0.0'),(4433,203,'2012-03-23',1.020247965,1,'192.168.0.0'),(4434,204,'2012-03-23',1.00159983,1,'192.168.0.0'),(4435,205,'2012-03-23',0.96843,1,'192.168.0.0'),(4436,206,'2012-03-23',0.81551844,1,'192.168.0.0'),(4437,207,'2012-03-23',1.008379152,1,'192.168.0.0'),(4438,208,'2012-03-23',0.9927,1,'192.168.0.0'),(4439,209,'2012-03-23',0.9869,1,'192.168.0.0'),(4440,210,'2012-03-23',0.91120887,1,'192.168.0.0'),(4441,211,'2012-03-23',0.953684622,1,'192.168.0.0'),(4442,212,'2012-03-23',0.890660925,1,'192.168.0.0'),(4443,213,'2012-03-23',0.879492042,1,'192.168.0.0'),(4444,215,'2012-03-23',0.99820017,1,'192.168.0.0'),(4445,216,'2012-03-23',0.992830707,1,'192.168.0.0'),(4446,217,'2012-03-23',1.0018,1,'192.168.0.0'),(4447,218,'2012-03-23',1.078242165,1,'192.168.0.0'),(4448,219,'2012-03-23',0.99058,1,'192.168.0.0'),(4449,220,'2012-03-23',1.03919607,1,'192.168.0.0'),(4450,221,'2012-03-23',1.016268363,1,'192.168.0.0'),(4451,222,'2012-03-23',1.00615,1,'192.168.0.0'),(4452,223,'2012-03-23',0.979532037,1,'192.168.0.0'),(4453,224,'2012-03-23',0.93068,1,'192.168.0.0'),(4454,225,'2012-03-23',1.00209978,1,'192.168.0.0'),(4455,226,'2012-03-23',1.036276362,1,'192.168.0.0'),(4456,227,'2012-03-23',0.92058,1,'192.168.0.0'),(4457,228,'2012-03-23',0.90610938,1,'192.168.0.0'),(4458,229,'2012-03-23',1,1,'192.168.0.0'),(4459,230,'2012-03-23',0.98688,1,'192.168.0.0'),(4460,232,'2012-03-23',0.23107689,1,'192.168.0.0'),(4461,234,'2012-03-23',0.2375,1,'192.168.0.0'),(4462,235,'2012-03-23',0.2325,1,'192.168.0.0'),(4463,236,'2012-03-23',0.2275,1,'192.168.0.0'),(4464,237,'2012-03-23',0.237526245,1,'192.168.0.0'),(4465,238,'2012-03-23',0.205,1,'192.168.0.0'),(4466,239,'2012-03-23',0.2425,1,'192.168.0.0'),(4467,240,'2012-03-23',0.22,1,'192.168.0.0'),(4468,243,'2012-03-23',0.2049795,1,'192.168.0.0'),(4469,1,'2012-04-16',0.00257834214,1,'192.168.0.0'),(4470,2,'2012-04-16',0.0027857,1,'192.168.0.0'),(4471,3,'2012-04-16',0.0029143,1,'192.168.0.0'),(4472,4,'2012-04-16',0.0035607,1,'192.168.0.0'),(4473,5,'2012-04-16',0.0047436,1,'192.168.0.0'),(4474,6,'2012-04-16',0.0065679,1,'192.168.0.0'),(4475,7,'2012-04-16',0.0077321,1,'192.168.0.0'),(4476,8,'2012-04-16',0.0086521,1,'192.168.0.0'),(4477,9,'2012-04-16',0.009845,1,'192.168.0.0'),(4478,10,'2012-04-16',0.0105143,1,'192.168.0.0'),(4479,11,'2012-04-16',0.0111157,1,'192.168.0.0'),(4480,12,'2012-04-16',0.01164,1,'192.168.0.0'),(4481,13,'2012-04-16',0.0122093,1,'192.168.0.0'),(4482,14,'2012-04-16',0.0127621,1,'192.168.0.0'),(4483,15,'2012-04-16',0.0134207,1,'192.168.0.0'),(4484,16,'2012-04-16',0.01024,1,'192.168.0.0'),(4485,17,'2012-04-16',0.011278872,1,'192.168.0.0'),(4486,18,'2012-04-16',0.012978702,1,'192.168.0.0'),(4487,19,'2012-04-16',0.01488,1,'192.168.0.0'),(4488,20,'2012-04-16',0.016748325,1,'192.168.0.0'),(4489,21,'2012-04-16',0.01842,1,'192.168.0.0'),(4490,22,'2012-04-16',0.019838016,1,'192.168.0.0'),(4491,23,'2012-04-16',0.02103,1,'192.168.0.0'),(4492,24,'2012-04-16',0.02206,1,'192.168.0.0'),(4493,25,'2012-04-16',0.02376,1,'192.168.0.0'),(4494,26,'2012-04-16',0.02532,1,'192.168.0.0'),(4495,27,'2012-04-16',0.025777422,1,'192.168.0.0'),(4496,28,'2012-04-16',0.025377462,1,'192.168.0.0'),(4497,29,'2012-04-16',0.02489751,1,'192.168.0.0'),(4498,30,'2012-04-16',0.0015,1,'192.168.0.0'),(4499,31,'2012-04-16',0.0018868113,1,'192.168.0.0'),(4500,32,'2012-04-16',0.002115,1,'192.168.0.0'),(4501,33,'2012-04-16',0.0023975,1,'192.168.0.0'),(4502,34,'2012-04-16',0.00346515345,1,'192.168.0.0'),(4503,35,'2012-04-16',0.0046565,1,'192.168.0.0'),(4504,36,'2012-04-16',0.005651,1,'192.168.0.0'),(4505,37,'2012-04-16',0.0064683531,1,'192.168.0.0'),(4506,38,'2012-04-16',0.0073182681,1,'192.168.0.0'),(4507,39,'2012-04-16',0.00791,1,'192.168.0.0'),(4508,40,'2012-04-16',0.0083911608,1,'192.168.0.0'),(4509,41,'2012-04-16',0.0088821117,1,'192.168.0.0'),(4510,42,'2012-04-16',0.0094180581,1,'192.168.0.0'),(4511,43,'2012-04-16',0.009942,1,'192.168.0.0'),(4512,44,'2012-04-16',0.010502,1,'192.168.0.0'),(4513,45,'2012-04-16',0.00569943,1,'192.168.0.0'),(4514,46,'2012-04-16',0.006919308,1,'192.168.0.0'),(4515,47,'2012-04-16',0.008909109,1,'192.168.0.0'),(4516,48,'2012-04-16',0.01125,1,'192.168.0.0'),(4517,49,'2012-04-16',0.01361,1,'192.168.0.0'),(4518,50,'2012-04-16',0.01579842,1,'192.168.0.0'),(4519,51,'2012-04-16',0.01769823,1,'192.168.0.0'),(4520,52,'2012-04-16',0.019288071,1,'192.168.0.0'),(4521,53,'2012-04-16',0.02067,1,'192.168.0.0'),(4522,54,'2012-04-16',0.025117488,1,'192.168.0.0'),(4523,55,'2012-04-16',0.02679,1,'192.168.0.0'),(4524,56,'2012-04-16',0.0281,1,'192.168.0.0'),(4525,57,'2012-04-16',0.00553074687,1,'192.168.0.0'),(4526,58,'2012-04-16',0.0058,1,'192.168.0.0'),(4527,59,'2012-04-16',0.0060243975,1,'192.168.0.0'),(4528,60,'2012-04-16',0.00689061087,1,'192.168.0.0'),(4529,61,'2012-04-16',0.0081588,1,'192.168.0.0'),(4530,62,'2012-04-16',0.010175,1,'192.168.0.0'),(4531,63,'2012-04-16',0.01126197369,1,'192.168.0.0'),(4532,64,'2012-04-16',0.0122581,1,'192.168.0.0'),(4533,65,'2012-04-16',0.0133063,1,'192.168.0.0'),(4534,66,'2012-04-16',0.0142535745,1,'192.168.0.0'),(4535,67,'2012-04-16',0.0151234875,1,'192.168.0.0'),(4536,68,'2012-04-16',0.01602,1,'192.168.0.0'),(4537,69,'2012-04-16',0.0169006,1,'192.168.0.0'),(4538,70,'2012-04-16',0.0177163,1,'192.168.0.0'),(4539,71,'2012-04-16',0.0185631435,1,'192.168.0.0'),(4540,72,'2012-04-16',0.012478752,1,'192.168.0.0'),(4541,73,'2012-04-16',0.012978702,1,'192.168.0.0'),(4542,74,'2012-04-16',0.014048595,1,'192.168.0.0'),(4543,75,'2012-04-16',0.015488451,1,'192.168.0.0'),(4544,76,'2012-04-16',0.01708,1,'192.168.0.0'),(4545,77,'2012-04-16',0.018748125,1,'192.168.0.0'),(4546,78,'2012-04-16',0.02043,1,'192.168.0.0'),(4547,79,'2012-04-16',0.0219978,1,'192.168.0.0'),(4548,80,'2012-04-16',0.023407659,1,'192.168.0.0'),(4549,81,'2012-04-16',0.02567,1,'192.168.0.0'),(4550,82,'2012-04-16',0.02789721,1,'192.168.0.0'),(4551,83,'2012-04-16',0.030026997,1,'192.168.0.0'),(4552,84,'2012-04-16',0.031126887,1,'192.168.0.0'),(4553,85,'2012-04-16',0.03159684,1,'192.168.0.0'),(4554,86,'2012-04-16',0.0010586,1,'192.168.0.0'),(4555,87,'2012-04-16',0.0011643,1,'192.168.0.0'),(4556,88,'2012-04-16',0.00123697629,1,'192.168.0.0'),(4557,89,'2012-04-16',0.00144275571,1,'192.168.0.0'),(4558,90,'2012-04-16',0.0015857,1,'192.168.0.0'),(4559,91,'2012-04-16',0.0019571,1,'192.168.0.0'),(4560,92,'2012-04-16',0.00239266071,1,'192.168.0.0'),(4561,93,'2012-04-16',0.00293680629,1,'192.168.0.0'),(4562,94,'2012-04-16',0.00335826414,1,'192.168.0.0'),(4563,95,'2012-04-16',0.0038586,1,'192.168.0.0'),(4564,96,'2012-04-16',0.0043229,1,'192.168.0.0'),(4565,97,'2012-04-16',0.0047443,1,'192.168.0.0'),(4566,98,'2012-04-16',0.0050157,1,'192.168.0.0'),(4567,99,'2012-04-16',0.00527237271,1,'192.168.0.0'),(4568,100,'2012-04-16',0.00552234771,1,'192.168.0.0'),(4569,101,'2012-04-16',0.003459654,1,'192.168.0.0'),(4570,102,'2012-04-16',0.003579642,1,'192.168.0.0'),(4571,103,'2012-04-16',0.00389,1,'192.168.0.0'),(4572,104,'2012-04-16',0.00443,1,'192.168.0.0'),(4573,105,'2012-04-16',0.00519,1,'192.168.0.0'),(4574,106,'2012-04-16',0.006159384,1,'192.168.0.0'),(4575,107,'2012-04-16',0.00726,1,'192.168.0.0'),(4576,108,'2012-04-16',0.00839,1,'192.168.0.0'),(4577,109,'2012-04-16',0.00949905,1,'192.168.0.0'),(4578,110,'2012-04-16',0.011538846,1,'192.168.0.0'),(4579,111,'2012-04-16',0.01401,1,'192.168.0.0'),(4580,112,'2012-04-16',0.016508349,1,'192.168.0.0'),(4581,113,'2012-04-16',0.017608239,1,'192.168.0.0'),(4582,114,'2012-04-16',0.01814,1,'192.168.0.0'),(4583,115,'2012-04-16',0.01863,1,'192.168.0.0'),(4584,116,'2012-04-16',0.019078092,1,'192.168.0.0'),(4585,117,'2012-04-16',0.00029997,1,'192.168.0.0'),(4586,118,'2012-04-16',0.00043325667,1,'192.168.0.0'),(4587,119,'2012-04-16',0.0005417,1,'192.168.0.0'),(4588,120,'2012-04-16',0.0007167,1,'192.168.0.0'),(4589,121,'2012-04-16',0.00093320667,1,'192.168.0.0'),(4590,122,'2012-04-16',0.0011167,1,'192.168.0.0'),(4591,123,'2012-04-16',0.00130816917,1,'192.168.0.0'),(4592,124,'2012-04-16',0.00158314167,1,'192.168.0.0'),(4593,125,'2012-04-16',0.00185,1,'192.168.0.0'),(4594,126,'2012-04-16',0.00205,1,'192.168.0.0'),(4595,127,'2012-04-16',0.00234146583,1,'192.168.0.0'),(4596,128,'2012-04-16',0.00267,1,'192.168.0.0'),(4597,129,'2012-04-16',0.0030367,1,'192.168.0.0'),(4598,130,'2012-04-16',0.003495,1,'192.168.0.0'),(4599,131,'2012-04-16',0.00392,1,'192.168.0.0'),(4600,132,'2012-04-16',0.00113,1,'192.168.0.0'),(4601,133,'2012-04-16',0.00183,1,'192.168.0.0'),(4602,134,'2012-04-16',0.002979702,1,'192.168.0.0'),(4603,135,'2012-04-16',0.004379562,1,'192.168.0.0'),(4604,136,'2012-04-16',0.005849415,1,'192.168.0.0'),(4605,137,'2012-04-16',0.007329267,1,'192.168.0.0'),(4606,138,'2012-04-16',0.008629137,1,'192.168.0.0'),(4607,139,'2012-04-16',0.009749025,1,'192.168.0.0'),(4608,140,'2012-04-16',0.010738926,1,'192.168.0.0'),(4609,141,'2012-04-16',0.044035596,1,'192.168.0.0'),(4610,142,'2012-04-16',0.044135586,1,'192.168.0.0'),(4611,143,'2012-04-16',0.044475552,1,'192.168.0.0'),(4612,144,'2012-04-16',0.045075492,1,'192.168.0.0'),(4613,145,'2012-04-16',0.0459954,1,'192.168.0.0'),(4614,146,'2012-04-16',0.046835316,1,'192.168.0.0'),(4615,147,'2012-04-16',0.04726,1,'192.168.0.0'),(4616,148,'2012-04-16',0.047555244,1,'192.168.0.0'),(4617,149,'2012-04-16',0.0479,1,'192.168.0.0'),(4618,150,'2012-04-16',0.04824,1,'192.168.0.0'),(4619,151,'2012-04-16',0.048575142,1,'192.168.0.0'),(4620,152,'2012-04-16',0.04894,1,'192.168.0.0'),(4621,153,'2012-04-16',0.049275072,1,'192.168.0.0'),(4622,154,'2012-04-16',0.049575042,1,'192.168.0.0'),(4623,155,'2012-04-16',0.04998,1,'192.168.0.0'),(4624,157,'2012-04-16',0.999929997,1,'192.168.0.0'),(4625,158,'2012-04-16',1.006129377,1,'192.168.0.0'),(4626,159,'2012-04-16',1.00215,1,'192.168.0.0'),(4627,160,'2012-04-16',1.05762,1,'192.168.0.0'),(4628,161,'2012-04-16',1.048845105,1,'192.168.0.0'),(4629,162,'2012-04-16',1.02955,1,'192.168.0.0'),(4630,163,'2012-04-16',1.1749,1,'192.168.0.0'),(4631,164,'2012-04-16',1.1737,1,'192.168.0.0'),(4632,165,'2012-04-16',1.14542,1,'192.168.0.0'),(4633,166,'2012-04-16',1.08559143,1,'192.168.0.0'),(4634,167,'2012-04-16',1.032846705,1,'192.168.0.0'),(4635,168,'2012-04-16',1.54155,1,'192.168.0.0'),(4636,169,'2012-04-16',1.45855413,1,'192.168.0.0'),(4637,170,'2012-04-16',1.29337065,1,'192.168.0.0'),(4638,171,'2012-04-16',1.18815,1,'192.168.0.0'),(4639,174,'2012-04-16',0.9999,1,'192.168.0.0'),(4640,175,'2012-04-16',0.99983,1,'192.168.0.0'),(4641,176,'2012-04-16',0.9993,1,'192.168.0.0'),(4642,177,'2012-04-16',1.02238,1,'192.168.0.0'),(4643,178,'2012-04-16',1.04968,1,'192.168.0.0'),(4644,179,'2012-04-16',1.026447345,1,'192.168.0.0'),(4645,180,'2012-04-16',1.03548,1,'192.168.0.0'),(4646,181,'2012-04-16',1.1136,1,'192.168.0.0'),(4647,182,'2012-04-16',1.115008488,1,'192.168.0.0'),(4648,183,'2012-04-16',1.07859213,1,'192.168.0.0'),(4649,184,'2012-04-16',0.97818,1,'192.168.0.0'),(4650,185,'2012-04-16',1.0276,1,'192.168.0.0'),(4651,186,'2012-04-16',1.00349964,1,'192.168.0.0'),(4652,187,'2012-04-16',1.234856502,1,'192.168.0.0'),(4653,188,'2012-04-16',1.153434645,1,'192.168.0.0'),(4654,189,'2012-04-16',1.1218878,1,'192.168.0.0'),(4655,190,'2012-04-16',1.033576632,1,'192.168.0.0'),(4656,192,'2012-04-16',0.998550135,1,'192.168.0.0'),(4657,193,'2012-04-16',0.986851305,1,'192.168.0.0'),(4658,194,'2012-04-16',0.96593,1,'192.168.0.0'),(4659,195,'2012-04-16',0.98873,1,'192.168.0.0'),(4660,196,'2012-04-16',0.99675,1,'192.168.0.0'),(4661,197,'2012-04-16',0.954184572,1,'192.168.0.0'),(4662,198,'2012-04-16',0.972852705,1,'192.168.0.0'),(4663,199,'2012-04-16',0.9339066,1,'192.168.0.0'),(4664,200,'2012-04-16',0.94510548,1,'192.168.0.0'),(4665,201,'2012-04-16',0.923037687,1,'192.168.0.0'),(4666,202,'2012-04-16',0.934656525,1,'192.168.0.0'),(4667,203,'2012-04-16',0.970832907,1,'192.168.0.0'),(4668,204,'2012-04-16',0.95,1,'192.168.0.0'),(4669,205,'2012-04-16',0.91778,1,'192.168.0.0'),(4670,206,'2012-04-16',0.7704,1,'192.168.0.0'),(4671,207,'2012-04-16',1.009829007,1,'192.168.0.0'),(4672,208,'2012-04-16',0.986381352,1,'192.168.0.0'),(4673,209,'2012-04-16',0.97953,1,'192.168.0.0'),(4674,210,'2012-04-16',0.909439047,1,'192.168.0.0'),(4675,211,'2012-04-16',0.9536,1,'192.168.0.0'),(4676,212,'2012-04-16',0.88893,1,'192.168.0.0'),(4677,213,'2012-04-16',0.88271172,1,'192.168.0.0'),(4678,215,'2012-04-16',0.99815,1,'192.168.0.0'),(4679,216,'2012-04-16',0.98919,1,'192.168.0.0'),(4680,217,'2012-04-16',0.98980101,1,'192.168.0.0'),(4681,218,'2012-04-16',1.0548,1,'192.168.0.0'),(4682,219,'2012-04-16',0.96808,1,'192.168.0.0'),(4683,220,'2012-04-16',1.01119887,1,'192.168.0.0'),(4684,221,'2012-04-16',0.983151675,1,'192.168.0.0'),(4685,222,'2012-04-16',0.9708,1,'192.168.0.0'),(4686,223,'2012-04-16',0.94258,1,'192.168.0.0'),(4687,224,'2012-04-16',0.89301069,1,'192.168.0.0'),(4688,225,'2012-04-16',0.962033787,1,'192.168.0.0'),(4689,226,'2012-04-16',0.9871,1,'192.168.0.0'),(4690,227,'2012-04-16',0.873442647,1,'192.168.0.0'),(4691,228,'2012-04-16',0.85675,1,'192.168.0.0'),(4692,230,'2012-04-16',0.991780812,1,'192.168.0.0'),(4693,1,'2012-04-20',0.00257834214,1,'192.168.0.0'),(4694,2,'2012-04-20',0.00279972,1,'192.168.0.0'),(4695,3,'2012-04-20',0.0029,1,'192.168.0.0'),(4696,4,'2012-04-20',0.0035514,1,'192.168.0.0'),(4697,5,'2012-04-20',0.004685,1,'192.168.0.0'),(4698,6,'2012-04-20',0.0065036,1,'192.168.0.0'),(4699,7,'2012-04-20',0.0076907,1,'192.168.0.0'),(4700,8,'2012-04-20',0.00859983993,1,'192.168.0.0'),(4701,9,'2012-04-20',0.00978262164,1,'192.168.0.0'),(4702,10,'2012-04-20',0.0104357,1,'192.168.0.0'),(4703,11,'2012-04-20',0.011028897,1,'192.168.0.0'),(4704,12,'2012-04-20',0.01152454743,1,'192.168.0.0'),(4705,13,'2012-04-20',0.0120937905,1,'192.168.0.0'),(4706,14,'2012-04-20',0.0126229,1,'192.168.0.0'),(4707,15,'2012-04-20',0.01330156971,1,'192.168.0.0'),(4708,16,'2012-04-20',0.010448955,1,'192.168.0.0'),(4709,17,'2012-04-20',0.01156,1,'192.168.0.0'),(4710,18,'2012-04-20',0.01319868,1,'192.168.0.0'),(4711,19,'2012-04-20',0.015058494,1,'192.168.0.0'),(4712,20,'2012-04-20',0.016908309,1,'192.168.0.0'),(4713,21,'2012-04-20',0.01854,1,'192.168.0.0'),(4714,22,'2012-04-20',0.019938006,1,'192.168.0.0'),(4715,23,'2012-04-20',0.0211,1,'192.168.0.0'),(4716,24,'2012-04-20',0.022117788,1,'192.168.0.0'),(4717,25,'2012-04-20',0.02379762,1,'192.168.0.0'),(4718,26,'2012-04-20',0.02537,1,'192.168.0.0'),(4719,27,'2012-04-20',0.025837416,1,'192.168.0.0'),(4720,28,'2012-04-20',0.025367463,1,'192.168.0.0'),(4721,29,'2012-04-20',0.02482,1,'192.168.0.0'),(4722,30,'2012-04-20',0.001479852,1,'192.168.0.0'),(4723,31,'2012-04-20',0.001907,1,'192.168.0.0'),(4724,32,'2012-04-20',0.0021147885,1,'192.168.0.0'),(4725,33,'2012-04-20',0.00239726025,1,'192.168.0.0'),(4726,34,'2012-04-20',0.00347515245,1,'192.168.0.0'),(4727,35,'2012-04-20',0.0046565,1,'192.168.0.0'),(4728,36,'2012-04-20',0.0056504349,1,'192.168.0.0'),(4729,37,'2012-04-20',0.006459,1,'192.168.0.0'),(4730,38,'2012-04-20',0.007304,1,'192.168.0.0'),(4731,39,'2012-04-20',0.0079,1,'192.168.0.0'),(4732,40,'2012-04-20',0.008402,1,'192.168.0.0'),(4733,41,'2012-04-20',0.0088571142,1,'192.168.0.0'),(4734,42,'2012-04-20',0.0094030596,1,'192.168.0.0'),(4735,43,'2012-04-20',0.009917,1,'192.168.0.0'),(4736,44,'2012-04-20',0.0104759523,1,'192.168.0.0'),(4737,45,'2012-04-20',0.00567,1,'192.168.0.0'),(4738,46,'2012-04-20',0.00698,1,'192.168.0.0'),(4739,47,'2012-04-20',0.00911,1,'192.168.0.0'),(4740,48,'2012-04-20',0.011488851,1,'192.168.0.0'),(4741,49,'2012-04-20',0.01391,1,'192.168.0.0'),(4742,50,'2012-04-20',0.01613,1,'192.168.0.0'),(4743,51,'2012-04-20',0.018048195,1,'192.168.0.0'),(4744,52,'2012-04-20',0.019638036,1,'192.168.0.0'),(4745,53,'2012-04-20',0.02103,1,'192.168.0.0'),(4746,54,'2012-04-20',0.025517448,1,'192.168.0.0'),(4747,55,'2012-04-20',0.027247275,1,'192.168.0.0'),(4748,56,'2012-04-20',0.02859,1,'192.168.0.0'),(4749,57,'2012-04-20',0.0055244475,1,'192.168.0.0'),(4750,58,'2012-04-20',0.00578692125,1,'192.168.0.0'),(4751,59,'2012-04-20',0.00601189875,1,'192.168.0.0'),(4752,60,'2012-04-20',0.0068743125,1,'192.168.0.0'),(4753,61,'2012-04-20',0.008125,1,'192.168.0.0'),(4754,62,'2012-04-20',0.0101313,1,'192.168.0.0'),(4755,63,'2012-04-20',0.01123327656,1,'192.168.0.0'),(4756,64,'2012-04-20',0.01228507137,1,'192.168.0.0'),(4757,65,'2012-04-20',0.0133344,1,'192.168.0.0'),(4758,66,'2012-04-20',0.01428167169,1,'192.168.0.0'),(4759,67,'2012-04-20',0.0151563,1,'192.168.0.0'),(4760,68,'2012-04-20',0.01606219362,1,'192.168.0.0'),(4761,69,'2012-04-20',0.01694270556,1,'192.168.0.0'),(4762,70,'2012-04-20',0.01774572525,1,'192.168.0.0'),(4763,71,'2012-04-20',0.01860693912,1,'192.168.0.0'),(4764,72,'2012-04-20',0.013608639,1,'192.168.0.0'),(4765,73,'2012-04-20',0.014668533,1,'192.168.0.0'),(4766,74,'2012-04-20',0.01584,1,'192.168.0.0'),(4767,75,'2012-04-20',0.017258274,1,'192.168.0.0'),(4768,76,'2012-04-20',0.01881,1,'192.168.0.0'),(4769,77,'2012-04-20',0.02041,1,'192.168.0.0'),(4770,78,'2012-04-20',0.022,1,'192.168.0.0'),(4771,79,'2012-04-20',0.02349765,1,'192.168.0.0'),(4772,80,'2012-04-20',0.02485,1,'192.168.0.0'),(4773,81,'2012-04-20',0.02699,1,'192.168.0.0'),(4774,82,'2012-04-20',0.029107089,1,'192.168.0.0'),(4775,83,'2012-04-20',0.031066893,1,'192.168.0.0'),(4776,84,'2012-04-20',0.03207,1,'192.168.0.0'),(4777,85,'2012-04-20',0.032456754,1,'192.168.0.0'),(4778,86,'2012-04-20',0.00105849414,1,'192.168.0.0'),(4779,87,'2012-04-20',0.00116418357,1,'192.168.0.0'),(4780,88,'2012-04-20',0.0012371,1,'192.168.0.0'),(4781,89,'2012-04-20',0.0014429,1,'192.168.0.0'),(4782,90,'2012-04-20',0.0015786,1,'192.168.0.0'),(4783,91,'2012-04-20',0.0019571,1,'192.168.0.0'),(4784,92,'2012-04-20',0.0023929,1,'192.168.0.0'),(4785,93,'2012-04-20',0.00293680629,1,'192.168.0.0'),(4786,94,'2012-04-20',0.0033586,1,'192.168.0.0'),(4787,95,'2012-04-20',0.00385821414,1,'192.168.0.0'),(4788,96,'2012-04-20',0.00432246771,1,'192.168.0.0'),(4789,97,'2012-04-20',0.0047443,1,'192.168.0.0'),(4790,98,'2012-04-20',0.0050157,1,'192.168.0.0'),(4791,99,'2012-04-20',0.00527237271,1,'192.168.0.0'),(4792,100,'2012-04-20',0.0055229,1,'192.168.0.0'),(4793,101,'2012-04-20',0.00345,1,'192.168.0.0'),(4794,102,'2012-04-20',0.00359,1,'192.168.0.0'),(4795,103,'2012-04-20',0.0039,1,'192.168.0.0'),(4796,104,'2012-04-20',0.00444,1,'192.168.0.0'),(4797,105,'2012-04-20',0.00521,1,'192.168.0.0'),(4798,106,'2012-04-20',0.006189381,1,'192.168.0.0'),(4799,107,'2012-04-20',0.007289271,1,'192.168.0.0'),(4800,108,'2012-04-20',0.008409159,1,'192.168.0.0'),(4801,109,'2012-04-20',0.009539046,1,'192.168.0.0'),(4802,110,'2012-04-20',0.0116,1,'192.168.0.0'),(4803,111,'2012-04-20',0.014078592,1,'192.168.0.0'),(4804,112,'2012-04-20',0.01664,1,'192.168.0.0'),(4805,113,'2012-04-20',0.01777,1,'192.168.0.0'),(4806,114,'2012-04-20',0.0183,1,'192.168.0.0'),(4807,115,'2012-04-20',0.0188,1,'192.168.0.0'),(4808,116,'2012-04-20',0.01925,1,'192.168.0.0'),(4809,117,'2012-04-20',0.0003167,1,'192.168.0.0'),(4810,118,'2012-04-20',0.0004333,1,'192.168.0.0'),(4811,119,'2012-04-20',0.00054164583,1,'192.168.0.0'),(4812,120,'2012-04-20',0.00075,1,'192.168.0.0'),(4813,121,'2012-04-20',0.0009333,1,'192.168.0.0'),(4814,122,'2012-04-20',0.00111658833,1,'192.168.0.0'),(4815,123,'2012-04-20',0.00130816917,1,'192.168.0.0'),(4816,124,'2012-04-20',0.0015833,1,'192.168.0.0'),(4817,125,'2012-04-20',0.001849815,1,'192.168.0.0'),(4818,126,'2012-04-20',0.00205,1,'192.168.0.0'),(4819,127,'2012-04-20',0.0023417,1,'192.168.0.0'),(4820,128,'2012-04-20',0.00267,1,'192.168.0.0'),(4821,129,'2012-04-20',0.00303639633,1,'192.168.0.0'),(4822,130,'2012-04-20',0.003495,1,'192.168.0.0'),(4823,131,'2012-04-20',0.00392,1,'192.168.0.0'),(4824,132,'2012-04-20',0.001559844,1,'192.168.0.0'),(4825,133,'2012-04-20',0.00223,1,'192.168.0.0'),(4826,134,'2012-04-20',0.0034,1,'192.168.0.0'),(4827,135,'2012-04-20',0.00483,1,'192.168.0.0'),(4828,136,'2012-04-20',0.0063,1,'192.168.0.0'),(4829,137,'2012-04-20',0.007779222,1,'192.168.0.0'),(4830,138,'2012-04-20',0.009079092,1,'192.168.0.0'),(4831,139,'2012-04-20',0.01019898,1,'192.168.0.0'),(4832,140,'2012-04-20',0.0112,1,'192.168.0.0'),(4833,141,'2012-04-20',0.043935606,1,'192.168.0.0'),(4834,142,'2012-04-20',0.0439956,1,'192.168.0.0'),(4835,143,'2012-04-20',0.044375562,1,'192.168.0.0'),(4836,144,'2012-04-20',0.044975502,1,'192.168.0.0'),(4837,145,'2012-04-20',0.045935406,1,'192.168.0.0'),(4838,146,'2012-04-20',0.046775322,1,'192.168.0.0'),(4839,147,'2012-04-20',0.04718,1,'192.168.0.0'),(4840,148,'2012-04-20',0.047475252,1,'192.168.0.0'),(4841,149,'2012-04-20',0.04786,1,'192.168.0.0'),(4842,150,'2012-04-20',0.048175182,1,'192.168.0.0'),(4843,151,'2012-04-20',0.0485,1,'192.168.0.0'),(4844,152,'2012-04-20',0.048875112,1,'192.168.0.0'),(4845,153,'2012-04-20',0.04919508,1,'192.168.0.0'),(4846,154,'2012-04-20',0.04949505,1,'192.168.0.0'),(4847,155,'2012-04-20',0.0499,1,'192.168.0.0'),(4848,157,'2012-04-20',1,1,'192.168.0.0'),(4849,158,'2012-04-20',1.006,1,'192.168.0.0'),(4850,159,'2012-04-20',1.002149775,1,'192.168.0.0'),(4851,160,'2012-04-20',1.056914298,1,'192.168.0.0'),(4852,161,'2012-04-20',1.048545135,1,'192.168.0.0'),(4853,162,'2012-04-20',1.028947095,1,'192.168.0.0'),(4854,163,'2012-04-20',1.173732615,1,'192.168.0.0'),(4855,164,'2012-04-20',1.17308,1,'192.168.0.0'),(4856,165,'2012-04-20',1.145165472,1,'192.168.0.0'),(4857,166,'2012-04-20',1.085841405,1,'192.168.0.0'),(4858,167,'2012-04-20',1.03348,1,'192.168.0.0'),(4859,168,'2012-04-20',1.54325,1,'192.168.0.0'),(4860,169,'2012-04-20',1.459983987,1,'192.168.0.0'),(4861,170,'2012-04-20',1.29277071,1,'192.168.0.0'),(4862,171,'2012-04-20',1.183031685,1,'192.168.0.0'),(4863,174,'2012-04-20',0.999780012,1,'192.168.0.0'),(4864,175,'2012-04-20',0.999730017,1,'192.168.0.0'),(4865,176,'2012-04-20',0.99928,1,'192.168.0.0'),(4866,177,'2012-04-20',1.02129786,1,'192.168.0.0'),(4867,178,'2012-04-20',1.04748,1,'192.168.0.0'),(4868,179,'2012-04-20',1.02405,1,'192.168.0.0'),(4869,180,'2012-04-20',1.03335,1,'192.168.0.0'),(4870,181,'2012-04-20',1.11223,1,'192.168.0.0'),(4871,182,'2012-04-20',1.111868802,1,'192.168.0.0'),(4872,183,'2012-04-20',1.07469252,1,'192.168.0.0'),(4873,184,'2012-04-20',0.97283,1,'192.168.0.0'),(4874,185,'2012-04-20',1.021027887,1,'192.168.0.0'),(4875,186,'2012-04-20',0.999750015,1,'192.168.0.0'),(4876,187,'2012-04-20',1.229877,1,'192.168.0.0'),(4877,188,'2012-04-20',1.144915497,1,'192.168.0.0'),(4878,189,'2012-04-20',1.11178881,1,'192.168.0.0'),(4879,190,'2012-04-20',1.02248,1,'192.168.0.0'),(4880,192,'2012-04-20',0.998850105,1,'192.168.0.0'),(4881,193,'2012-04-20',0.98748,1,'192.168.0.0'),(4882,194,'2012-04-20',0.967453245,1,'192.168.0.0'),(4883,195,'2012-04-20',0.98933,1,'192.168.0.0'),(4884,196,'2012-04-20',0.998950095,1,'192.168.0.0'),(4885,197,'2012-04-20',0.959953995,1,'192.168.0.0'),(4886,198,'2012-04-20',0.97938,1,'192.168.0.0'),(4887,199,'2012-04-20',0.94178,1,'192.168.0.0'),(4888,200,'2012-04-20',0.95278,1,'192.168.0.0'),(4889,201,'2012-04-20',0.929157075,1,'192.168.0.0'),(4890,202,'2012-04-20',0.942055785,1,'192.168.0.0'),(4891,203,'2012-04-20',0.97738,1,'192.168.0.0'),(4892,204,'2012-04-20',0.95685,1,'192.168.0.0'),(4893,205,'2012-04-20',0.923637627,1,'192.168.0.0'),(4894,206,'2012-04-20',0.77672232,1,'192.168.0.0'),(4895,207,'2012-04-20',1.01209878,1,'192.168.0.0'),(4896,208,'2012-04-20',0.98725,1,'192.168.0.0'),(4897,209,'2012-04-20',0.98023,1,'192.168.0.0'),(4898,210,'2012-04-20',0.91010898,1,'192.168.0.0'),(4899,211,'2012-04-20',0.9532,1,'192.168.0.0'),(4900,212,'2012-04-20',0.890440947,1,'192.168.0.0'),(4901,213,'2012-04-20',0.88368,1,'192.168.0.0'),(4902,215,'2012-04-20',0.998330157,1,'192.168.0.0'),(4903,216,'2012-04-20',0.98891,1,'192.168.0.0'),(4904,217,'2012-04-20',0.990480942,1,'192.168.0.0'),(4905,218,'2012-04-20',1.0559,1,'192.168.0.0'),(4906,219,'2012-04-20',0.969073083,1,'192.168.0.0'),(4907,220,'2012-04-20',1.011248865,1,'192.168.0.0'),(4908,221,'2012-04-20',0.98223,1,'192.168.0.0'),(4909,222,'2012-04-20',0.966873303,1,'192.168.0.0'),(4910,223,'2012-04-20',0.93885,1,'192.168.0.0'),(4911,224,'2012-04-20',0.889061085,1,'192.168.0.0'),(4912,225,'2012-04-20',0.95688,1,'192.168.0.0'),(4913,226,'2012-04-20',0.976272363,1,'192.168.0.0'),(4914,227,'2012-04-20',0.8674,1,'192.168.0.0'),(4915,228,'2012-04-20',0.85153,1,'192.168.0.0'),(4916,230,'2012-04-20',0.9925,1,'192.168.0.0'),(4917,1,'2012-04-30',0.00257834214,1,'192.168.0.0'),(4918,2,'2012-04-30',0.0027714,1,'192.168.0.0'),(4919,3,'2012-04-30',0.0028529,1,'192.168.0.0'),(4920,4,'2012-04-30',0.0034664,1,'192.168.0.0'),(4921,5,'2012-04-30',0.0045343,1,'192.168.0.0'),(4922,6,'2012-04-30',0.00636796314,1,'192.168.0.0'),(4923,7,'2012-04-30',0.0074129,1,'192.168.0.0'),(4924,8,'2012-04-30',0.00831346857,1,'192.168.0.0'),(4925,9,'2012-04-30',0.0094886,1,'192.168.0.0'),(4926,10,'2012-04-30',0.0101393,1,'192.168.0.0'),(4927,11,'2012-04-30',0.0107393,1,'192.168.0.0'),(4928,12,'2012-04-30',0.01124247564,1,'192.168.0.0'),(4929,13,'2012-04-30',0.0118057,1,'192.168.0.0'),(4930,14,'2012-04-30',0.012305,1,'192.168.0.0'),(4931,15,'2012-04-30',0.012975,1,'192.168.0.0'),(4932,16,'2012-04-30',0.00941,1,'192.168.0.0'),(4933,17,'2012-04-30',0.01062,1,'192.168.0.0'),(4934,18,'2012-04-30',0.01244,1,'192.168.0.0'),(4935,19,'2012-04-30',0.01445,1,'192.168.0.0'),(4936,20,'2012-04-30',0.016428357,1,'192.168.0.0'),(4937,21,'2012-04-30',0.018178182,1,'192.168.0.0'),(4938,22,'2012-04-30',0.019668033,1,'192.168.0.0'),(4939,23,'2012-04-30',0.02093,1,'192.168.0.0'),(4940,24,'2012-04-30',0.022007799,1,'192.168.0.0'),(4941,25,'2012-04-30',0.023807619,1,'192.168.0.0'),(4942,26,'2012-04-30',0.02546,1,'192.168.0.0'),(4943,27,'2012-04-30',0.026,1,'192.168.0.0'),(4944,28,'2012-04-30',0.02556,1,'192.168.0.0'),(4945,29,'2012-04-30',0.024977502,1,'192.168.0.0'),(4946,30,'2012-04-30',0.001469853,1,'192.168.0.0'),(4947,31,'2012-04-30',0.0019058094,1,'192.168.0.0'),(4948,32,'2012-04-30',0.002115,1,'192.168.0.0'),(4949,33,'2012-04-30',0.0023875,1,'192.168.0.0'),(4950,34,'2012-04-30',0.0034675,1,'192.168.0.0'),(4951,35,'2012-04-30',0.0046585,1,'192.168.0.0'),(4952,36,'2012-04-30',0.005651,1,'192.168.0.0'),(4953,37,'2012-04-30',0.0064583541,1,'192.168.0.0'),(4954,38,'2012-04-30',0.0072832716,1,'192.168.0.0'),(4955,39,'2012-04-30',0.007879212,1,'192.168.0.0'),(4956,40,'2012-04-30',0.0083911608,1,'192.168.0.0'),(4957,41,'2012-04-30',0.008868,1,'192.168.0.0'),(4958,42,'2012-04-30',0.009389,1,'192.168.0.0'),(4959,43,'2012-04-30',0.009912,1,'192.168.0.0'),(4960,44,'2012-04-30',0.010472,1,'192.168.0.0'),(4961,45,'2012-04-30',0.00549945,1,'192.168.0.0'),(4962,46,'2012-04-30',0.006639336,1,'192.168.0.0'),(4963,47,'2012-04-30',0.0087,1,'192.168.0.0'),(4964,48,'2012-04-30',0.011008899,1,'192.168.0.0'),(4965,49,'2012-04-30',0.01339,1,'192.168.0.0'),(4966,50,'2012-04-30',0.015538446,1,'192.168.0.0'),(4967,51,'2012-04-30',0.017448255,1,'192.168.0.0'),(4968,52,'2012-04-30',0.019018098,1,'192.168.0.0'),(4969,53,'2012-04-30',0.020377962,1,'192.168.0.0'),(4970,54,'2012-04-30',0.02492,1,'192.168.0.0'),(4971,55,'2012-04-30',0.02669733,1,'192.168.0.0'),(4972,56,'2012-04-30',0.02806,1,'192.168.0.0'),(4973,57,'2012-04-30',0.00555,1,'192.168.0.0'),(4974,58,'2012-04-30',0.00578692125,1,'192.168.0.0'),(4975,59,'2012-04-30',0.0060125,1,'192.168.0.0'),(4976,60,'2012-04-30',0.0068563,1,'192.168.0.0'),(4977,61,'2012-04-30',0.00810548937,1,'192.168.0.0'),(4978,62,'2012-04-30',0.0101239875,1,'192.168.0.0'),(4979,63,'2012-04-30',0.0112281,1,'192.168.0.0'),(4980,64,'2012-04-30',0.0122988,1,'192.168.0.0'),(4981,65,'2012-04-30',0.01333306656,1,'192.168.0.0'),(4982,66,'2012-04-30',0.0142956,1,'192.168.0.0'),(4983,67,'2012-04-30',0.0151813,1,'192.168.0.0'),(4984,68,'2012-04-30',0.01608719112,1,'192.168.0.0'),(4985,69,'2012-04-30',0.0169788,1,'192.168.0.0'),(4986,70,'2012-04-30',0.0177788,1,'192.168.0.0'),(4987,71,'2012-04-30',0.01862563725,1,'192.168.0.0'),(4988,72,'2012-04-30',0.01367,1,'192.168.0.0'),(4989,73,'2012-04-30',0.01457,1,'192.168.0.0'),(4990,74,'2012-04-30',0.015668433,1,'192.168.0.0'),(4991,75,'2012-04-30',0.01696,1,'192.168.0.0'),(4992,76,'2012-04-30',0.01844,1,'192.168.0.0'),(4993,77,'2012-04-30',0.019998,1,'192.168.0.0'),(4994,78,'2012-04-30',0.02156,1,'192.168.0.0'),(4995,79,'2012-04-30',0.023047695,1,'192.168.0.0'),(4996,80,'2012-04-30',0.024377562,1,'192.168.0.0'),(4997,81,'2012-04-30',0.02655,1,'192.168.0.0'),(4998,82,'2012-04-30',0.02872,1,'192.168.0.0'),(4999,83,'2012-04-30',0.03074,1,'192.168.0.0'),(5000,84,'2012-04-30',0.031746825,1,'192.168.0.0'),(5001,85,'2012-04-30',0.03213,1,'192.168.0.0'),(5002,86,'2012-04-30',0.00108699129,1,'192.168.0.0'),(5003,87,'2012-04-30',0.0011786,1,'192.168.0.0'),(5004,88,'2012-04-30',0.00125127486,1,'192.168.0.0'),(5005,89,'2012-04-30',0.00144275571,1,'192.168.0.0'),(5006,90,'2012-04-30',0.0015786,1,'192.168.0.0'),(5007,91,'2012-04-30',0.0019571,1,'192.168.0.0'),(5008,92,'2012-04-30',0.00239266071,1,'192.168.0.0'),(5009,93,'2012-04-30',0.0029371,1,'192.168.0.0'),(5010,94,'2012-04-30',0.00335826414,1,'192.168.0.0'),(5011,95,'2012-04-30',0.00385821414,1,'192.168.0.0'),(5012,96,'2012-04-30',0.00432246771,1,'192.168.0.0'),(5013,97,'2012-04-30',0.00474382557,1,'192.168.0.0'),(5014,98,'2012-04-30',0.0050157,1,'192.168.0.0'),(5015,99,'2012-04-30',0.0052729,1,'192.168.0.0'),(5016,100,'2012-04-30',0.00552234771,1,'192.168.0.0'),(5017,101,'2012-04-27',0.0034,1,'192.168.0.0'),(5018,102,'2012-04-27',0.00352,1,'192.168.0.0'),(5019,103,'2012-04-27',0.003809619,1,'192.168.0.0'),(5020,104,'2012-04-27',0.004309569,1,'192.168.0.0'),(5021,105,'2012-04-27',0.00505,1,'192.168.0.0'),(5022,106,'2012-04-27',0.006,1,'192.168.0.0'),(5023,107,'2012-04-27',0.00711,1,'192.168.0.0'),(5024,108,'2012-04-27',0.00824,1,'192.168.0.0'),(5025,109,'2012-04-27',0.00937,1,'192.168.0.0'),(5026,110,'2012-04-27',0.01143,1,'192.168.0.0'),(5027,111,'2012-04-27',0.01392,1,'192.168.0.0'),(5028,112,'2012-04-27',0.016478352,1,'192.168.0.0'),(5029,113,'2012-04-27',0.01763,1,'192.168.0.0'),(5030,114,'2012-04-27',0.01816,1,'192.168.0.0'),(5031,115,'2012-04-27',0.01866,1,'192.168.0.0'),(5032,116,'2012-04-27',0.01912,1,'192.168.0.0'),(5033,117,'2012-04-30',0.00031666833,1,'192.168.0.0'),(5034,118,'2012-04-30',0.00043325667,1,'192.168.0.0'),(5035,119,'2012-04-30',0.00054164583,1,'192.168.0.0'),(5036,120,'2012-04-30',0.000749925,1,'192.168.0.0'),(5037,121,'2012-04-30',0.00093320667,1,'192.168.0.0'),(5038,122,'2012-04-30',0.00111658833,1,'192.168.0.0'),(5039,123,'2012-04-30',0.0013083,1,'192.168.0.0'),(5040,124,'2012-04-30',0.0015833,1,'192.168.0.0'),(5041,125,'2012-04-30',0.001849815,1,'192.168.0.0'),(5042,126,'2012-04-30',0.00205,1,'192.168.0.0'),(5043,127,'2012-04-30',0.0023417,1,'192.168.0.0'),(5044,128,'2012-04-30',0.002669733,1,'192.168.0.0'),(5045,129,'2012-04-30',0.0030446955,1,'192.168.0.0'),(5046,130,'2012-04-30',0.00350294967,1,'192.168.0.0'),(5047,131,'2012-04-30',0.00392790717,1,'192.168.0.0'),(5048,132,'2012-04-30',0.001829817,1,'192.168.0.0'),(5049,133,'2012-04-30',0.002329767,1,'192.168.0.0'),(5050,134,'2012-04-30',0.00329967,1,'192.168.0.0'),(5051,135,'2012-04-30',0.004579542,1,'192.168.0.0'),(5052,136,'2012-04-30',0.0059994,1,'192.168.0.0'),(5053,137,'2012-04-30',0.007429257,1,'192.168.0.0'),(5054,138,'2012-04-30',0.00868,1,'192.168.0.0'),(5055,139,'2012-04-30',0.00978,1,'192.168.0.0'),(5056,140,'2012-04-30',0.01073,1,'192.168.0.0'),(5057,141,'2012-04-30',0.043455654,1,'192.168.0.0'),(5058,142,'2012-04-30',0.04332,1,'192.168.0.0'),(5059,143,'2012-04-30',0.04354,1,'192.168.0.0'),(5060,144,'2012-04-30',0.04422,1,'192.168.0.0'),(5061,145,'2012-04-30',0.045135486,1,'192.168.0.0'),(5062,146,'2012-04-30',0.046,1,'192.168.0.0'),(5063,147,'2012-04-30',0.04646,1,'192.168.0.0'),(5064,148,'2012-04-30',0.04674,1,'192.168.0.0'),(5065,149,'2012-04-30',0.047155284,1,'192.168.0.0'),(5066,150,'2012-04-30',0.04754,1,'192.168.0.0'),(5067,151,'2012-04-30',0.047915208,1,'192.168.0.0'),(5068,152,'2012-04-30',0.04848,1,'192.168.0.0'),(5069,153,'2012-04-30',0.04872,1,'192.168.0.0'),(5070,154,'2012-04-30',0.049075092,1,'192.168.0.0'),(5071,155,'2012-04-30',0.04949505,1,'192.168.0.0'),(5072,157,'2012-04-30',0.9999,1,'192.168.0.0'),(5073,158,'2012-04-30',1.00593,1,'192.168.0.0'),(5074,159,'2012-04-30',1.00309968,1,'192.168.0.0'),(5075,160,'2012-04-30',1.05769422,1,'192.168.0.0'),(5076,161,'2012-04-30',1.0507,1,'192.168.0.0'),(5077,162,'2012-04-30',1.03248,1,'192.168.0.0'),(5078,163,'2012-04-30',1.17718,1,'192.168.0.0'),(5079,164,'2012-04-30',1.17678,1,'192.168.0.0'),(5080,165,'2012-04-30',1.149215067,1,'192.168.0.0'),(5081,166,'2012-04-30',1.089821007,1,'192.168.0.0'),(5082,167,'2012-04-30',1.037326257,1,'192.168.0.0'),(5083,168,'2012-04-30',1.54513,1,'192.168.0.0'),(5084,169,'2012-04-30',1.4615,1,'192.168.0.0'),(5085,170,'2012-04-30',1.293600627,1,'192.168.0.0'),(5086,171,'2012-04-30',1.1884,1,'192.168.0.0'),(5087,174,'2012-04-30',0.99980001,1,'192.168.0.0'),(5088,175,'2012-04-30',0.9998,1,'192.168.0.0'),(5089,176,'2012-04-30',0.9995,1,'192.168.0.0'),(5090,177,'2012-04-30',1.0229,1,'192.168.0.0'),(5091,178,'2012-04-30',1.05115,1,'192.168.0.0'),(5092,179,'2012-04-30',1.030376952,1,'192.168.0.0'),(5093,180,'2012-04-30',1.04183,1,'192.168.0.0'),(5094,181,'2012-04-30',1.121217867,1,'192.168.0.0'),(5095,182,'2012-04-30',1.12278771,1,'192.168.0.0'),(5096,183,'2012-04-30',1.086071382,1,'192.168.0.0'),(5097,184,'2012-04-30',0.984781512,1,'192.168.0.0'),(5098,185,'2012-04-30',1.032446745,1,'192.168.0.0'),(5099,186,'2012-04-30',1.01465,1,'192.168.0.0'),(5100,187,'2012-04-30',1.24848,1,'192.168.0.0'),(5101,188,'2012-04-30',1.170232965,1,'192.168.0.0'),(5102,189,'2012-04-30',1.14025,1,'192.168.0.0'),(5103,190,'2012-04-30',1.05723,1,'192.168.0.0'),(5104,192,'2012-04-30',0.99938,1,'192.168.0.0'),(5105,193,'2012-04-30',0.9903,1,'192.168.0.0'),(5106,194,'2012-04-30',0.970922898,1,'192.168.0.0'),(5107,195,'2012-04-30',0.993050685,1,'192.168.0.0'),(5108,196,'2012-04-30',1.00413,1,'192.168.0.0'),(5109,197,'2012-04-30',0.96515,1,'192.168.0.0'),(5110,198,'2012-04-30',0.9849,1,'192.168.0.0'),(5111,199,'2012-04-30',0.94923,1,'192.168.0.0'),(5112,200,'2012-04-30',0.96165,1,'192.168.0.0'),(5113,201,'2012-04-30',0.93852,1,'192.168.0.0'),(5114,202,'2012-04-30',0.952854705,1,'192.168.0.0'),(5115,203,'2012-04-30',0.98855,1,'192.168.0.0'),(5116,204,'2012-04-30',0.97360263,1,'192.168.0.0'),(5117,205,'2012-04-30',0.94628,1,'192.168.0.0'),(5118,206,'2012-04-30',0.800469945,1,'192.168.0.0'),(5119,207,'2012-04-30',1.01005,1,'192.168.0.0'),(5120,208,'2012-04-30',0.9878,1,'192.168.0.0'),(5121,209,'2012-04-30',0.980431947,1,'192.168.0.0'),(5122,210,'2012-04-30',0.9113,1,'192.168.0.0'),(5123,211,'2012-04-30',0.952984692,1,'192.168.0.0'),(5124,212,'2012-04-30',0.89248,1,'192.168.0.0'),(5125,213,'2012-04-30',0.8913,1,'192.168.0.0'),(5126,215,'2012-04-30',0.99885,1,'192.168.0.0'),(5127,216,'2012-04-30',0.99015,1,'192.168.0.0'),(5128,217,'2012-04-30',0.99268,1,'192.168.0.0'),(5129,218,'2012-04-30',1.060123977,1,'192.168.0.0'),(5130,219,'2012-04-30',0.97428,1,'192.168.0.0'),(5131,220,'2012-04-30',1.01719827,1,'192.168.0.0'),(5132,221,'2012-04-30',0.98855,1,'192.168.0.0'),(5133,222,'2012-04-30',0.974,1,'192.168.0.0'),(5134,223,'2012-04-30',0.947255265,1,'192.168.0.0'),(5135,224,'2012-04-30',0.89841015,1,'192.168.0.0'),(5136,225,'2012-04-30',0.96788,1,'192.168.0.0'),(5137,226,'2012-04-30',0.996270363,1,'192.168.0.0'),(5138,227,'2012-04-30',0.887461245,1,'192.168.0.0'),(5139,228,'2012-04-30',0.87333,1,'192.168.0.0'),(5140,230,'2012-04-30',0.99438,1,'192.168.0.0'),(5141,1,'2012-05-08',0.0025357,1,'192.168.0.0'),(5142,2,'2012-05-08',0.0027529,1,'192.168.0.0'),(5143,3,'2012-05-08',0.0028471,1,'192.168.0.0'),(5144,4,'2012-05-08',0.0034286,1,'192.168.0.0'),(5145,5,'2012-05-08',0.0043545645,1,'192.168.0.0'),(5146,6,'2012-05-08',0.0061743825,1,'192.168.0.0'),(5147,7,'2012-05-08',0.00727997193,1,'192.168.0.0'),(5148,8,'2012-05-08',0.0082107,1,'192.168.0.0'),(5149,9,'2012-05-08',0.0093229,1,'192.168.0.0'),(5150,10,'2012-05-08',0.0099186,1,'192.168.0.0'),(5151,11,'2012-05-08',0.01049895,1,'192.168.0.0'),(5152,12,'2012-05-08',0.010975,1,'192.168.0.0'),(5153,13,'2012-05-08',0.0114929,1,'192.168.0.0'),(5154,14,'2012-05-08',0.0120193,1,'192.168.0.0'),(5155,15,'2012-05-08',0.01266663321,1,'192.168.0.0'),(5156,16,'2012-05-08',0.008979102,1,'192.168.0.0'),(5157,17,'2012-05-08',0.00988,1,'192.168.0.0'),(5158,18,'2012-05-08',0.011378862,1,'192.168.0.0'),(5159,19,'2012-05-08',0.01318,1,'192.168.0.0'),(5160,20,'2012-05-08',0.01503,1,'192.168.0.0'),(5161,21,'2012-05-08',0.0167,1,'192.168.0.0'),(5162,22,'2012-05-08',0.018128187,1,'192.168.0.0'),(5163,23,'2012-05-08',0.01935,1,'192.168.0.0'),(5164,24,'2012-05-08',0.02042,1,'192.168.0.0'),(5165,25,'2012-05-08',0.02229,1,'192.168.0.0'),(5166,26,'2012-05-08',0.02404,1,'192.168.0.0'),(5167,27,'2012-05-08',0.02473,1,'192.168.0.0'),(5168,28,'2012-05-08',0.024357564,1,'192.168.0.0'),(5169,29,'2012-05-08',0.023847615,1,'192.168.0.0'),(5170,30,'2012-05-08',0.001469853,1,'192.168.0.0'),(5171,31,'2012-05-08',0.0018958104,1,'192.168.0.0'),(5172,32,'2012-05-08',0.0021047895,1,'192.168.0.0'),(5173,33,'2012-05-08',0.00238726125,1,'192.168.0.0'),(5174,34,'2012-05-08',0.00345715425,1,'192.168.0.0'),(5175,35,'2012-05-08',0.00465803415,1,'192.168.0.0'),(5176,36,'2012-05-08',0.005651,1,'192.168.0.0'),(5177,37,'2012-05-08',0.006459,1,'192.168.0.0'),(5178,38,'2012-05-08',0.007284,1,'192.168.0.0'),(5179,39,'2012-05-08',0.00788,1,'192.168.0.0'),(5180,40,'2012-05-08',0.008397,1,'192.168.0.0'),(5181,41,'2012-05-08',0.008888,1,'192.168.0.0'),(5182,42,'2012-05-08',0.009424,1,'192.168.0.0'),(5183,43,'2012-05-08',0.0099210078,1,'192.168.0.0'),(5184,44,'2012-05-08',0.010492,1,'192.168.0.0'),(5185,45,'2012-05-08',0.005629437,1,'192.168.0.0'),(5186,46,'2012-05-08',0.006649335,1,'192.168.0.0'),(5187,47,'2012-05-08',0.008419158,1,'192.168.0.0'),(5188,48,'2012-05-08',0.01068,1,'192.168.0.0'),(5189,49,'2012-05-08',0.01291,1,'192.168.0.0'),(5190,50,'2012-05-08',0.015038496,1,'192.168.0.0'),(5191,51,'2012-05-08',0.016818318,1,'192.168.0.0'),(5192,52,'2012-05-08',0.01841,1,'192.168.0.0'),(5193,53,'2012-05-08',0.01984,1,'192.168.0.0'),(5194,54,'2012-05-08',0.024327567,1,'192.168.0.0'),(5195,55,'2012-05-08',0.02613,1,'192.168.0.0'),(5196,56,'2012-05-08',0.027517248,1,'192.168.0.0'),(5197,57,'2012-05-08',0.00551824812,1,'192.168.0.0'),(5198,58,'2012-05-08',0.00578072187,1,'192.168.0.0'),(5199,59,'2012-05-08',0.0060063,1,'192.168.0.0'),(5200,60,'2012-05-08',0.00683061687,1,'192.168.0.0'),(5201,61,'2012-05-08',0.0080688,1,'192.168.0.0'),(5202,62,'2012-05-08',0.01009899,1,'192.168.0.0'),(5203,63,'2012-05-08',0.0112094,1,'192.168.0.0'),(5204,64,'2012-05-08',0.012278772,1,'192.168.0.0'),(5205,65,'2012-05-08',0.01330176969,1,'192.168.0.0'),(5206,66,'2012-05-08',0.01426297356,1,'192.168.0.0'),(5207,67,'2012-05-08',0.01515,1,'192.168.0.0'),(5208,68,'2012-05-08',0.01606219362,1,'192.168.0.0'),(5209,69,'2012-05-08',0.01695210462,1,'192.168.0.0'),(5210,70,'2012-05-08',0.017758224,1,'192.168.0.0'),(5211,71,'2012-05-08',0.018588141,1,'192.168.0.0'),(5212,72,'2012-05-08',0.01301,1,'192.168.0.0'),(5213,73,'2012-05-08',0.013718628,1,'192.168.0.0'),(5214,74,'2012-05-08',0.01474,1,'192.168.0.0'),(5215,75,'2012-05-08',0.01598,1,'192.168.0.0'),(5216,76,'2012-05-08',0.017438256,1,'192.168.0.0'),(5217,77,'2012-05-08',0.018988101,1,'192.168.0.0'),(5218,78,'2012-05-08',0.02054,1,'192.168.0.0'),(5219,79,'2012-05-08',0.022027797,1,'192.168.0.0'),(5220,80,'2012-05-08',0.02337,1,'192.168.0.0'),(5221,81,'2012-05-08',0.02559744,1,'192.168.0.0'),(5222,82,'2012-05-08',0.02783,1,'192.168.0.0'),(5223,83,'2012-05-08',0.029967003,1,'192.168.0.0'),(5224,84,'2012-05-08',0.03111,1,'192.168.0.0'),(5225,85,'2012-05-08',0.031606839,1,'192.168.0.0'),(5226,86,'2012-05-08',0.0010871,1,'192.168.0.0'),(5227,87,'2012-05-08',0.0011786,1,'192.168.0.0'),(5228,88,'2012-05-08',0.0012514,1,'192.168.0.0'),(5229,89,'2012-05-08',0.0014429,1,'192.168.0.0'),(5230,90,'2012-05-08',0.00157844214,1,'192.168.0.0'),(5231,91,'2012-05-08',0.0019571,1,'192.168.0.0'),(5232,92,'2012-05-08',0.0023929,1,'192.168.0.0'),(5233,93,'2012-05-08',0.0029371,1,'192.168.0.0'),(5234,94,'2012-05-08',0.0033586,1,'192.168.0.0'),(5235,95,'2012-05-08',0.00385821414,1,'192.168.0.0'),(5236,96,'2012-05-08',0.0043229,1,'192.168.0.0'),(5237,97,'2012-05-08',0.0047443,1,'192.168.0.0'),(5238,98,'2012-05-08',0.0050157,1,'192.168.0.0'),(5239,99,'2012-05-08',0.00527237271,1,'192.168.0.0'),(5240,100,'2012-05-08',0.00552234771,1,'192.168.0.0'),(5241,101,'2012-05-08',0.003429657,1,'192.168.0.0'),(5242,102,'2012-05-08',0.00349965,1,'192.168.0.0'),(5243,103,'2012-05-08',0.003739626,1,'192.168.0.0'),(5244,104,'2012-05-08',0.00419958,1,'192.168.0.0'),(5245,105,'2012-05-08',0.00489,1,'192.168.0.0'),(5246,106,'2012-05-08',0.005789421,1,'192.168.0.0'),(5247,107,'2012-05-08',0.006849315,1,'192.168.0.0'),(5248,108,'2012-05-08',0.00794,1,'192.168.0.0'),(5249,109,'2012-05-08',0.00903,1,'192.168.0.0'),(5250,110,'2012-05-08',0.01104,1,'192.168.0.0'),(5251,111,'2012-05-08',0.013478652,1,'192.168.0.0'),(5252,112,'2012-05-08',0.015968403,1,'192.168.0.0'),(5253,113,'2012-05-08',0.01709,1,'192.168.0.0'),(5254,114,'2012-05-08',0.017618238,1,'192.168.0.0'),(5255,115,'2012-05-08',0.01811,1,'192.168.0.0'),(5256,116,'2012-05-08',0.01856,1,'192.168.0.0'),(5257,117,'2012-05-08',0.0003167,1,'192.168.0.0'),(5258,118,'2012-05-08',0.0004333,1,'192.168.0.0'),(5259,119,'2012-05-08',0.00054164583,1,'192.168.0.0'),(5260,120,'2012-05-08',0.00075,1,'192.168.0.0'),(5261,121,'2012-05-08',0.00093320667,1,'192.168.0.0'),(5262,122,'2012-05-08',0.0011167,1,'192.168.0.0'),(5263,123,'2012-05-08',0.00130816917,1,'192.168.0.0'),(5264,124,'2012-05-08',0.00158314167,1,'192.168.0.0'),(5265,125,'2012-05-08',0.00185,1,'192.168.0.0'),(5266,126,'2012-05-08',0.00205,1,'192.168.0.0'),(5267,127,'2012-05-08',0.00234146583,1,'192.168.0.0'),(5268,128,'2012-05-08',0.00267,1,'192.168.0.0'),(5269,129,'2012-05-08',0.003045,1,'192.168.0.0'),(5270,130,'2012-05-08',0.0035033,1,'192.168.0.0'),(5271,131,'2012-05-08',0.00392790717,1,'192.168.0.0'),(5272,132,'2012-05-08',0.00158,1,'192.168.0.0'),(5273,133,'2012-05-08',0.00203,1,'192.168.0.0'),(5274,134,'2012-05-08',0.00289971,1,'192.168.0.0'),(5275,135,'2012-05-08',0.004079592,1,'192.168.0.0'),(5276,136,'2012-05-08',0.005449455,1,'192.168.0.0'),(5277,137,'2012-05-08',0.006849315,1,'192.168.0.0'),(5278,138,'2012-05-08',0.0081,1,'192.168.0.0'),(5279,139,'2012-05-08',0.0092,1,'192.168.0.0'),(5280,140,'2012-05-08',0.01013,1,'192.168.0.0'),(5281,141,'2012-05-08',0.0389961,1,'192.168.0.0'),(5282,142,'2012-05-08',0.03959604,1,'192.168.0.0'),(5283,143,'2012-05-08',0.039816018,1,'192.168.0.0'),(5284,144,'2012-05-08',0.040215978,1,'192.168.0.0'),(5285,145,'2012-05-08',0.0411,1,'192.168.0.0'),(5286,146,'2012-05-08',0.041955804,1,'192.168.0.0'),(5287,147,'2012-05-08',0.04298,1,'192.168.0.0'),(5288,148,'2012-05-08',0.043775622,1,'192.168.0.0'),(5289,149,'2012-05-08',0.04442,1,'192.168.0.0'),(5290,150,'2012-05-08',0.045035496,1,'192.168.0.0'),(5291,151,'2012-05-08',0.04548,1,'192.168.0.0'),(5292,152,'2012-05-08',0.04602,1,'192.168.0.0'),(5293,153,'2012-05-08',0.046435356,1,'192.168.0.0'),(5294,154,'2012-05-08',0.04686,1,'192.168.0.0'),(5295,155,'2012-05-08',0.04726,1,'192.168.0.0'),(5296,157,'2012-05-08',0.9999,1,'192.168.0.0'),(5297,158,'2012-05-08',1.0057,1,'192.168.0.0'),(5298,159,'2012-05-08',1.002879702,1,'192.168.0.0'),(5299,160,'2012-05-08',1.057344255,1,'192.168.0.0'),(5300,161,'2012-05-08',1.051374852,1,'192.168.0.0'),(5301,162,'2012-05-08',1.035376452,1,'192.168.0.0'),(5302,163,'2012-05-08',1.182,1,'192.168.0.0'),(5303,164,'2012-05-08',1.1833,1,'192.168.0.0'),(5304,165,'2012-05-08',1.15778,1,'192.168.0.0'),(5305,166,'2012-05-08',1.100239965,1,'192.168.0.0'),(5306,167,'2012-05-08',1.048675122,1,'192.168.0.0'),(5307,168,'2012-05-08',1.56485,1,'192.168.0.0'),(5308,169,'2012-05-08',1.4831,1,'192.168.0.0'),(5309,170,'2012-05-08',1.318648122,1,'192.168.0.0'),(5310,171,'2012-05-08',1.21648,1,'192.168.0.0'),(5311,174,'2012-05-08',0.999850005,1,'192.168.0.0'),(5312,175,'2012-05-08',0.999730017,1,'192.168.0.0'),(5313,176,'2012-05-08',0.999330057,1,'192.168.0.0'),(5314,177,'2012-05-08',1.022927697,1,'192.168.0.0'),(5315,178,'2012-05-08',1.053044685,1,'192.168.0.0'),(5316,179,'2012-05-08',1.0338966,1,'192.168.0.0'),(5317,180,'2012-05-08',1.04685,1,'192.168.0.0'),(5318,181,'2012-05-08',1.128567132,1,'192.168.0.0'),(5319,182,'2012-05-08',1.131856803,1,'192.168.0.0'),(5320,183,'2012-05-08',1.09683,1,'192.168.0.0'),(5321,184,'2012-05-08',0.996650325,1,'192.168.0.0'),(5322,185,'2012-05-08',1.04513,1,'192.168.0.0'),(5323,186,'2012-05-08',1.0284,1,'192.168.0.0'),(5324,187,'2012-05-08',1.267623225,1,'192.168.0.0'),(5325,188,'2012-05-08',1.196130375,1,'192.168.0.0'),(5326,189,'2012-05-08',1.169263062,1,'192.168.0.0'),(5327,190,'2012-05-08',1.094270562,1,'192.168.0.0'),(5328,192,'2012-05-08',0.99920007,1,'192.168.0.0'),(5329,193,'2012-05-08',0.990530937,1,'192.168.0.0'),(5330,194,'2012-05-08',0.97063,1,'192.168.0.0'),(5331,195,'2012-05-08',0.99250074,1,'192.168.0.0'),(5332,196,'2012-05-08',1.002029787,1,'192.168.0.0'),(5333,197,'2012-05-08',0.96150384,1,'192.168.0.0'),(5334,198,'2012-05-08',0.98102,1,'192.168.0.0'),(5335,199,'2012-05-08',0.94375,1,'192.168.0.0'),(5336,200,'2012-05-08',0.95675,1,'192.168.0.0'),(5337,201,'2012-05-08',0.934136577,1,'192.168.0.0'),(5338,202,'2012-05-08',0.947655225,1,'192.168.0.0'),(5339,203,'2012-05-08',0.98408,1,'192.168.0.0'),(5340,204,'2012-05-08',0.97060293,1,'192.168.0.0'),(5341,205,'2012-05-08',0.94250574,1,'192.168.0.0'),(5342,206,'2012-05-08',0.79785,1,'192.168.0.0'),(5343,207,'2012-05-08',1.008549135,1,'192.168.0.0'),(5344,208,'2012-05-08',0.9824,1,'192.168.0.0'),(5345,209,'2012-05-08',0.96618,1,'192.168.0.0'),(5346,210,'2012-05-08',0.896560335,1,'192.168.0.0'),(5347,211,'2012-05-08',0.95183,1,'192.168.0.0'),(5348,212,'2012-05-08',0.88965,1,'192.168.0.0'),(5349,213,'2012-05-08',0.888891102,1,'192.168.0.0'),(5350,215,'2012-05-08',0.9993,1,'192.168.0.0'),(5351,216,'2012-05-08',0.99203,1,'192.168.0.0'),(5352,217,'2012-05-08',0.9957,1,'192.168.0.0'),(5353,218,'2012-05-08',1.06498,1,'192.168.0.0'),(5354,219,'2012-05-08',0.97923,1,'192.168.0.0'),(5355,220,'2012-05-08',1.0239,1,'192.168.0.0'),(5356,221,'2012-05-08',0.995380452,1,'192.168.0.0'),(5357,222,'2012-05-08',0.9795,1,'192.168.0.0'),(5358,223,'2012-05-08',0.9528,1,'192.168.0.0'),(5359,224,'2012-05-08',0.9036,1,'192.168.0.0'),(5360,225,'2012-05-08',0.971952795,1,'192.168.0.0'),(5361,226,'2012-05-08',1.003249665,1,'192.168.0.0'),(5362,227,'2012-05-08',0.8955,1,'192.168.0.0'),(5363,228,'2012-05-08',0.88251174,1,'192.168.0.0'),(5364,230,'2012-05-08',0.996780312,1,'192.168.0.0'),(5365,1,'2012-05-14',0.0025357,1,'192.168.0.0'),(5366,2,'2012-05-14',0.00276,1,'192.168.0.0'),(5367,3,'2012-05-14',0.00285681429,1,'192.168.0.0'),(5368,4,'2012-05-14',0.003425,1,'192.168.0.0'),(5369,5,'2012-05-14',0.00427667229,1,'192.168.0.0'),(5370,6,'2012-05-14',0.0061607,1,'192.168.0.0'),(5371,7,'2012-05-14',0.0072536,1,'192.168.0.0'),(5372,8,'2012-05-14',0.0081964,1,'192.168.0.0'),(5373,9,'2012-05-14',0.00932476743,1,'192.168.0.0'),(5374,10,'2012-05-14',0.0099114,1,'192.168.0.0'),(5375,11,'2012-05-14',0.0104786,1,'192.168.0.0'),(5376,12,'2012-05-14',0.0109693,1,'192.168.0.0'),(5377,13,'2012-05-14',0.0114971,1,'192.168.0.0'),(5378,14,'2012-05-14',0.011995,1,'192.168.0.0'),(5379,15,'2012-05-14',0.0126237375,1,'192.168.0.0'),(5380,16,'2012-05-14',0.00989,1,'192.168.0.0'),(5381,17,'2012-05-14',0.01067,1,'192.168.0.0'),(5382,18,'2012-05-14',0.011888811,1,'192.168.0.0'),(5383,19,'2012-05-14',0.01339,1,'192.168.0.0'),(5384,20,'2012-05-14',0.01491,1,'192.168.0.0'),(5385,21,'2012-05-14',0.016288371,1,'192.168.0.0'),(5386,22,'2012-05-14',0.017488251,1,'192.168.0.0'),(5387,23,'2012-05-14',0.0185,1,'192.168.0.0'),(5388,24,'2012-05-14',0.019388061,1,'192.168.0.0'),(5389,25,'2012-05-14',0.02087,1,'192.168.0.0'),(5390,26,'2012-05-14',0.022237776,1,'192.168.0.0'),(5391,27,'2012-05-14',0.02258,1,'192.168.0.0'),(5392,28,'2012-05-14',0.021967803,1,'192.168.0.0'),(5393,29,'2012-05-14',0.021227877,1,'192.168.0.0'),(5394,30,'2012-05-14',0.0015,1,'192.168.0.0'),(5395,31,'2012-05-14',0.001901,1,'192.168.0.0'),(5396,32,'2012-05-14',0.0021147885,1,'192.168.0.0'),(5397,33,'2012-05-14',0.00238726125,1,'192.168.0.0'),(5398,34,'2012-05-14',0.00344715525,1,'192.168.0.0'),(5399,35,'2012-05-14',0.0046585,1,'192.168.0.0'),(5400,36,'2012-05-14',0.005661,1,'192.168.0.0'),(5401,37,'2012-05-14',0.006469,1,'192.168.0.0'),(5402,38,'2012-05-14',0.007309,1,'192.168.0.0'),(5403,39,'2012-05-14',0.007915,1,'192.168.0.0'),(5404,40,'2012-05-14',0.008447,1,'192.168.0.0'),(5405,41,'2012-05-14',0.00897960195,1,'192.168.0.0'),(5406,42,'2012-05-14',0.0095015,1,'192.168.0.0'),(5407,43,'2012-05-14',0.0100045,1,'192.168.0.0'),(5408,44,'2012-05-14',0.01058844105,1,'192.168.0.0'),(5409,45,'2012-05-14',0.006439356,1,'192.168.0.0'),(5410,46,'2012-05-14',0.00729,1,'192.168.0.0'),(5411,47,'2012-05-14',0.00891,1,'192.168.0.0'),(5412,48,'2012-05-14',0.010868913,1,'192.168.0.0'),(5413,49,'2012-05-14',0.013038696,1,'192.168.0.0'),(5414,50,'2012-05-14',0.014968503,1,'192.168.0.0'),(5415,51,'2012-05-14',0.0167,1,'192.168.0.0'),(5416,52,'2012-05-14',0.01814,1,'192.168.0.0'),(5417,53,'2012-05-14',0.019388061,1,'192.168.0.0'),(5418,54,'2012-05-14',0.023627637,1,'192.168.0.0'),(5419,55,'2012-05-14',0.02528,1,'192.168.0.0'),(5420,56,'2012-05-14',0.026507349,1,'192.168.0.0'),(5421,57,'2012-05-14',0.00551824812,1,'192.168.0.0'),(5422,58,'2012-05-14',0.00576822312,1,'192.168.0.0'),(5423,59,'2012-05-14',0.0060063,1,'192.168.0.0'),(5424,60,'2012-05-14',0.00679312062,1,'192.168.0.0'),(5425,61,'2012-05-14',0.0080241975,1,'192.168.0.0'),(5426,62,'2012-05-14',0.010075,1,'192.168.0.0'),(5427,63,'2012-05-14',0.0111844,1,'192.168.0.0'),(5428,64,'2012-05-14',0.01226627325,1,'192.168.0.0'),(5429,65,'2012-05-14',0.01327677219,1,'192.168.0.0'),(5430,66,'2012-05-14',0.01425047481,1,'192.168.0.0'),(5431,67,'2012-05-14',0.015125,1,'192.168.0.0'),(5432,68,'2012-05-14',0.01606219362,1,'192.168.0.0'),(5433,69,'2012-05-14',0.01695210462,1,'192.168.0.0'),(5434,70,'2012-05-14',0.01776,1,'192.168.0.0'),(5435,71,'2012-05-14',0.018588141,1,'192.168.0.0'),(5436,72,'2012-05-14',0.013738626,1,'192.168.0.0'),(5437,73,'2012-05-14',0.014158584,1,'192.168.0.0'),(5438,74,'2012-05-14',0.014828517,1,'192.168.0.0'),(5439,75,'2012-05-14',0.015748425,1,'192.168.0.0'),(5440,76,'2012-05-14',0.017,1,'192.168.0.0'),(5441,77,'2012-05-14',0.018448155,1,'192.168.0.0'),(5442,78,'2012-05-14',0.01989801,1,'192.168.0.0'),(5443,79,'2012-05-14',0.02133,1,'192.168.0.0'),(5444,80,'2012-05-14',0.02266,1,'192.168.0.0'),(5445,81,'2012-05-14',0.02488,1,'192.168.0.0'),(5446,82,'2012-05-14',0.027117288,1,'192.168.0.0'),(5447,83,'2012-05-14',0.02921,1,'192.168.0.0'),(5448,84,'2012-05-14',0.030306969,1,'192.168.0.0'),(5449,85,'2012-05-14',0.030766923,1,'192.168.0.0'),(5450,86,'2012-05-14',0.0010871,1,'192.168.0.0'),(5451,87,'2012-05-14',0.0011786,1,'192.168.0.0'),(5452,88,'2012-05-14',0.0012514,1,'192.168.0.0'),(5453,89,'2012-05-14',0.0014429,1,'192.168.0.0'),(5454,90,'2012-05-14',0.00157844214,1,'192.168.0.0'),(5455,91,'2012-05-14',0.00195690429,1,'192.168.0.0'),(5456,92,'2012-05-14',0.0023857,1,'192.168.0.0'),(5457,93,'2012-05-14',0.0029371,1,'192.168.0.0'),(5458,94,'2012-05-14',0.0033586,1,'192.168.0.0'),(5459,95,'2012-05-14',0.00385821414,1,'192.168.0.0'),(5460,96,'2012-05-14',0.0043229,1,'192.168.0.0'),(5461,97,'2012-05-14',0.00474382557,1,'192.168.0.0'),(5462,98,'2012-05-14',0.0050157,1,'192.168.0.0'),(5463,99,'2012-05-14',0.00527237271,1,'192.168.0.0'),(5464,100,'2012-05-14',0.00552234771,1,'192.168.0.0'),(5465,101,'2012-05-14',0.00351,1,'192.168.0.0'),(5466,102,'2012-05-14',0.003629637,1,'192.168.0.0'),(5467,103,'2012-05-14',0.00389,1,'192.168.0.0'),(5468,104,'2012-05-14',0.00435,1,'192.168.0.0'),(5469,105,'2012-05-14',0.00501,1,'192.168.0.0'),(5470,106,'2012-05-14',0.00587,1,'192.168.0.0'),(5471,107,'2012-05-14',0.006889311,1,'192.168.0.0'),(5472,108,'2012-05-14',0.007939206,1,'192.168.0.0'),(5473,109,'2012-05-14',0.009,1,'192.168.0.0'),(5474,110,'2012-05-14',0.01098,1,'192.168.0.0'),(5475,111,'2012-05-14',0.01341,1,'192.168.0.0'),(5476,112,'2012-05-14',0.0159,1,'192.168.0.0'),(5477,113,'2012-05-14',0.017028297,1,'192.168.0.0'),(5478,114,'2012-05-14',0.017548245,1,'192.168.0.0'),(5479,115,'2012-05-14',0.018028197,1,'192.168.0.0'),(5480,116,'2012-05-14',0.01849,1,'192.168.0.0'),(5481,117,'2012-05-14',0.0003333,1,'192.168.0.0'),(5482,118,'2012-05-14',0.000449955,1,'192.168.0.0'),(5483,119,'2012-05-14',0.00054164583,1,'192.168.0.0'),(5484,120,'2012-05-14',0.000749925,1,'192.168.0.0'),(5485,121,'2012-05-14',0.0009333,1,'192.168.0.0'),(5486,122,'2012-05-14',0.00111658833,1,'192.168.0.0'),(5487,123,'2012-05-14',0.0013167,1,'192.168.0.0'),(5488,124,'2012-05-14',0.00159984,1,'192.168.0.0'),(5489,125,'2012-05-14',0.00186651333,1,'192.168.0.0'),(5490,126,'2012-05-14',0.00206649333,1,'192.168.0.0'),(5491,127,'2012-05-14',0.00235806417,1,'192.168.0.0'),(5492,128,'2012-05-14',0.0026867,1,'192.168.0.0'),(5493,129,'2012-05-14',0.0030617,1,'192.168.0.0'),(5494,130,'2012-05-14',0.0035033,1,'192.168.0.0'),(5495,131,'2012-05-14',0.0039283,1,'192.168.0.0'),(5496,132,'2012-05-14',0.0014,1,'192.168.0.0'),(5497,133,'2012-05-14',0.001879812,1,'192.168.0.0'),(5498,134,'2012-05-14',0.00265,1,'192.168.0.0'),(5499,135,'2012-05-14',0.0037,1,'192.168.0.0'),(5500,136,'2012-05-14',0.004929507,1,'192.168.0.0'),(5501,137,'2012-05-14',0.00619938,1,'192.168.0.0'),(5502,138,'2012-05-14',0.007329267,1,'192.168.0.0'),(5503,139,'2012-05-14',0.00829917,1,'192.168.0.0'),(5504,140,'2012-05-14',0.00915,1,'192.168.0.0'),(5505,141,'2012-05-14',0.03898,1,'192.168.0.0'),(5506,142,'2012-05-14',0.03959604,1,'192.168.0.0'),(5507,143,'2012-05-14',0.03982,1,'192.168.0.0'),(5508,144,'2012-05-14',0.0402,1,'192.168.0.0'),(5509,145,'2012-05-14',0.041035896,1,'192.168.0.0'),(5510,146,'2012-05-14',0.041815818,1,'192.168.0.0'),(5511,147,'2012-05-14',0.0429,1,'192.168.0.0'),(5512,148,'2012-05-14',0.043715628,1,'192.168.0.0'),(5513,149,'2012-05-14',0.044275572,1,'192.168.0.0'),(5514,150,'2012-05-14',0.04488,1,'192.168.0.0'),(5515,151,'2012-05-14',0.04532,1,'192.168.0.0'),(5516,152,'2012-05-14',0.04584,1,'192.168.0.0'),(5517,153,'2012-05-14',0.04628,1,'192.168.0.0'),(5518,154,'2012-05-14',0.04669533,1,'192.168.0.0'),(5519,155,'2012-05-14',0.047135286,1,'192.168.0.0'),(5520,157,'2012-05-14',0.99998,1,'192.168.0.0'),(5521,158,'2012-05-14',1.00553,1,'192.168.0.0'),(5522,159,'2012-05-14',1.00322,1,'192.168.0.0'),(5523,160,'2012-05-14',1.05783,1,'192.168.0.0'),(5524,161,'2012-05-14',1.05258,1,'192.168.0.0'),(5525,162,'2012-05-14',1.037346255,1,'192.168.0.0'),(5526,163,'2012-05-14',1.18495,1,'192.168.0.0'),(5527,164,'2012-05-14',1.18715,1,'192.168.0.0'),(5528,165,'2012-05-14',1.162863702,1,'192.168.0.0'),(5529,166,'2012-05-14',1.106739315,1,'192.168.0.0'),(5530,167,'2012-05-14',1.056124377,1,'192.168.0.0'),(5531,168,'2012-05-14',1.58295,1,'192.168.0.0'),(5532,169,'2012-05-14',1.506379347,1,'192.168.0.0'),(5533,170,'2012-05-14',1.347615225,1,'192.168.0.0'),(5534,171,'2012-05-14',1.24933,1,'192.168.0.0'),(5535,174,'2012-05-14',0.999850005,1,'192.168.0.0'),(5536,175,'2012-05-14',0.99977,1,'192.168.0.0'),(5537,176,'2012-05-14',0.99945,1,'192.168.0.0'),(5538,177,'2012-05-14',1.022327757,1,'192.168.0.0'),(5539,178,'2012-05-14',1.050944895,1,'192.168.0.0'),(5540,179,'2012-05-14',1.030846905,1,'192.168.0.0'),(5541,180,'2012-05-14',1.04299569,1,'192.168.0.0'),(5542,181,'2012-05-14',1.12398,1,'192.168.0.0'),(5543,182,'2012-05-14',1.12765,1,'192.168.0.0'),(5544,183,'2012-05-14',1.09285,1,'192.168.0.0'),(5545,184,'2012-05-14',0.9937,1,'192.168.0.0'),(5546,185,'2012-05-14',1.042375752,1,'192.168.0.0'),(5547,186,'2012-05-14',1.030126977,1,'192.168.0.0'),(5548,187,'2012-05-14',1.270052982,1,'192.168.0.0'),(5549,188,'2012-05-14',1.20305,1,'192.168.0.0'),(5550,189,'2012-05-14',1.1792,1,'192.168.0.0'),(5551,190,'2012-05-14',1.107919197,1,'192.168.0.0'),(5552,192,'2012-05-14',0.9996,1,'192.168.0.0'),(5553,193,'2012-05-14',0.98908,1,'192.168.0.0'),(5554,194,'2012-05-14',0.966483342,1,'192.168.0.0'),(5555,195,'2012-05-14',0.98555,1,'192.168.0.0'),(5556,196,'2012-05-14',0.99033,1,'192.168.0.0'),(5557,197,'2012-05-14',0.943635627,1,'192.168.0.0'),(5558,198,'2012-05-14',0.96183,1,'192.168.0.0'),(5559,199,'2012-05-14',0.92113,1,'192.168.0.0'),(5560,200,'2012-05-14',0.93227,1,'192.168.0.0'),(5561,201,'2012-05-14',0.91033,1,'192.168.0.0'),(5562,202,'2012-05-14',0.92278,1,'192.168.0.0'),(5563,203,'2012-05-14',0.9587,1,'192.168.0.0'),(5564,204,'2012-05-14',0.936236367,1,'192.168.0.0'),(5565,205,'2012-05-14',0.905259465,1,'192.168.0.0'),(5566,206,'2012-05-14',0.761273865,1,'192.168.0.0'),(5567,207,'2012-05-14',1.009349055,1,'192.168.0.0'),(5568,208,'2012-05-14',0.976682322,1,'192.168.0.0'),(5569,209,'2012-05-14',0.950854905,1,'192.168.0.0'),(5570,210,'2012-05-14',0.885441447,1,'192.168.0.0'),(5571,211,'2012-05-14',0.94510548,1,'192.168.0.0'),(5572,212,'2012-05-14',0.882891702,1,'192.168.0.0'),(5573,213,'2012-05-14',0.88313,1,'192.168.0.0'),(5574,215,'2012-05-14',0.999250065,1,'192.168.0.0'),(5575,216,'2012-05-14',0.99145,1,'192.168.0.0'),(5576,217,'2012-05-14',0.99015,1,'192.168.0.0'),(5577,218,'2012-05-14',1.05428,1,'192.168.0.0'),(5578,219,'2012-05-14',0.96715,1,'192.168.0.0'),(5579,220,'2012-05-14',1.01188,1,'192.168.0.0'),(5580,221,'2012-05-14',0.982581732,1,'192.168.0.0'),(5581,222,'2012-05-14',0.96415,1,'192.168.0.0'),(5582,223,'2012-05-14',0.935236467,1,'192.168.0.0'),(5583,224,'2012-05-14',0.88751124,1,'192.168.0.0'),(5584,225,'2012-05-14',0.954634527,1,'192.168.0.0'),(5585,226,'2012-05-14',0.98405,1,'192.168.0.0'),(5586,227,'2012-05-14',0.876862305,1,'192.168.0.0'),(5587,228,'2012-05-14',0.8621,1,'192.168.0.0'),(5588,230,'2012-05-14',0.99740025,1,'192.168.0.0'),(5589,1,'2012-05-21',0.00253544643,1,'192.168.0.0'),(5590,2,'2012-05-21',0.00273262671,1,'192.168.0.0'),(5591,3,'2012-05-21',0.0028271,1,'192.168.0.0'),(5592,4,'2012-05-21',0.003395,1,'192.168.0.0'),(5593,5,'2012-05-21',0.0042536,1,'192.168.0.0'),(5594,6,'2012-05-21',0.0061,1,'192.168.0.0'),(5595,7,'2012-05-21',0.0071793,1,'192.168.0.0'),(5596,8,'2012-05-21',0.0081007,1,'192.168.0.0'),(5597,9,'2012-05-21',0.0092329,1,'192.168.0.0'),(5598,10,'2012-05-21',0.00984,1,'192.168.0.0'),(5599,11,'2012-05-21',0.0104029,1,'192.168.0.0'),(5600,12,'2012-05-21',0.0108843,1,'192.168.0.0'),(5601,13,'2012-05-21',0.01139816007,1,'192.168.0.0'),(5602,14,'2012-05-21',0.0118879,1,'192.168.0.0'),(5603,15,'2012-05-21',0.01248085179,1,'192.168.0.0'),(5604,16,'2012-05-21',0.009959004,1,'192.168.0.0'),(5605,17,'2012-05-21',0.010868913,1,'192.168.0.0'),(5606,18,'2012-05-21',0.012208779,1,'192.168.0.0'),(5607,19,'2012-05-21',0.013738626,1,'192.168.0.0'),(5608,20,'2012-05-21',0.01529847,1,'192.168.0.0'),(5609,21,'2012-05-21',0.01668,1,'192.168.0.0'),(5610,22,'2012-05-21',0.017878212,1,'192.168.0.0'),(5611,23,'2012-05-21',0.0189,1,'192.168.0.0'),(5612,24,'2012-05-21',0.01981,1,'192.168.0.0'),(5613,25,'2012-05-21',0.021337866,1,'192.168.0.0'),(5614,26,'2012-05-21',0.022767723,1,'192.168.0.0'),(5615,27,'2012-05-21',0.023137686,1,'192.168.0.0'),(5616,28,'2012-05-21',0.022627737,1,'192.168.0.0'),(5617,29,'2012-05-21',0.02201,1,'192.168.0.0'),(5618,30,'2012-05-21',0.0015548445,1,'192.168.0.0'),(5619,31,'2012-05-21',0.0019158084,1,'192.168.0.0'),(5620,32,'2012-05-21',0.00213728625,1,'192.168.0.0'),(5621,33,'2012-05-21',0.0023975,1,'192.168.0.0'),(5622,34,'2012-05-21',0.0034575,1,'192.168.0.0'),(5623,35,'2012-05-21',0.00466803315,1,'192.168.0.0'),(5624,36,'2012-05-21',0.0056704329,1,'192.168.0.0'),(5625,37,'2012-05-21',0.0064965,1,'192.168.0.0'),(5626,38,'2012-05-21',0.007364,1,'192.168.0.0'),(5627,39,'2012-05-21',0.007975,1,'192.168.0.0'),(5628,40,'2012-05-21',0.0085211478,1,'192.168.0.0'),(5629,41,'2012-05-21',0.0090805,1,'192.168.0.0'),(5630,42,'2012-05-21',0.00961053885,1,'192.168.0.0'),(5631,43,'2012-05-21',0.01011348855,1,'192.168.0.0'),(5632,44,'2012-05-21',0.0106909308,1,'192.168.0.0'),(5633,45,'2012-05-21',0.006379362,1,'192.168.0.0'),(5634,46,'2012-05-21',0.007369263,1,'192.168.0.0'),(5635,47,'2012-05-21',0.008989101,1,'192.168.0.0'),(5636,48,'2012-05-21',0.010858914,1,'192.168.0.0'),(5637,49,'2012-05-21',0.01284,1,'192.168.0.0'),(5638,50,'2012-05-21',0.01459,1,'192.168.0.0'),(5639,51,'2012-05-21',0.016138386,1,'192.168.0.0'),(5640,52,'2012-05-21',0.017468253,1,'192.168.0.0'),(5641,53,'2012-05-21',0.018608139,1,'192.168.0.0'),(5642,54,'2012-05-21',0.022467753,1,'192.168.0.0'),(5643,55,'2012-05-21',0.02398,1,'192.168.0.0'),(5644,56,'2012-05-21',0.025067493,1,'192.168.0.0'),(5645,57,'2012-05-21',0.00551824812,1,'192.168.0.0'),(5646,58,'2012-05-21',0.00576822312,1,'192.168.0.0'),(5647,59,'2012-05-21',0.00600569937,1,'192.168.0.0'),(5648,60,'2012-05-21',0.006775,1,'192.168.0.0'),(5649,61,'2012-05-21',0.0079992,1,'192.168.0.0'),(5650,62,'2012-05-21',0.01005,1,'192.168.0.0'),(5651,63,'2012-05-21',0.0111594,1,'192.168.0.0'),(5652,64,'2012-05-21',0.0122425,1,'192.168.0.0'),(5653,65,'2012-05-21',0.01325,1,'192.168.0.0'),(5654,66,'2012-05-21',0.0142035795,1,'192.168.0.0'),(5655,67,'2012-05-21',0.0150875,1,'192.168.0.0'),(5656,68,'2012-05-21',0.01601529831,1,'192.168.0.0'),(5657,69,'2012-05-21',0.0169069,1,'192.168.0.0'),(5658,70,'2012-05-21',0.0177069,1,'192.168.0.0'),(5659,71,'2012-05-21',0.01854124569,1,'192.168.0.0'),(5660,72,'2012-05-21',0.01311,1,'192.168.0.0'),(5661,73,'2012-05-21',0.013358664,1,'192.168.0.0'),(5662,74,'2012-05-21',0.014048595,1,'192.168.0.0'),(5663,75,'2012-05-21',0.01506,1,'192.168.0.0'),(5664,76,'2012-05-21',0.01635,1,'192.168.0.0'),(5665,77,'2012-05-21',0.01785,1,'192.168.0.0'),(5666,78,'2012-05-21',0.01944,1,'192.168.0.0'),(5667,79,'2012-05-21',0.020957904,1,'192.168.0.0'),(5668,80,'2012-05-21',0.022377762,1,'192.168.0.0'),(5669,81,'2012-05-21',0.02458,1,'192.168.0.0'),(5670,82,'2012-05-21',0.026727327,1,'192.168.0.0'),(5671,83,'2012-05-21',0.02869713,1,'192.168.0.0'),(5672,84,'2012-05-21',0.029727027,1,'192.168.0.0'),(5673,85,'2012-05-21',0.03009,1,'192.168.0.0'),(5674,86,'2012-05-21',0.00108699129,1,'192.168.0.0'),(5675,87,'2012-05-21',0.001179882,1,'192.168.0.0'),(5676,88,'2012-05-21',0.00125127486,1,'192.168.0.0'),(5677,89,'2012-05-21',0.0014429,1,'192.168.0.0'),(5678,90,'2012-05-21',0.0015786,1,'192.168.0.0'),(5679,91,'2012-05-21',0.00195690429,1,'192.168.0.0'),(5680,92,'2012-05-21',0.0023857,1,'192.168.0.0'),(5681,93,'2012-05-21',0.00293680629,1,'192.168.0.0'),(5682,94,'2012-05-21',0.00335826414,1,'192.168.0.0'),(5683,95,'2012-05-21',0.0038586,1,'192.168.0.0'),(5684,96,'2012-05-21',0.00432246771,1,'192.168.0.0'),(5685,97,'2012-05-21',0.00474382557,1,'192.168.0.0'),(5686,98,'2012-05-21',0.0050157,1,'192.168.0.0'),(5687,99,'2012-05-21',0.0052729,1,'192.168.0.0'),(5688,100,'2012-05-21',0.0055229,1,'192.168.0.0'),(5689,101,'2012-05-21',0.003509649,1,'192.168.0.0'),(5690,102,'2012-05-21',0.00363,1,'192.168.0.0'),(5691,103,'2012-05-21',0.003849615,1,'192.168.0.0'),(5692,104,'2012-05-21',0.004259574,1,'192.168.0.0'),(5693,105,'2012-05-21',0.004879512,1,'192.168.0.0'),(5694,106,'2012-05-21',0.00569,1,'192.168.0.0'),(5695,107,'2012-05-21',0.00661,1,'192.168.0.0'),(5696,108,'2012-05-21',0.00759,1,'192.168.0.0'),(5697,109,'2012-05-21',0.00856,1,'192.168.0.0'),(5698,110,'2012-05-21',0.010388961,1,'192.168.0.0'),(5699,111,'2012-05-21',0.012658734,1,'192.168.0.0'),(5700,112,'2012-05-21',0.01498,1,'192.168.0.0'),(5701,113,'2012-05-21',0.01589841,1,'192.168.0.0'),(5702,114,'2012-05-21',0.016278372,1,'192.168.0.0'),(5703,115,'2012-05-21',0.01668,1,'192.168.0.0'),(5704,116,'2012-05-21',0.01708,1,'192.168.0.0'),(5705,117,'2012-05-21',0.00028327167,1,'192.168.0.0'),(5706,118,'2012-05-21',0.0003833,1,'192.168.0.0'),(5707,119,'2012-05-21',0.0005,1,'192.168.0.0'),(5708,120,'2012-05-21',0.0007167,1,'192.168.0.0'),(5709,121,'2012-05-21',0.000949905,1,'192.168.0.0'),(5710,122,'2012-05-21',0.0011333,1,'192.168.0.0'),(5711,123,'2012-05-21',0.0013167,1,'192.168.0.0'),(5712,124,'2012-05-21',0.0016,1,'192.168.0.0'),(5713,125,'2012-05-21',0.0018667,1,'192.168.0.0'),(5714,126,'2012-05-21',0.0020667,1,'192.168.0.0'),(5715,127,'2012-05-21',0.00235806417,1,'192.168.0.0'),(5716,128,'2012-05-21',0.00268643133,1,'192.168.0.0'),(5717,129,'2012-05-21',0.00306139383,1,'192.168.0.0'),(5718,130,'2012-05-21',0.0035033,1,'192.168.0.0'),(5719,131,'2012-05-21',0.00392790717,1,'192.168.0.0'),(5720,132,'2012-05-21',0.00115,1,'192.168.0.0'),(5721,133,'2012-05-21',0.001749825,1,'192.168.0.0'),(5722,134,'2012-05-21',0.00265,1,'192.168.0.0'),(5723,135,'2012-05-21',0.00382,1,'192.168.0.0'),(5724,136,'2012-05-21',0.005149485,1,'192.168.0.0'),(5725,137,'2012-05-21',0.00648,1,'192.168.0.0'),(5726,138,'2012-05-21',0.007649235,1,'192.168.0.0'),(5727,139,'2012-05-21',0.008679132,1,'192.168.0.0'),(5728,140,'2012-05-21',0.009569043,1,'192.168.0.0'),(5729,141,'2012-05-21',0.039276072,1,'192.168.0.0'),(5730,142,'2012-05-21',0.03959604,1,'192.168.0.0'),(5731,143,'2012-05-21',0.03984,1,'192.168.0.0'),(5732,144,'2012-05-21',0.04004,1,'192.168.0.0'),(5733,145,'2012-05-21',0.040615938,1,'192.168.0.0'),(5734,146,'2012-05-21',0.041415858,1,'192.168.0.0'),(5735,147,'2012-05-21',0.04238,1,'192.168.0.0'),(5736,148,'2012-05-21',0.043175682,1,'192.168.0.0'),(5737,149,'2012-05-21',0.043735626,1,'192.168.0.0'),(5738,150,'2012-05-21',0.04429557,1,'192.168.0.0'),(5739,151,'2012-05-21',0.04472,1,'192.168.0.0'),(5740,152,'2012-05-21',0.04512,1,'192.168.0.0'),(5741,153,'2012-05-21',0.04559544,1,'192.168.0.0'),(5742,154,'2012-05-21',0.04609539,1,'192.168.0.0'),(5743,155,'2012-05-21',0.04666,1,'192.168.0.0'),(5744,157,'2012-05-21',1,1,'192.168.0.0'),(5745,158,'2012-05-21',1.005449445,1,'192.168.0.0'),(5746,159,'2012-05-21',1.003229667,1,'192.168.0.0'),(5747,160,'2012-05-21',1.05765,1,'192.168.0.0'),(5748,161,'2012-05-21',1.052644725,1,'192.168.0.0'),(5749,162,'2012-05-21',1.03765,1,'192.168.0.0'),(5750,163,'2012-05-21',1.18512,1,'192.168.0.0'),(5751,164,'2012-05-21',1.187501238,1,'192.168.0.0'),(5752,165,'2012-05-21',1.16308368,1,'192.168.0.0'),(5753,166,'2012-05-21',1.108,1,'192.168.0.0'),(5754,167,'2012-05-21',1.05868,1,'192.168.0.0'),(5755,168,'2012-05-21',1.589021082,1,'192.168.0.0'),(5756,169,'2012-05-21',1.515698415,1,'192.168.0.0'),(5757,170,'2012-05-21',1.357514235,1,'192.168.0.0'),(5758,171,'2012-05-21',1.26113,1,'192.168.0.0'),(5759,174,'2012-05-21',0.999850005,1,'192.168.0.0'),(5760,175,'2012-05-21',0.99970002,1,'192.168.0.0'),(5761,176,'2012-05-21',0.99953,1,'192.168.0.0'),(5762,177,'2012-05-21',1.0229,1,'192.168.0.0'),(5763,178,'2012-05-21',1.052244765,1,'192.168.0.0'),(5764,179,'2012-05-21',1.032776712,1,'192.168.0.0'),(5765,180,'2012-05-21',1.04448,1,'192.168.0.0'),(5766,181,'2012-05-21',1.12528,1,'192.168.0.0'),(5767,182,'2012-05-21',1.128537135,1,'192.168.0.0'),(5768,183,'2012-05-21',1.09299069,1,'192.168.0.0'),(5769,184,'2012-05-21',0.992950695,1,'192.168.0.0'),(5770,185,'2012-05-21',1.04088,1,'192.168.0.0'),(5771,186,'2012-05-21',1.02663,1,'192.168.0.0'),(5772,187,'2012-05-21',1.264123575,1,'192.168.0.0'),(5773,188,'2012-05-21',1.1982,1,'192.168.0.0'),(5774,189,'2012-05-21',1.17328266,1,'192.168.0.0'),(5775,190,'2012-05-21',1.1013,1,'192.168.0.0'),(5776,192,'2012-05-21',0.999580032,1,'192.168.0.0'),(5777,193,'2012-05-21',0.98913,1,'192.168.0.0'),(5778,194,'2012-05-21',0.96473,1,'192.168.0.0'),(5779,195,'2012-05-21',0.98223,1,'192.168.0.0'),(5780,196,'2012-05-21',0.986081382,1,'192.168.0.0'),(5781,197,'2012-05-21',0.936986292,1,'192.168.0.0'),(5782,198,'2012-05-21',0.95605,1,'192.168.0.0'),(5783,199,'2012-05-21',0.91623,1,'192.168.0.0'),(5784,200,'2012-05-21',0.92855,1,'192.168.0.0'),(5785,201,'2012-05-21',0.90658,1,'192.168.0.0'),(5786,202,'2012-05-21',0.91975,1,'192.168.0.0'),(5787,203,'2012-05-21',0.95563,1,'192.168.0.0'),(5788,204,'2012-05-21',0.93618,1,'192.168.0.0'),(5789,205,'2012-05-21',0.90525,1,'192.168.0.0'),(5790,206,'2012-05-21',0.76342365,1,'192.168.0.0'),(5791,207,'2012-05-21',1.00259973,1,'192.168.0.0'),(5792,208,'2012-05-21',0.95718,1,'192.168.0.0'),(5793,209,'2012-05-21',0.921287862,1,'192.168.0.0'),(5794,210,'2012-05-21',0.859144077,1,'192.168.0.0'),(5795,211,'2012-05-21',0.919588032,1,'192.168.0.0'),(5796,212,'2012-05-21',0.8593,1,'192.168.0.0'),(5797,213,'2012-05-21',0.8513,1,'192.168.0.0'),(5798,215,'2012-05-21',0.999230067,1,'192.168.0.0'),(5799,216,'2012-05-21',0.98913,1,'192.168.0.0'),(5800,217,'2012-05-21',0.984851505,1,'192.168.0.0'),(5801,218,'2012-05-21',1.0448,1,'192.168.0.0'),(5802,219,'2012-05-21',0.95710428,1,'192.168.0.0'),(5803,220,'2012-05-21',1.0013,1,'192.168.0.0'),(5804,221,'2012-05-21',0.9718,1,'192.168.0.0'),(5805,222,'2012-05-21',0.95435,1,'192.168.0.0'),(5806,223,'2012-05-21',0.926737317,1,'192.168.0.0'),(5807,224,'2012-05-21',0.880961895,1,'192.168.0.0'),(5808,225,'2012-05-21',0.94833,1,'192.168.0.0'),(5809,226,'2012-05-21',0.99155,1,'192.168.0.0'),(5810,227,'2012-05-21',0.882691722,1,'192.168.0.0'),(5811,228,'2012-05-21',0.8692,1,'192.168.0.0'),(5812,230,'2012-05-21',0.998030187,1,'192.168.0.0'),(5813,1,'2012-05-25',0.0025747425,1,'192.168.0.0'),(5814,2,'2012-05-25',0.00271402857,1,'192.168.0.0'),(5815,3,'2012-05-25',0.0028129,1,'192.168.0.0'),(5816,4,'2012-05-25',0.0033357,1,'192.168.0.0'),(5817,5,'2012-05-25',0.00418528143,1,'192.168.0.0'),(5818,6,'2012-05-25',0.0060164,1,'192.168.0.0'),(5819,7,'2012-05-25',0.00706639329,1,'192.168.0.0'),(5820,8,'2012-05-25',0.0079586,1,'192.168.0.0'),(5821,9,'2012-05-25',0.0090921,1,'192.168.0.0'),(5822,10,'2012-05-25',0.0096979,1,'192.168.0.0'),(5823,11,'2012-05-25',0.0102739725,1,'192.168.0.0'),(5824,12,'2012-05-25',0.0107043,1,'192.168.0.0'),(5825,13,'2012-05-25',0.0112557,1,'192.168.0.0'),(5826,14,'2012-05-25',0.01172522736,1,'192.168.0.0'),(5827,15,'2012-05-25',0.01235946393,1,'192.168.0.0'),(5828,16,'2012-05-25',0.009049095,1,'192.168.0.0'),(5829,17,'2012-05-25',0.009869013,1,'192.168.0.0'),(5830,18,'2012-05-25',0.0112,1,'192.168.0.0'),(5831,19,'2012-05-25',0.012748725,1,'192.168.0.0'),(5832,20,'2012-05-25',0.01431,1,'192.168.0.0'),(5833,21,'2012-05-25',0.015688431,1,'192.168.0.0'),(5834,22,'2012-05-25',0.016888311,1,'192.168.0.0'),(5835,23,'2012-05-25',0.01792,1,'192.168.0.0'),(5836,24,'2012-05-25',0.0188,1,'192.168.0.0'),(5837,25,'2012-05-25',0.02019798,1,'192.168.0.0'),(5838,26,'2012-05-25',0.02144,1,'192.168.0.0'),(5839,27,'2012-05-25',0.021667833,1,'192.168.0.0'),(5840,28,'2012-05-25',0.021157884,1,'192.168.0.0'),(5841,29,'2012-05-25',0.02059,1,'192.168.0.0'),(5842,30,'2012-05-25',0.001529847,1,'192.168.0.0'),(5843,31,'2012-05-25',0.0019058094,1,'192.168.0.0'),(5844,32,'2012-05-25',0.0021375,1,'192.168.0.0'),(5845,33,'2012-05-25',0.00238726125,1,'192.168.0.0'),(5846,34,'2012-05-25',0.00345715425,1,'192.168.0.0'),(5847,35,'2012-05-25',0.00466803315,1,'192.168.0.0'),(5848,36,'2012-05-25',0.0056704329,1,'192.168.0.0'),(5849,37,'2012-05-25',0.0064965,1,'192.168.0.0'),(5850,38,'2012-05-25',0.0073632636,1,'192.168.0.0'),(5851,39,'2012-05-25',0.0079842015,1,'192.168.0.0'),(5852,40,'2012-05-25',0.008522,1,'192.168.0.0'),(5853,41,'2012-05-25',0.0090805,1,'192.168.0.0'),(5854,42,'2012-05-25',0.0096115,1,'192.168.0.0'),(5855,43,'2012-05-25',0.0101145,1,'192.168.0.0'),(5856,44,'2012-05-25',0.010692,1,'192.168.0.0'),(5857,45,'2012-05-25',0.00636,1,'192.168.0.0'),(5858,46,'2012-05-25',0.00733,1,'192.168.0.0'),(5859,47,'2012-05-25',0.00897,1,'192.168.0.0'),(5860,48,'2012-05-25',0.010918908,1,'192.168.0.0'),(5861,49,'2012-05-25',0.0129,1,'192.168.0.0'),(5862,50,'2012-05-25',0.01474,1,'192.168.0.0'),(5863,51,'2012-05-25',0.016288371,1,'192.168.0.0'),(5864,52,'2012-05-25',0.01763,1,'192.168.0.0'),(5865,53,'2012-05-25',0.01882,1,'192.168.0.0'),(5866,54,'2012-05-25',0.02283,1,'192.168.0.0'),(5867,55,'2012-05-25',0.02444,1,'192.168.0.0'),(5868,56,'2012-05-25',0.02561,1,'192.168.0.0'),(5869,57,'2012-05-25',0.00550574937,1,'192.168.0.0'),(5870,58,'2012-05-25',0.0057563,1,'192.168.0.0'),(5871,59,'2012-05-25',0.005975,1,'192.168.0.0'),(5872,60,'2012-05-25',0.0067243275,1,'192.168.0.0'),(5873,61,'2012-05-25',0.00793670625,1,'192.168.0.0'),(5874,62,'2012-05-25',0.0099740025,1,'192.168.0.0'),(5875,63,'2012-05-25',0.0110656,1,'192.168.0.0'),(5876,64,'2012-05-25',0.0121563,1,'192.168.0.0'),(5877,65,'2012-05-25',0.0131688,1,'192.168.0.0'),(5878,66,'2012-05-25',0.01413,1,'192.168.0.0'),(5879,67,'2012-05-25',0.0149985,1,'192.168.0.0'),(5880,68,'2012-05-25',0.01590280956,1,'192.168.0.0'),(5881,69,'2012-05-25',0.0168006,1,'192.168.0.0'),(5882,70,'2012-05-25',0.01759883994,1,'192.168.0.0'),(5883,71,'2012-05-25',0.01842255756,1,'192.168.0.0'),(5884,72,'2012-05-25',0.01225,1,'192.168.0.0'),(5885,73,'2012-05-25',0.012558744,1,'192.168.0.0'),(5886,74,'2012-05-25',0.01321,1,'192.168.0.0'),(5887,75,'2012-05-25',0.01425,1,'192.168.0.0'),(5888,76,'2012-05-25',0.01557,1,'192.168.0.0'),(5889,77,'2012-05-25',0.0171,1,'192.168.0.0'),(5890,78,'2012-05-25',0.018678132,1,'192.168.0.0'),(5891,79,'2012-05-25',0.02018,1,'192.168.0.0'),(5892,80,'2012-05-25',0.021567843,1,'192.168.0.0'),(5893,81,'2012-05-25',0.023817618,1,'192.168.0.0'),(5894,82,'2012-05-25',0.026017398,1,'192.168.0.0'),(5895,83,'2012-05-25',0.028047195,1,'192.168.0.0'),(5896,84,'2012-05-25',0.02903,1,'192.168.0.0'),(5897,85,'2012-05-25',0.0294,1,'192.168.0.0'),(5898,86,'2012-05-25',0.0010871,1,'192.168.0.0'),(5899,87,'2012-05-25',0.00118,1,'192.168.0.0'),(5900,88,'2012-05-25',0.0012514,1,'192.168.0.0'),(5901,89,'2012-05-25',0.0014429,1,'192.168.0.0'),(5902,90,'2012-05-25',0.0015786,1,'192.168.0.0'),(5903,91,'2012-05-25',0.00195690429,1,'192.168.0.0'),(5904,92,'2012-05-25',0.0023857,1,'192.168.0.0'),(5905,93,'2012-05-25',0.0029371,1,'192.168.0.0'),(5906,94,'2012-05-25',0.00335826414,1,'192.168.0.0'),(5907,95,'2012-05-25',0.00385821414,1,'192.168.0.0'),(5908,96,'2012-05-25',0.0043229,1,'192.168.0.0'),(5909,97,'2012-05-25',0.0047443,1,'192.168.0.0'),(5910,98,'2012-05-25',0.0050157,1,'192.168.0.0'),(5911,99,'2012-05-25',0.0052729,1,'192.168.0.0'),(5912,100,'2012-05-25',0.00552234771,1,'192.168.0.0'),(5913,101,'2012-05-25',0.003479652,1,'192.168.0.0'),(5914,102,'2012-05-25',0.003589641,1,'192.168.0.0'),(5915,103,'2012-05-25',0.00386,1,'192.168.0.0'),(5916,104,'2012-05-25',0.00433,1,'192.168.0.0'),(5917,105,'2012-05-25',0.005,1,'192.168.0.0'),(5918,106,'2012-05-25',0.005879412,1,'192.168.0.0'),(5919,107,'2012-05-25',0.006879312,1,'192.168.0.0'),(5920,108,'2012-05-25',0.00789921,1,'192.168.0.0'),(5921,109,'2012-05-25',0.00893,1,'192.168.0.0'),(5922,110,'2012-05-25',0.01086,1,'192.168.0.0'),(5923,111,'2012-05-25',0.013228677,1,'192.168.0.0'),(5924,112,'2012-05-25',0.01564,1,'192.168.0.0'),(5925,113,'2012-05-25',0.016548345,1,'192.168.0.0'),(5926,114,'2012-05-25',0.01689831,1,'192.168.0.0'),(5927,115,'2012-05-25',0.017278272,1,'192.168.0.0'),(5928,116,'2012-05-25',0.017668233,1,'192.168.0.0'),(5929,117,'2012-05-25',0.0002167,1,'192.168.0.0'),(5930,118,'2012-05-25',0.00029997,1,'192.168.0.0'),(5931,119,'2012-05-25',0.0004167,1,'192.168.0.0'),(5932,120,'2012-05-25',0.0006167,1,'192.168.0.0'),(5933,121,'2012-05-25',0.0009167,1,'192.168.0.0'),(5934,122,'2012-05-25',0.00113318667,1,'192.168.0.0'),(5935,123,'2012-05-25',0.00131656833,1,'192.168.0.0'),(5936,124,'2012-05-25',0.00159984,1,'192.168.0.0'),(5937,125,'2012-05-25',0.00186651333,1,'192.168.0.0'),(5938,126,'2012-05-25',0.00206649333,1,'192.168.0.0'),(5939,127,'2012-05-25',0.00235806417,1,'192.168.0.0'),(5940,128,'2012-05-25',0.00268643133,1,'192.168.0.0'),(5941,129,'2012-05-25',0.00306139383,1,'192.168.0.0'),(5942,130,'2012-05-25',0.00350294967,1,'192.168.0.0'),(5943,131,'2012-05-25',0.00392790717,1,'192.168.0.0'),(5944,132,'2012-05-25',0.001,1,'192.168.0.0'),(5945,133,'2012-05-25',0.001539846,1,'192.168.0.0'),(5946,134,'2012-05-25',0.00243,1,'192.168.0.0'),(5947,135,'2012-05-25',0.003579642,1,'192.168.0.0'),(5948,136,'2012-05-25',0.004989501,1,'192.168.0.0'),(5949,137,'2012-05-25',0.006389361,1,'192.168.0.0'),(5950,138,'2012-05-25',0.00762,1,'192.168.0.0'),(5951,139,'2012-05-25',0.00869913,1,'192.168.0.0'),(5952,140,'2012-05-25',0.00967,1,'192.168.0.0'),(5953,141,'2012-05-25',0.03904,1,'192.168.0.0'),(5954,142,'2012-05-25',0.03956,1,'192.168.0.0'),(5955,143,'2012-05-25',0.039816018,1,'192.168.0.0'),(5956,144,'2012-05-25',0.039956004,1,'192.168.0.0'),(5957,145,'2012-05-25',0.040475952,1,'192.168.0.0'),(5958,146,'2012-05-25',0.04129587,1,'192.168.0.0'),(5959,147,'2012-05-25',0.04214,1,'192.168.0.0'),(5960,148,'2012-05-25',0.042875712,1,'192.168.0.0'),(5961,149,'2012-05-25',0.043415658,1,'192.168.0.0'),(5962,150,'2012-05-25',0.04394,1,'192.168.0.0'),(5963,151,'2012-05-25',0.04434,1,'192.168.0.0'),(5964,152,'2012-05-25',0.044835516,1,'192.168.0.0'),(5965,153,'2012-05-25',0.045275472,1,'192.168.0.0'),(5966,154,'2012-05-25',0.045775422,1,'192.168.0.0'),(5967,155,'2012-05-25',0.04634,1,'192.168.0.0'),(5968,157,'2012-05-25',1,1,'192.168.0.0'),(5969,158,'2012-05-25',1.00538,1,'192.168.0.0'),(5970,159,'2012-05-25',1.00339965,1,'192.168.0.0'),(5971,160,'2012-05-25',1.057574232,1,'192.168.0.0'),(5972,161,'2012-05-25',1.053374652,1,'192.168.0.0'),(5973,162,'2012-05-25',1.039046085,1,'192.168.0.0'),(5974,163,'2012-05-25',1.1876,1,'192.168.0.0'),(5975,164,'2012-05-25',1.19058,1,'192.168.0.0'),(5976,165,'2012-05-25',1.166713317,1,'192.168.0.0'),(5977,166,'2012-05-25',1.1125,1,'192.168.0.0'),(5978,167,'2012-05-25',1.06419357,1,'192.168.0.0'),(5979,168,'2012-05-25',1.604289555,1,'192.168.0.0'),(5980,169,'2012-05-25',1.53554643,1,'192.168.0.0'),(5981,170,'2012-05-25',1.381611825,1,'192.168.0.0'),(5982,171,'2012-05-25',1.289421045,1,'192.168.0.0'),(5983,174,'2012-05-25',0.999850005,1,'192.168.0.0'),(5984,175,'2012-05-25',0.99985,1,'192.168.0.0'),(5985,176,'2012-05-25',0.999550035,1,'192.168.0.0'),(5986,177,'2012-05-25',1.023417648,1,'192.168.0.0'),(5987,178,'2012-05-25',1.055074482,1,'192.168.0.0'),(5988,179,'2012-05-25',1.03948,1,'192.168.0.0'),(5989,180,'2012-05-25',1.055914398,1,'192.168.0.0'),(5990,181,'2012-05-25',1.141915797,1,'192.168.0.0'),(5991,182,'2012-05-25',1.14858,1,'192.168.0.0'),(5992,183,'2012-05-25',1.11635,1,'192.168.0.0'),(5993,184,'2012-05-25',1.01799819,1,'192.168.0.0'),(5994,185,'2012-05-25',1.06982,1,'192.168.0.0'),(5995,186,'2012-05-25',1.064473542,1,'192.168.0.0'),(5996,187,'2012-05-25',1.311938793,1,'192.168.0.0'),(5997,188,'2012-05-25',1.256024385,1,'192.168.0.0'),(5998,189,'2012-05-25',1.24107,1,'192.168.0.0'),(5999,190,'2012-05-25',1.18542,1,'192.168.0.0'),(6000,192,'2012-05-25',0.999650025,1,'192.168.0.0'),(6001,193,'2012-05-25',0.989581032,1,'192.168.0.0'),(6002,194,'2012-05-25',0.966353355,1,'192.168.0.0'),(6003,195,'2012-05-25',0.982081782,1,'192.168.0.0'),(6004,196,'2012-05-25',0.98403,1,'192.168.0.0'),(6005,197,'2012-05-25',0.931136877,1,'192.168.0.0'),(6006,198,'2012-05-25',0.94982,1,'192.168.0.0'),(6007,199,'2012-05-25',0.910038987,1,'192.168.0.0'),(6008,200,'2012-05-25',0.92278,1,'192.168.0.0'),(6009,201,'2012-05-25',0.90102,1,'192.168.0.0'),(6010,202,'2012-05-25',0.9164,1,'192.168.0.0'),(6011,203,'2012-05-25',0.951584832,1,'192.168.0.0'),(6012,204,'2012-05-25',0.937236267,1,'192.168.0.0'),(6013,205,'2012-05-25',0.90663,1,'192.168.0.0'),(6014,206,'2012-05-25',0.76272372,1,'192.168.0.0'),(6015,207,'2012-05-25',1.003579632,1,'192.168.0.0'),(6016,208,'2012-05-25',0.960753915,1,'192.168.0.0'),(6017,209,'2012-05-25',0.92223,1,'192.168.0.0'),(6018,210,'2012-05-25',0.861993792,1,'192.168.0.0'),(6019,211,'2012-05-25',0.92240775,1,'192.168.0.0'),(6020,212,'2012-05-25',0.864443547,1,'192.168.0.0'),(6021,213,'2012-05-25',0.85355,1,'192.168.0.0'),(6022,215,'2012-05-25',0.9995,1,'192.168.0.0'),(6023,216,'2012-05-25',0.98933,1,'192.168.0.0'),(6024,217,'2012-05-25',0.986,1,'192.168.0.0'),(6025,218,'2012-05-25',1.04475,1,'192.168.0.0'),(6026,219,'2012-05-25',0.95758,1,'192.168.0.0'),(6027,220,'2012-05-25',1.00133,1,'192.168.0.0'),(6028,221,'2012-05-25',0.972782712,1,'192.168.0.0'),(6029,222,'2012-05-25',0.95673,1,'192.168.0.0'),(6030,223,'2012-05-25',0.931486842,1,'192.168.0.0'),(6031,224,'2012-05-25',0.887691222,1,'192.168.0.0'),(6032,225,'2012-05-25',0.95703,1,'192.168.0.0'),(6033,226,'2012-05-25',0.9911,1,'192.168.0.0'),(6034,227,'2012-05-25',0.8819118,1,'192.168.0.0'),(6035,228,'2012-05-25',0.868563135,1,'192.168.0.0'),(6036,230,'2012-05-25',0.99813,1,'192.168.0.0'),(6037,1,'2012-07-12',0.00064423557,1,'192.168.0.0'),(6038,2,'2012-07-12',0.0008714,1,'192.168.0.0'),(6039,3,'2012-07-12',0.00102849714,1,'192.168.0.0'),(6040,4,'2012-07-12',0.0014857,1,'192.168.0.0'),(6041,5,'2012-07-12',0.0023043,1,'192.168.0.0'),(6042,6,'2012-07-12',0.00384601536,1,'192.168.0.0'),(6043,7,'2012-07-12',0.0048857,1,'192.168.0.0'),(6044,8,'2012-07-12',0.00587801214,1,'192.168.0.0'),(6045,9,'2012-07-12',0.00688291164,1,'192.168.0.0'),(6046,10,'2012-07-12',0.00753214671,1,'192.168.0.0'),(6047,11,'2012-07-12',0.00815128479,1,'192.168.0.0'),(6048,12,'2012-07-12',0.0087121,1,'192.168.0.0'),(6049,13,'2012-07-12',0.0092221,1,'192.168.0.0'),(6050,14,'2012-07-12',0.00968,1,'192.168.0.0'),(6051,15,'2012-07-12',0.010265,1,'192.168.0.0'),(6052,16,'2012-07-12',0.00719928,1,'192.168.0.0'),(6053,17,'2012-07-12',0.00794,1,'192.168.0.0'),(6054,18,'2012-07-12',0.00929907,1,'192.168.0.0'),(6055,19,'2012-07-12',0.011,1,'192.168.0.0'),(6056,20,'2012-07-12',0.0127,1,'192.168.0.0'),(6057,21,'2012-07-12',0.01419858,1,'192.168.0.0'),(6058,22,'2012-07-12',0.0155,1,'192.168.0.0'),(6059,23,'2012-07-12',0.016628337,1,'192.168.0.0'),(6060,24,'2012-07-12',0.01764,1,'192.168.0.0'),(6061,25,'2012-07-12',0.01939806,1,'192.168.0.0'),(6062,26,'2012-07-12',0.021007899,1,'192.168.0.0'),(6063,27,'2012-07-12',0.02149785,1,'192.168.0.0'),(6064,28,'2012-07-12',0.021677832,1,'192.168.0.0'),(6065,29,'2012-07-12',0.021847815,1,'192.168.0.0'),(6066,30,'2012-07-12',0.00169,1,'192.168.0.0'),(6067,31,'2012-07-12',0.0019958004,1,'192.168.0.0'),(6068,32,'2012-07-12',0.0022125,1,'192.168.0.0'),(6069,33,'2012-07-12',0.00248725125,1,'192.168.0.0'),(6070,34,'2012-07-12',0.00340715925,1,'192.168.0.0'),(6071,35,'2012-07-12',0.0045505449,1,'192.168.0.0'),(6072,36,'2012-07-12',0.0055404459,1,'192.168.0.0'),(6073,37,'2012-07-12',0.0064315,1,'192.168.0.0'),(6074,38,'2012-07-12',0.007294,1,'192.168.0.0'),(6075,39,'2012-07-12',0.007965,1,'192.168.0.0'),(6076,40,'2012-07-12',0.0085011498,1,'192.168.0.0'),(6077,41,'2012-07-12',0.0090675,1,'192.168.0.0'),(6078,42,'2012-07-12',0.0096025,1,'192.168.0.0'),(6079,43,'2012-07-12',0.0101125,1,'192.168.0.0'),(6080,44,'2012-07-12',0.0106839315,1,'192.168.0.0'),(6081,45,'2012-07-12',0.004769523,1,'192.168.0.0'),(6082,46,'2012-07-12',0.005429457,1,'192.168.0.0'),(6083,47,'2012-07-12',0.006709329,1,'192.168.0.0'),(6084,48,'2012-07-12',0.00842,1,'192.168.0.0'),(6085,49,'2012-07-12',0.010248975,1,'192.168.0.0'),(6086,50,'2012-07-12',0.0119988,1,'192.168.0.0'),(6087,51,'2012-07-12',0.01354,1,'192.168.0.0'),(6088,52,'2012-07-12',0.01487,1,'192.168.0.0'),(6089,53,'2012-07-12',0.01609,1,'192.168.0.0'),(6090,54,'2012-07-12',0.02017,1,'192.168.0.0'),(6091,55,'2012-07-12',0.02184,1,'192.168.0.0'),(6092,56,'2012-07-12',0.02321,1,'192.168.0.0'),(6093,57,'2012-07-12',0.00531196875,1,'192.168.0.0'),(6094,58,'2012-07-12',0.00546195375,1,'192.168.0.0'),(6095,59,'2012-07-12',0.0055563,1,'192.168.0.0'),(6096,60,'2012-07-12',0.0058913,1,'192.168.0.0'),(6097,61,'2012-07-12',0.0067213,1,'192.168.0.0'),(6098,62,'2012-07-12',0.00840795912,1,'192.168.0.0'),(6099,63,'2012-07-12',0.009309069,1,'192.168.0.0'),(6100,64,'2012-07-12',0.0103375,1,'192.168.0.0'),(6101,65,'2012-07-12',0.01119268062,1,'192.168.0.0'),(6102,66,'2012-07-12',0.0120875,1,'192.168.0.0'),(6103,67,'2012-07-12',0.0128938,1,'192.168.0.0'),(6104,68,'2012-07-12',0.0137375,1,'192.168.0.0'),(6105,69,'2012-07-12',0.01458604125,1,'192.168.0.0'),(6106,70,'2012-07-12',0.01529597025,1,'192.168.0.0'),(6107,71,'2012-07-12',0.01615718412,1,'192.168.0.0'),(6108,72,'2012-07-12',0.008989101,1,'192.168.0.0'),(6109,73,'2012-07-12',0.00906,1,'192.168.0.0'),(6110,74,'2012-07-12',0.00976,1,'192.168.0.0'),(6111,75,'2012-07-12',0.01107,1,'192.168.0.0'),(6112,76,'2012-07-12',0.012668733,1,'192.168.0.0'),(6113,77,'2012-07-12',0.01442,1,'192.168.0.0'),(6114,78,'2012-07-12',0.01618,1,'192.168.0.0'),(6115,79,'2012-07-12',0.01779,1,'192.168.0.0'),(6116,80,'2012-07-12',0.01925,1,'192.168.0.0'),(6117,81,'2012-07-12',0.02162,1,'192.168.0.0'),(6118,82,'2012-07-12',0.024037596,1,'192.168.0.0'),(6119,83,'2012-07-12',0.02657,1,'192.168.0.0'),(6120,84,'2012-07-12',0.02796,1,'192.168.0.0'),(6121,85,'2012-07-12',0.02866,1,'192.168.0.0'),(6122,86,'2012-07-12',0.0010157,1,'192.168.0.0'),(6123,87,'2012-07-12',0.0011443,1,'192.168.0.0'),(6124,88,'2012-07-12',0.00123697629,1,'192.168.0.0'),(6125,89,'2012-07-12',0.0014286,1,'192.168.0.0'),(6126,90,'2012-07-12',0.0015929,1,'192.168.0.0'),(6127,91,'2012-07-12',0.0019571,1,'192.168.0.0'),(6128,92,'2012-07-12',0.0023943,1,'192.168.0.0'),(6129,93,'2012-07-12',0.00292260771,1,'192.168.0.0'),(6130,94,'2012-07-12',0.0033443,1,'192.168.0.0'),(6131,95,'2012-07-12',0.00385821414,1,'192.168.0.0'),(6132,96,'2012-07-12',0.0043086,1,'192.168.0.0'),(6133,97,'2012-07-12',0.00473,1,'192.168.0.0'),(6134,98,'2012-07-12',0.00503,1,'192.168.0.0'),(6135,99,'2012-07-12',0.00527237271,1,'192.168.0.0'),(6136,100,'2012-07-12',0.00552234771,1,'192.168.0.0'),(6137,101,'2012-07-12',0.00309,1,'192.168.0.0'),(6138,102,'2012-07-12',0.00314,1,'192.168.0.0'),(6139,103,'2012-07-12',0.00334,1,'192.168.0.0'),(6140,104,'2012-07-12',0.003709629,1,'192.168.0.0'),(6141,105,'2012-07-12',0.00428,1,'192.168.0.0'),(6142,106,'2012-07-12',0.00504,1,'192.168.0.0'),(6143,107,'2012-07-12',0.00594,1,'192.168.0.0'),(6144,108,'2012-07-12',0.00691,1,'192.168.0.0'),(6145,109,'2012-07-12',0.0079,1,'192.168.0.0'),(6146,110,'2012-07-12',0.009829017,1,'192.168.0.0'),(6147,111,'2012-07-12',0.01231,1,'192.168.0.0'),(6148,112,'2012-07-12',0.01488,1,'192.168.0.0'),(6149,113,'2012-07-12',0.015948405,1,'192.168.0.0'),(6150,114,'2012-07-12',0.01643,1,'192.168.0.0'),(6151,115,'2012-07-12',0.01689,1,'192.168.0.0'),(6152,116,'2012-07-12',0.017348265,1,'192.168.0.0'),(6153,117,'2012-07-12',0.0001,1,'192.168.0.0'),(6154,118,'2012-07-12',0.000169983,1,'192.168.0.0'),(6155,119,'2012-07-12',0.00025,1,'192.168.0.0'),(6156,120,'2012-07-12',0.0003,1,'192.168.0.0'),(6157,121,'2012-07-12',0.00052,1,'192.168.0.0'),(6158,122,'2012-07-12',0.000749925,1,'192.168.0.0'),(6159,123,'2012-07-12',0.00115,1,'192.168.0.0'),(6160,124,'2012-07-12',0.001459854,1,'192.168.0.0'),(6161,125,'2012-07-12',0.001779822,1,'192.168.0.0'),(6162,126,'2012-07-12',0.00202,1,'192.168.0.0'),(6163,127,'2012-07-12',0.00229977,1,'192.168.0.0'),(6164,128,'2012-07-12',0.002624,1,'192.168.0.0'),(6165,129,'2012-07-12',0.00298,1,'192.168.0.0'),(6166,130,'2012-07-12',0.0033836616,1,'192.168.0.0'),(6167,131,'2012-07-12',0.003784,1,'192.168.0.0'),(6168,132,'2012-07-12',0.000349965,1,'192.168.0.0'),(6169,133,'2012-07-12',0.00078,1,'192.168.0.0'),(6170,134,'2012-07-12',0.00155,1,'192.168.0.0'),(6171,135,'2012-07-12',0.002629737,1,'192.168.0.0'),(6172,136,'2012-07-12',0.00395,1,'192.168.0.0'),(6173,137,'2012-07-12',0.00536,1,'192.168.0.0'),(6174,138,'2012-07-12',0.006689331,1,'192.168.0.0'),(6175,139,'2012-07-12',0.00785,1,'192.168.0.0'),(6176,140,'2012-07-12',0.008849115,1,'192.168.0.0'),(6177,141,'2012-07-12',0.0367,1,'192.168.0.0'),(6178,142,'2012-07-12',0.037056294,1,'192.168.0.0'),(6179,143,'2012-07-12',0.03744,1,'192.168.0.0'),(6180,144,'2012-07-12',0.038076192,1,'192.168.0.0'),(6181,145,'2012-07-12',0.038716128,1,'192.168.0.0'),(6182,146,'2012-07-12',0.039856014,1,'192.168.0.0'),(6183,147,'2012-07-12',0.040875912,1,'192.168.0.0'),(6184,148,'2012-07-12',0.041775822,1,'192.168.0.0'),(6185,149,'2012-07-12',0.042315768,1,'192.168.0.0'),(6186,150,'2012-07-12',0.042715728,1,'192.168.0.0'),(6187,151,'2012-07-12',0.04316,1,'192.168.0.0'),(6188,152,'2012-07-12',0.043655634,1,'192.168.0.0'),(6189,153,'2012-07-12',0.04426,1,'192.168.0.0'),(6190,154,'2012-07-12',0.044875512,1,'192.168.0.0'),(6191,155,'2012-07-12',0.04548,1,'192.168.0.0'),(6192,158,'2012-07-12',1.00419957,1,'192.168.0.0'),(6193,159,'2012-07-12',1.00399959,1,'192.168.0.0'),(6194,160,'2012-07-12',1.056864303,1,'192.168.0.0'),(6195,161,'2012-07-12',1.05545,1,'192.168.0.0'),(6196,162,'2012-07-12',1.043825607,1,'192.168.0.0'),(6197,163,'2012-07-12',1.192710717,1,'192.168.0.0'),(6198,164,'2012-07-12',1.19663,1,'192.168.0.0'),(6199,165,'2012-07-12',1.17528246,1,'192.168.0.0'),(6200,166,'2012-07-12',1.122467742,1,'192.168.0.0'),(6201,167,'2012-07-12',1.07455,1,'192.168.0.0'),(6202,168,'2012-07-12',1.6254,1,'192.168.0.0'),(6203,169,'2012-07-12',1.54428,1,'192.168.0.0'),(6204,170,'2012-07-12',1.371,1,'192.168.0.0'),(6205,171,'2012-07-12',1.254344553,1,'192.168.0.0'),(6206,175,'2012-07-12',1.00003,1,'192.168.0.0'),(6207,176,'2012-07-12',0.999949995,1,'192.168.0.0'),(6208,177,'2012-07-12',1.023677622,1,'192.168.0.0'),(6209,178,'2012-07-12',1.057724217,1,'192.168.0.0'),(6210,179,'2012-07-12',1.04928,1,'192.168.0.0'),(6211,180,'2012-07-12',1.0716,1,'192.168.0.0'),(6212,181,'2012-07-12',1.160063982,1,'192.168.0.0'),(6213,182,'2012-07-12',1.16908,1,'192.168.0.0'),(6214,183,'2012-07-12',1.13815,1,'192.168.0.0'),(6215,184,'2012-07-12',1.041265863,1,'192.168.0.0'),(6216,185,'2012-07-12',1.09398,1,'192.168.0.0'),(6217,186,'2012-07-12',1.08945,1,'192.168.0.0'),(6218,187,'2012-07-12',1.34015,1,'192.168.0.0'),(6219,188,'2012-07-12',1.2557,1,'192.168.0.0'),(6220,189,'2012-07-12',1.23475,1,'192.168.0.0'),(6221,190,'2012-07-12',1.1568,1,'192.168.0.0'),(6222,193,'2012-07-12',0.99280071,1,'192.168.0.0'),(6223,194,'2012-07-12',0.96640335,1,'192.168.0.0'),(6224,195,'2012-07-12',0.98065,1,'192.168.0.0'),(6225,196,'2012-07-12',0.9823,1,'192.168.0.0'),(6226,197,'2012-07-12',0.92602,1,'192.168.0.0'),(6227,198,'2012-07-12',0.94128,1,'192.168.0.0'),(6228,199,'2012-07-12',0.89825,1,'192.168.0.0'),(6229,200,'2012-07-12',0.90825,1,'192.168.0.0'),(6230,201,'2012-07-12',0.88725,1,'192.168.0.0'),(6231,202,'2012-07-12',0.90035,1,'192.168.0.0'),(6232,203,'2012-07-12',0.93225,1,'192.168.0.0'),(6233,204,'2012-07-12',0.911278863,1,'192.168.0.0'),(6234,205,'2012-07-12',0.865343457,1,'192.168.0.0'),(6235,206,'2012-07-12',0.727677225,1,'192.168.0.0'),(6236,207,'2012-07-12',1.01063,1,'192.168.0.0'),(6237,208,'2012-07-12',0.994,1,'192.168.0.0'),(6238,209,'2012-07-12',0.98210178,1,'192.168.0.0'),(6239,210,'2012-07-12',0.9297,1,'192.168.0.0'),(6240,211,'2012-07-12',0.989731017,1,'192.168.0.0'),(6241,212,'2012-07-12',0.92725,1,'192.168.0.0'),(6242,213,'2012-07-12',0.93360663,1,'192.168.0.0'),(6243,216,'2012-07-12',0.99458,1,'192.168.0.0'),(6244,217,'2012-07-12',0.986351355,1,'192.168.0.0'),(6245,218,'2012-07-12',1.033926597,1,'192.168.0.0'),(6246,219,'2012-07-12',0.949255065,1,'192.168.0.0'),(6247,220,'2012-07-12',0.99145,1,'192.168.0.0'),(6248,221,'2012-07-12',0.965553435,1,'192.168.0.0'),(6249,222,'2012-07-12',0.94828,1,'192.168.0.0'),(6250,223,'2012-07-12',0.92180781,1,'192.168.0.0'),(6251,224,'2012-07-12',0.882691722,1,'192.168.0.0'),(6252,225,'2012-07-12',0.95125,1,'192.168.0.0'),(6253,226,'2012-07-12',0.98150184,1,'192.168.0.0'),(6254,227,'2012-07-12',0.864263565,1,'192.168.0.0'),(6255,228,'2012-07-12',0.84913,1,'192.168.0.0'),(6256,1,'2012-07-13',0.00058704129,1,'192.168.0.0'),(6257,2,'2012-07-13',0.0007929,1,'192.168.0.0'),(6258,3,'2012-07-13',0.00095850414,1,'192.168.0.0'),(6259,4,'2012-07-13',0.00141415857,1,'192.168.0.0'),(6260,5,'2012-07-13',0.0022329,1,'192.168.0.0'),(6261,6,'2012-07-13',0.0036964,1,'192.168.0.0'),(6262,7,'2012-07-13',0.00474242571,1,'192.168.0.0'),(6263,8,'2012-07-13',0.0057786,1,'192.168.0.0'),(6264,9,'2012-07-13',0.0067979,1,'192.168.0.0'),(6265,10,'2012-07-13',0.0074486,1,'192.168.0.0'),(6266,11,'2012-07-13',0.00807849207,1,'192.168.0.0'),(6267,12,'2012-07-13',0.008645,1,'192.168.0.0'),(6268,13,'2012-07-13',0.0091540845,1,'192.168.0.0'),(6269,14,'2012-07-13',0.00962473743,1,'192.168.0.0'),(6270,15,'2012-07-13',0.01018108179,1,'192.168.0.0'),(6271,16,'2012-07-13',0.00691,1,'192.168.0.0'),(6272,17,'2012-07-13',0.007659234,1,'192.168.0.0'),(6273,18,'2012-07-13',0.00903,1,'192.168.0.0'),(6274,19,'2012-07-13',0.010728927,1,'192.168.0.0'),(6275,20,'2012-07-13',0.012478752,1,'192.168.0.0'),(6276,21,'2012-07-13',0.014018598,1,'192.168.0.0'),(6277,22,'2012-07-13',0.01537,1,'192.168.0.0'),(6278,23,'2012-07-13',0.016538346,1,'192.168.0.0'),(6279,24,'2012-07-13',0.01758,1,'192.168.0.0'),(6280,25,'2012-07-13',0.019318068,1,'192.168.0.0'),(6281,26,'2012-07-13',0.02093,1,'192.168.0.0'),(6282,27,'2012-07-13',0.02141,1,'192.168.0.0'),(6283,28,'2012-07-13',0.021587841,1,'192.168.0.0'),(6284,29,'2012-07-13',0.021727827,1,'192.168.0.0'),(6285,30,'2012-07-13',0.00169,1,'192.168.0.0'),(6286,31,'2012-07-13',0.001996,1,'192.168.0.0'),(6287,32,'2012-07-13',0.0022125,1,'192.168.0.0'),(6288,33,'2012-07-13',0.00247725225,1,'192.168.0.0'),(6289,34,'2012-07-13',0.0034075,1,'192.168.0.0'),(6290,35,'2012-07-13',0.004551,1,'192.168.0.0'),(6291,36,'2012-07-13',0.005531,1,'192.168.0.0'),(6292,37,'2012-07-13',0.00641085885,1,'192.168.0.0'),(6293,38,'2012-07-13',0.0072832716,1,'192.168.0.0'),(6294,39,'2012-07-13',0.0079542045,1,'192.168.0.0'),(6295,40,'2012-07-13',0.0084911508,1,'192.168.0.0'),(6296,41,'2012-07-13',0.00905659425,1,'192.168.0.0'),(6297,42,'2012-07-13',0.0095925,1,'192.168.0.0'),(6298,43,'2012-07-13',0.01010148975,1,'192.168.0.0'),(6299,44,'2012-07-13',0.010668933,1,'192.168.0.0'),(6300,45,'2012-07-13',0.0049,1,'192.168.0.0'),(6301,46,'2012-07-13',0.005659434,1,'192.168.0.0'),(6302,47,'2012-07-13',0.00699,1,'192.168.0.0'),(6303,48,'2012-07-13',0.00869,1,'192.168.0.0'),(6304,49,'2012-07-13',0.010528947,1,'192.168.0.0'),(6305,50,'2012-07-13',0.012278772,1,'192.168.0.0'),(6306,51,'2012-07-13',0.013818618,1,'192.168.0.0'),(6307,52,'2012-07-13',0.01515,1,'192.168.0.0'),(6308,53,'2012-07-13',0.01636,1,'192.168.0.0'),(6309,54,'2012-07-13',0.02046,1,'192.168.0.0'),(6310,55,'2012-07-13',0.02215,1,'192.168.0.0'),(6311,56,'2012-07-13',0.02353,1,'192.168.0.0'),(6312,57,'2012-07-13',0.0052875,1,'192.168.0.0'),(6313,58,'2012-07-13',0.00543695625,1,'192.168.0.0'),(6314,59,'2012-07-13',0.0055313,1,'192.168.0.0'),(6315,60,'2012-07-13',0.00586571337,1,'192.168.0.0'),(6316,61,'2012-07-13',0.00663313662,1,'192.168.0.0'),(6317,62,'2012-07-13',0.0083213,1,'192.168.0.0'),(6318,63,'2012-07-13',0.00921,1,'192.168.0.0'),(6319,64,'2012-07-13',0.01023527637,1,'192.168.0.0'),(6320,65,'2012-07-13',0.0110875,1,'192.168.0.0'),(6321,66,'2012-07-13',0.0119738025,1,'192.168.0.0'),(6322,67,'2012-07-13',0.01278002187,1,'192.168.0.0'),(6323,68,'2012-07-13',0.0136236375,1,'192.168.0.0'),(6324,69,'2012-07-13',0.014485,1,'192.168.0.0'),(6325,70,'2012-07-13',0.0151975,1,'192.168.0.0'),(6326,71,'2012-07-13',0.01605719412,1,'192.168.0.0'),(6327,72,'2012-07-13',0.008539146,1,'192.168.0.0'),(6328,73,'2012-07-13',0.00862,1,'192.168.0.0'),(6329,74,'2012-07-13',0.009409059,1,'192.168.0.0'),(6330,75,'2012-07-13',0.01078,1,'192.168.0.0'),(6331,76,'2012-07-13',0.012408759,1,'192.168.0.0'),(6332,77,'2012-07-13',0.014188581,1,'192.168.0.0'),(6333,78,'2012-07-13',0.01597,1,'192.168.0.0'),(6334,79,'2012-07-13',0.01762,1,'192.168.0.0'),(6335,80,'2012-07-13',0.01909809,1,'192.168.0.0'),(6336,81,'2012-07-13',0.02148,1,'192.168.0.0'),(6337,82,'2012-07-13',0.023937606,1,'192.168.0.0'),(6338,83,'2012-07-13',0.02652,1,'192.168.0.0'),(6339,84,'2012-07-13',0.02792,1,'192.168.0.0'),(6340,85,'2012-07-13',0.028647135,1,'192.168.0.0'),(6341,86,'2012-07-13',0.00101559843,1,'192.168.0.0'),(6342,87,'2012-07-13',0.00114418557,1,'192.168.0.0'),(6343,88,'2012-07-13',0.00123697629,1,'192.168.0.0'),(6344,89,'2012-07-13',0.0014286,1,'192.168.0.0'),(6345,90,'2012-07-13',0.00159274071,1,'192.168.0.0'),(6346,91,'2012-07-13',0.0019571,1,'192.168.0.0'),(6347,92,'2012-07-13',0.00239406057,1,'192.168.0.0'),(6348,93,'2012-07-13',0.00292260771,1,'192.168.0.0'),(6349,94,'2012-07-13',0.00334396557,1,'192.168.0.0'),(6350,95,'2012-07-13',0.00385821414,1,'192.168.0.0'),(6351,96,'2012-07-13',0.00430816914,1,'192.168.0.0'),(6352,97,'2012-07-13',0.00473,1,'192.168.0.0'),(6353,98,'2012-07-13',0.005029497,1,'192.168.0.0'),(6354,99,'2012-07-13',0.00527237271,1,'192.168.0.0'),(6355,100,'2012-07-13',0.0055229,1,'192.168.0.0'),(6356,101,'2012-07-13',0.00295,1,'192.168.0.0'),(6357,102,'2012-07-13',0.002969703,1,'192.168.0.0'),(6358,103,'2012-07-13',0.003139686,1,'192.168.0.0'),(6359,104,'2012-07-13',0.00349,1,'192.168.0.0'),(6360,105,'2012-07-13',0.00403,1,'192.168.0.0'),(6361,106,'2012-07-13',0.004759524,1,'192.168.0.0'),(6362,107,'2012-07-13',0.005649435,1,'192.168.0.0'),(6363,108,'2012-07-13',0.0066,1,'192.168.0.0'),(6364,109,'2012-07-13',0.00759,1,'192.168.0.0'),(6365,110,'2012-07-13',0.0095,1,'192.168.0.0'),(6366,111,'2012-07-13',0.011958804,1,'192.168.0.0'),(6367,112,'2012-07-13',0.0145,1,'192.168.0.0'),(6368,113,'2012-07-13',0.015558444,1,'192.168.0.0'),(6369,114,'2012-07-13',0.01602,1,'192.168.0.0'),(6370,115,'2012-07-13',0.016468353,1,'192.168.0.0'),(6371,116,'2012-07-13',0.016918308,1,'192.168.0.0'),(6372,117,'2012-07-13',0.00009999,1,'192.168.0.0'),(6373,118,'2012-07-13',0.00016,1,'192.168.0.0'),(6374,119,'2012-07-13',0.00024,1,'192.168.0.0'),(6375,120,'2012-07-13',0.00029,1,'192.168.0.0'),(6376,121,'2012-07-13',0.000519948,1,'192.168.0.0'),(6377,122,'2012-07-13',0.000739926,1,'192.168.0.0'),(6378,123,'2012-07-13',0.001139886,1,'192.168.0.0'),(6379,124,'2012-07-13',0.001459854,1,'192.168.0.0'),(6380,125,'2012-07-13',0.00178,1,'192.168.0.0'),(6381,126,'2012-07-13',0.002019798,1,'192.168.0.0'),(6382,127,'2012-07-13',0.0023,1,'192.168.0.0'),(6383,128,'2012-07-13',0.002624,1,'192.168.0.0'),(6384,129,'2012-07-13',0.00298,1,'192.168.0.0'),(6385,130,'2012-07-13',0.003384,1,'192.168.0.0'),(6386,131,'2012-07-13',0.0037836216,1,'192.168.0.0'),(6387,132,'2012-07-13',0.000309969,1,'192.168.0.0'),(6388,133,'2012-07-13',0.00074,1,'192.168.0.0'),(6389,134,'2012-07-13',0.001569843,1,'192.168.0.0'),(6390,135,'2012-07-13',0.00269,1,'192.168.0.0'),(6391,136,'2012-07-13',0.00403,1,'192.168.0.0'),(6392,137,'2012-07-13',0.005469453,1,'192.168.0.0'),(6393,138,'2012-07-13',0.006809319,1,'192.168.0.0'),(6394,139,'2012-07-13',0.00799,1,'192.168.0.0'),(6395,140,'2012-07-13',0.008989101,1,'192.168.0.0'),(6396,141,'2012-07-13',0.03658,1,'192.168.0.0'),(6397,142,'2012-07-13',0.037016298,1,'192.168.0.0'),(6398,143,'2012-07-13',0.0374,1,'192.168.0.0'),(6399,144,'2012-07-13',0.038056194,1,'192.168.0.0'),(6400,145,'2012-07-13',0.03872,1,'192.168.0.0'),(6401,146,'2012-07-13',0.039836016,1,'192.168.0.0'),(6402,147,'2012-07-13',0.04086,1,'192.168.0.0'),(6403,148,'2012-07-13',0.04178,1,'192.168.0.0'),(6404,149,'2012-07-13',0.04232,1,'192.168.0.0'),(6405,150,'2012-07-13',0.04269573,1,'192.168.0.0'),(6406,151,'2012-07-13',0.043135686,1,'192.168.0.0'),(6407,152,'2012-07-13',0.043635636,1,'192.168.0.0'),(6408,153,'2012-07-13',0.044235576,1,'192.168.0.0'),(6409,154,'2012-07-13',0.044855514,1,'192.168.0.0'),(6410,155,'2012-07-13',0.045535446,1,'192.168.0.0'),(6411,158,'2012-07-13',1.00425,1,'192.168.0.0'),(6412,159,'2012-07-13',1.00418,1,'192.168.0.0'),(6413,160,'2012-07-13',1.05705,1,'192.168.0.0'),(6414,161,'2012-07-13',1.05558,1,'192.168.0.0'),(6415,162,'2012-07-13',1.04408,1,'192.168.0.0'),(6416,163,'2012-07-13',1.19285,1,'192.168.0.0'),(6417,164,'2012-07-13',1.19667,1,'192.168.0.0'),(6418,165,'2012-07-13',1.17503,1,'192.168.0.0'),(6419,166,'2012-07-13',1.12118787,1,'192.168.0.0'),(6420,167,'2012-07-13',1.07339265,1,'192.168.0.0'),(6421,168,'2012-07-13',1.625817402,1,'192.168.0.0'),(6422,169,'2012-07-13',1.54314567,1,'192.168.0.0'),(6423,170,'2012-07-13',1.36998,1,'192.168.0.0'),(6424,171,'2012-07-13',1.253454642,1,'192.168.0.0'),(6425,175,'2012-07-13',0.99998,1,'192.168.0.0'),(6426,176,'2012-07-13',0.999949995,1,'192.168.0.0'),(6427,177,'2012-07-13',1.02368,1,'192.168.0.0'),(6428,178,'2012-07-13',1.05818,1,'192.168.0.0'),(6429,179,'2012-07-13',1.04965,1,'192.168.0.0'),(6430,180,'2012-07-13',1.07195,1,'192.168.0.0'),(6431,181,'2012-07-13',1.16015,1,'192.168.0.0'),(6432,182,'2012-07-13',1.169433045,1,'192.168.0.0'),(6433,183,'2012-07-13',1.139116077,1,'192.168.0.0'),(6434,184,'2012-07-13',1.04263,1,'192.168.0.0'),(6435,185,'2012-07-13',1.0956,1,'192.168.0.0'),(6436,186,'2012-07-13',1.092620727,1,'192.168.0.0'),(6437,187,'2012-07-13',1.34415,1,'192.168.0.0'),(6438,188,'2012-07-13',1.261953792,1,'192.168.0.0'),(6439,189,'2012-07-13',1.24072,1,'192.168.0.0'),(6440,190,'2012-07-13',1.164333555,1,'192.168.0.0'),(6441,193,'2012-07-13',0.993350655,1,'192.168.0.0'),(6442,194,'2012-07-13',0.968833107,1,'192.168.0.0'),(6443,195,'2012-07-13',0.982081782,1,'192.168.0.0'),(6444,196,'2012-07-13',0.98350164,1,'192.168.0.0'),(6445,197,'2012-07-13',0.927187272,1,'192.168.0.0'),(6446,198,'2012-07-13',0.94365,1,'192.168.0.0'),(6447,199,'2012-07-13',0.899840007,1,'192.168.0.0'),(6448,200,'2012-07-13',0.90845,1,'192.168.0.0'),(6449,201,'2012-07-13',0.88681131,1,'192.168.0.0'),(6450,202,'2012-07-13',0.898390152,1,'192.168.0.0'),(6451,203,'2012-07-13',0.930926898,1,'192.168.0.0'),(6452,204,'2012-07-13',0.90535,1,'192.168.0.0'),(6453,205,'2012-07-13',0.86083,1,'192.168.0.0'),(6454,206,'2012-07-13',0.72362763,1,'192.168.0.0'),(6455,207,'2012-07-13',1.010478942,1,'192.168.0.0'),(6456,208,'2012-07-13',0.99470052,1,'192.168.0.0'),(6457,209,'2012-07-13',0.983281662,1,'192.168.0.0'),(6458,210,'2012-07-13',0.9301,1,'192.168.0.0'),(6459,211,'2012-07-13',0.99035,1,'192.168.0.0'),(6460,212,'2012-07-13',0.92730726,1,'192.168.0.0'),(6461,213,'2012-07-13',0.933456645,1,'192.168.0.0'),(6462,216,'2012-07-13',0.995150475,1,'192.168.0.0'),(6463,217,'2012-07-13',0.988951095,1,'192.168.0.0'),(6464,218,'2012-07-13',1.03725,1,'192.168.0.0'),(6465,219,'2012-07-13',0.951854805,1,'192.168.0.0'),(6466,220,'2012-07-13',0.992580732,1,'192.168.0.0'),(6467,221,'2012-07-13',0.96355,1,'192.168.0.0'),(6468,222,'2012-07-13',0.9438,1,'192.168.0.0'),(6469,223,'2012-07-13',0.915238467,1,'192.168.0.0'),(6470,224,'2012-07-13',0.87513,1,'192.168.0.0'),(6471,225,'2012-07-13',0.9414,1,'192.168.0.0'),(6472,226,'2012-07-13',0.966183372,1,'192.168.0.0'),(6473,227,'2012-07-13',0.850194972,1,'192.168.0.0'),(6474,228,'2012-07-13',0.8341,1,'192.168.0.0'),(6475,1,'2012-07-20',0.00037136286,1,'192.168.0.0'),(6476,2,'2012-07-20',0.00059994,1,'192.168.0.0'),(6477,3,'2012-07-20',0.00080701929,1,'192.168.0.0'),(6478,4,'2012-07-20',0.00119278071,1,'192.168.0.0'),(6479,5,'2012-07-20',0.0019414,1,'192.168.0.0'),(6480,6,'2012-07-20',0.0032679,1,'192.168.0.0'),(6481,7,'2012-07-20',0.0042929,1,'192.168.0.0'),(6482,8,'2012-07-20',0.00535,1,'192.168.0.0'),(6483,9,'2012-07-20',0.0063479,1,'192.168.0.0'),(6484,10,'2012-07-20',0.0069914,1,'192.168.0.0'),(6485,11,'2012-07-20',0.0076042395,1,'192.168.0.0'),(6486,12,'2012-07-20',0.00817988193,1,'192.168.0.0'),(6487,13,'2012-07-20',0.0087036,1,'192.168.0.0'),(6488,14,'2012-07-20',0.0091743,1,'192.168.0.0'),(6489,15,'2012-07-20',0.009715,1,'192.168.0.0'),(6490,16,'2012-07-20',0.00667,1,'192.168.0.0'),(6491,17,'2012-07-20',0.007369263,1,'192.168.0.0'),(6492,18,'2012-07-20',0.00869913,1,'192.168.0.0'),(6493,19,'2012-07-20',0.010388961,1,'192.168.0.0'),(6494,20,'2012-07-20',0.012158784,1,'192.168.0.0'),(6495,21,'2012-07-20',0.01374,1,'192.168.0.0'),(6496,22,'2012-07-20',0.01509849,1,'192.168.0.0'),(6497,23,'2012-07-20',0.01628,1,'192.168.0.0'),(6498,24,'2012-07-20',0.017338266,1,'192.168.0.0'),(6499,25,'2012-07-20',0.019118088,1,'192.168.0.0'),(6500,26,'2012-07-20',0.02076,1,'192.168.0.0'),(6501,27,'2012-07-20',0.021327867,1,'192.168.0.0'),(6502,28,'2012-07-20',0.021537846,1,'192.168.0.0'),(6503,29,'2012-07-20',0.0217,1,'192.168.0.0'),(6504,30,'2012-07-20',0.001665,1,'192.168.0.0'),(6505,31,'2012-07-20',0.001991,1,'192.168.0.0'),(6506,32,'2012-07-20',0.0022075,1,'192.168.0.0'),(6507,33,'2012-07-20',0.0024675,1,'192.168.0.0'),(6508,34,'2012-07-20',0.00339216075,1,'192.168.0.0'),(6509,35,'2012-07-20',0.004521,1,'192.168.0.0'),(6510,36,'2012-07-20',0.005506,1,'192.168.0.0'),(6511,37,'2012-07-20',0.0064015,1,'192.168.0.0'),(6512,38,'2012-07-20',0.0072732726,1,'192.168.0.0'),(6513,39,'2012-07-20',0.007949205,1,'192.168.0.0'),(6514,40,'2012-07-20',0.008477,1,'192.168.0.0'),(6515,41,'2012-07-20',0.00903159675,1,'192.168.0.0'),(6516,42,'2012-07-20',0.00956154375,1,'192.168.0.0'),(6517,43,'2012-07-20',0.0100725,1,'192.168.0.0'),(6518,44,'2012-07-20',0.01064,1,'192.168.0.0'),(6519,45,'2012-07-20',0.004529547,1,'192.168.0.0'),(6520,46,'2012-07-20',0.00519,1,'192.168.0.0'),(6521,47,'2012-07-20',0.00648,1,'192.168.0.0'),(6522,48,'2012-07-20',0.00822,1,'192.168.0.0'),(6523,49,'2012-07-20',0.01008,1,'192.168.0.0'),(6524,50,'2012-07-20',0.01179882,1,'192.168.0.0'),(6525,51,'2012-07-20',0.013388661,1,'192.168.0.0'),(6526,52,'2012-07-20',0.014768523,1,'192.168.0.0'),(6527,53,'2012-07-20',0.016,1,'192.168.0.0'),(6528,54,'2012-07-20',0.02013,1,'192.168.0.0'),(6529,55,'2012-07-20',0.021787821,1,'192.168.0.0'),(6530,56,'2012-07-20',0.02319,1,'192.168.0.0'),(6531,57,'2012-07-20',0.0052563,1,'192.168.0.0'),(6532,58,'2012-07-20',0.0054188,1,'192.168.0.0'),(6533,59,'2012-07-20',0.0055125,1,'192.168.0.0'),(6534,60,'2012-07-20',0.0057288,1,'192.168.0.0'),(6535,61,'2012-07-20',0.0063688,1,'192.168.0.0'),(6536,62,'2012-07-20',0.00783301662,1,'192.168.0.0'),(6537,63,'2012-07-20',0.00877792212,1,'192.168.0.0'),(6538,64,'2012-07-20',0.00978,1,'192.168.0.0'),(6539,65,'2012-07-20',0.01058644125,1,'192.168.0.0'),(6540,66,'2012-07-20',0.01141635825,1,'192.168.0.0'),(6541,67,'2012-07-20',0.0122563,1,'192.168.0.0'),(6542,68,'2012-07-20',0.01306249362,1,'192.168.0.0'),(6543,69,'2012-07-20',0.0138913,1,'192.168.0.0'),(6544,70,'2012-07-20',0.0146163,1,'192.168.0.0'),(6545,71,'2012-07-20',0.015415,1,'192.168.0.0'),(6546,72,'2012-07-20',0.0085,1,'192.168.0.0'),(6547,73,'2012-07-20',0.008579142,1,'192.168.0.0'),(6548,74,'2012-07-20',0.009319068,1,'192.168.0.0'),(6549,75,'2012-07-20',0.01062,1,'192.168.0.0'),(6550,76,'2012-07-20',0.012218778,1,'192.168.0.0'),(6551,77,'2012-07-20',0.01398,1,'192.168.0.0'),(6552,78,'2012-07-20',0.015748425,1,'192.168.0.0'),(6553,79,'2012-07-20',0.017418258,1,'192.168.0.0'),(6554,80,'2012-07-20',0.01893,1,'192.168.0.0'),(6555,81,'2012-07-20',0.021347865,1,'192.168.0.0'),(6556,82,'2012-07-20',0.023827617,1,'192.168.0.0'),(6557,83,'2012-07-20',0.02637,1,'192.168.0.0'),(6558,84,'2012-07-20',0.027747225,1,'192.168.0.0'),(6559,85,'2012-07-20',0.02848,1,'192.168.0.0'),(6560,86,'2012-07-20',0.0009871,1,'192.168.0.0'),(6561,87,'2012-07-20',0.00113,1,'192.168.0.0'),(6562,88,'2012-07-20',0.0012371,1,'192.168.0.0'),(6563,89,'2012-07-20',0.00142845714,1,'192.168.0.0'),(6564,90,'2012-07-20',0.00159274071,1,'192.168.0.0'),(6565,91,'2012-07-20',0.00195690429,1,'192.168.0.0'),(6566,92,'2012-07-20',0.002379762,1,'192.168.0.0'),(6567,93,'2012-07-20',0.00292260771,1,'192.168.0.0'),(6568,94,'2012-07-20',0.00334396557,1,'192.168.0.0'),(6569,95,'2012-07-20',0.00385821414,1,'192.168.0.0'),(6570,96,'2012-07-20',0.0043086,1,'192.168.0.0'),(6571,97,'2012-07-20',0.004729527,1,'192.168.0.0'),(6572,98,'2012-07-20',0.005029497,1,'192.168.0.0'),(6573,99,'2012-07-20',0.0052729,1,'192.168.0.0'),(6574,100,'2012-07-20',0.0055229,1,'192.168.0.0'),(6575,101,'2012-07-20',0.00294,1,'192.168.0.0'),(6576,102,'2012-07-20',0.002949705,1,'192.168.0.0'),(6577,103,'2012-07-20',0.00314,1,'192.168.0.0'),(6578,104,'2012-07-20',0.0035,1,'192.168.0.0'),(6579,105,'2012-07-20',0.00403,1,'192.168.0.0'),(6580,106,'2012-07-20',0.004749525,1,'192.168.0.0'),(6581,107,'2012-07-20',0.00561,1,'192.168.0.0'),(6582,108,'2012-07-20',0.00654,1,'192.168.0.0'),(6583,109,'2012-07-20',0.00749,1,'192.168.0.0'),(6584,110,'2012-07-20',0.009339066,1,'192.168.0.0'),(6585,111,'2012-07-20',0.011738826,1,'192.168.0.0'),(6586,112,'2012-07-20',0.014238576,1,'192.168.0.0'),(6587,113,'2012-07-20',0.015278472,1,'192.168.0.0'),(6588,114,'2012-07-20',0.015708429,1,'192.168.0.0'),(6589,115,'2012-07-20',0.016168383,1,'192.168.0.0'),(6590,116,'2012-07-20',0.016608339,1,'192.168.0.0'),(6591,117,'2012-07-20',0.0001,1,'192.168.0.0'),(6592,118,'2012-07-20',0.00014,1,'192.168.0.0'),(6593,119,'2012-07-20',0.00019998,1,'192.168.0.0'),(6594,120,'2012-07-20',0.000269973,1,'192.168.0.0'),(6595,121,'2012-07-20',0.000469953,1,'192.168.0.0'),(6596,122,'2012-07-20',0.00069993,1,'192.168.0.0'),(6597,123,'2012-07-20',0.001119888,1,'192.168.0.0'),(6598,124,'2012-07-20',0.00142,1,'192.168.0.0'),(6599,125,'2012-07-20',0.00174,1,'192.168.0.0'),(6600,126,'2012-07-20',0.001979802,1,'192.168.0.0'),(6601,127,'2012-07-20',0.00228,1,'192.168.0.0'),(6602,128,'2012-07-20',0.002604,1,'192.168.0.0'),(6603,129,'2012-07-20',0.00294,1,'192.168.0.0'),(6604,130,'2012-07-20',0.0033436656,1,'192.168.0.0'),(6605,131,'2012-07-20',0.0037836216,1,'192.168.0.0'),(6606,132,'2012-07-20',0.000829917,1,'192.168.0.0'),(6607,133,'2012-07-20',0.0012,1,'192.168.0.0'),(6608,134,'2012-07-20',0.00189981,1,'192.168.0.0'),(6609,135,'2012-07-20',0.00293,1,'192.168.0.0'),(6610,136,'2012-07-20',0.004279572,1,'192.168.0.0'),(6611,137,'2012-07-20',0.00573,1,'192.168.0.0'),(6612,138,'2012-07-20',0.00709,1,'192.168.0.0'),(6613,139,'2012-07-20',0.00828,1,'192.168.0.0'),(6614,140,'2012-07-20',0.00929907,1,'192.168.0.0'),(6615,141,'2012-07-20',0.03618,1,'192.168.0.0'),(6616,142,'2012-07-20',0.03659634,1,'192.168.0.0'),(6617,143,'2012-07-20',0.03702,1,'192.168.0.0'),(6618,144,'2012-07-20',0.03774,1,'192.168.0.0'),(6619,145,'2012-07-20',0.03868,1,'192.168.0.0'),(6620,146,'2012-07-20',0.0398,1,'192.168.0.0'),(6621,147,'2012-07-20',0.04078,1,'192.168.0.0'),(6622,148,'2012-07-20',0.04164,1,'192.168.0.0'),(6623,149,'2012-07-20',0.04209579,1,'192.168.0.0'),(6624,150,'2012-07-20',0.042555744,1,'192.168.0.0'),(6625,151,'2012-07-20',0.042975702,1,'192.168.0.0'),(6626,152,'2012-07-20',0.043455654,1,'192.168.0.0'),(6627,153,'2012-07-20',0.04409559,1,'192.168.0.0'),(6628,154,'2012-07-20',0.044755524,1,'192.168.0.0'),(6629,155,'2012-07-20',0.04546,1,'192.168.0.0'),(6630,158,'2012-07-20',1.0042,1,'192.168.0.0'),(6631,159,'2012-07-20',1.0045,1,'192.168.0.0'),(6632,160,'2012-07-20',1.057074282,1,'192.168.0.0'),(6633,161,'2012-07-20',1.056744315,1,'192.168.0.0'),(6634,162,'2012-07-20',1.046825307,1,'192.168.0.0'),(6635,163,'2012-07-20',1.196530335,1,'192.168.0.0'),(6636,164,'2012-07-20',1.202799708,1,'192.168.0.0'),(6637,165,'2012-07-20',1.182461742,1,'192.168.0.0'),(6638,166,'2012-07-20',1.12947,1,'192.168.0.0'),(6639,167,'2012-07-20',1.081911798,1,'192.168.0.0'),(6640,168,'2012-07-20',1.6415,1,'192.168.0.0'),(6641,169,'2012-07-20',1.56295,1,'192.168.0.0'),(6642,170,'2012-07-20',1.390940892,1,'192.168.0.0'),(6643,171,'2012-07-20',1.275622425,1,'192.168.0.0'),(6644,175,'2012-07-20',0.9999,1,'192.168.0.0'),(6645,176,'2012-07-20',0.999979992,1,'192.168.0.0'),(6646,177,'2012-07-20',1.02358,1,'192.168.0.0'),(6647,178,'2012-07-20',1.056524337,1,'192.168.0.0'),(6648,179,'2012-07-20',1.0512,1,'192.168.0.0'),(6649,180,'2012-07-20',1.07628,1,'192.168.0.0'),(6650,181,'2012-07-20',1.168333155,1,'192.168.0.0'),(6651,182,'2012-07-20',1.179212067,1,'192.168.0.0'),(6652,183,'2012-07-20',1.14998499,1,'192.168.0.0'),(6653,184,'2012-07-20',1.05428,1,'192.168.0.0'),(6654,185,'2012-07-20',1.10823,1,'192.168.0.0'),(6655,186,'2012-07-20',1.11468,1,'192.168.0.0'),(6656,187,'2012-07-20',1.3738,1,'192.168.0.0'),(6657,188,'2012-07-20',1.29677031,1,'192.168.0.0'),(6658,189,'2012-07-20',1.281521835,1,'192.168.0.0'),(6659,190,'2012-07-20',1.21148,1,'192.168.0.0'),(6660,193,'2012-07-20',0.9931,1,'192.168.0.0'),(6661,194,'2012-07-20',0.966283362,1,'192.168.0.0'),(6662,195,'2012-07-20',0.968433147,1,'192.168.0.0'),(6663,196,'2012-07-20',0.96238,1,'192.168.0.0'),(6664,197,'2012-07-20',0.8949,1,'192.168.0.0'),(6665,198,'2012-07-20',0.90770922,1,'192.168.0.0'),(6666,199,'2012-07-20',0.860933898,1,'192.168.0.0'),(6667,200,'2012-07-20',0.868693122,1,'192.168.0.0'),(6668,201,'2012-07-20',0.84758,1,'192.168.0.0'),(6669,202,'2012-07-20',0.85913,1,'192.168.0.0'),(6670,203,'2012-07-20',0.892860705,1,'192.168.0.0'),(6671,204,'2012-07-20',0.87085,1,'192.168.0.0'),(6672,205,'2012-07-20',0.82458,1,'192.168.0.0'),(6673,206,'2012-07-20',0.68955,1,'192.168.0.0'),(6674,207,'2012-07-20',1.01399859,1,'192.168.0.0'),(6675,208,'2012-07-20',1.001749815,1,'192.168.0.0'),(6676,209,'2012-07-20',0.9887,1,'192.168.0.0'),(6677,210,'2012-07-20',0.9338,1,'192.168.0.0'),(6678,211,'2012-07-20',0.99345,1,'192.168.0.0'),(6679,212,'2012-07-20',0.9307,1,'192.168.0.0'),(6680,213,'2012-07-20',0.941735817,1,'192.168.0.0'),(6681,216,'2012-07-20',0.995180472,1,'192.168.0.0'),(6682,217,'2012-07-20',0.98520147,1,'192.168.0.0'),(6683,218,'2012-07-20',1.03023,1,'192.168.0.0'),(6684,219,'2012-07-20',0.944985492,1,'192.168.0.0'),(6685,220,'2012-07-20',0.98308,1,'192.168.0.0'),(6686,221,'2012-07-20',0.95520447,1,'192.168.0.0'),(6687,222,'2012-07-20',0.93505,1,'192.168.0.0'),(6688,223,'2012-07-20',0.90648,1,'192.168.0.0'),(6689,224,'2012-07-20',0.86658,1,'192.168.0.0'),(6690,225,'2012-07-20',0.93373,1,'192.168.0.0'),(6691,226,'2012-07-20',0.940855905,1,'192.168.0.0'),(6692,227,'2012-07-20',0.8265,1,'192.168.0.0'),(6693,228,'2012-07-20',0.808869105,1,'192.168.0.0');
/*!40000 ALTER TABLE `ycentryhistory` ENABLE KEYS */;
UNLOCK TABLES;

--
-- Table structure for table `ycfamily`
--

DROP TABLE IF EXISTS `ycfamily`;
/*!40101 SET @saved_cs_client     = @@character_set_client */;
/*!40101 SET character_set_client = utf8 */;
CREATE TABLE `ycfamily` (
  `Id` int(11) NOT NULL AUTO_INCREMENT,
  `CurrencyId` int(11) NOT NULL,
  `Name` varchar(45) NOT NULL,
  `UserCreated` int(11) NOT NULL,
  `IpCreated` varchar(45) NOT NULL,
  PRIMARY KEY (`Id`),
  UNIQUE KEY `unique_name` (`Name`),
  KEY `fk_YcFamily_UserCreated` (`UserCreated`),
  CONSTRAINT `fk_YcFamily_UserCreated` FOREIGN KEY (`UserCreated`) REFERENCES `users` (`Id`) ON UPDATE CASCADE
) ENGINE=InnoDB AUTO_INCREMENT=8 DEFAULT CHARSET=utf8;
/*!40101 SET character_set_client = @saved_cs_client */;

--
-- Dumping data for table `ycfamily`
--

LOCK TABLES `ycfamily` WRITE;
/*!40000 ALTER TABLE `ycfamily` DISABLE KEYS */;
INSERT INTO `ycfamily` VALUES (1,20,'EUR Libor Family',1,'192.168.0.0'),(2,64,'USD Libor Family',1,'192.168.0.0'),(3,23,'GBP Libor Family',1,'192.168.0.0'),(4,34,'JPY Libor Family',1,'192.168.0.0'),(5,10,'CHF Libor Family',1,'192.168.0.0'),(6,3,'AUD Libor Family',1,'192.168.0.0'),(7,20,'EUR Sovereign Family',1,'192.168.0.0');
/*!40000 ALTER TABLE `ycfamily` ENABLE KEYS */;
UNLOCK TABLES;

--
-- Table structure for table `yieldcurve`
--

DROP TABLE IF EXISTS `yieldcurve`;
/*!40101 SET @saved_cs_client     = @@character_set_client */;
/*!40101 SET character_set_client = utf8 */;
CREATE TABLE `yieldcurve` (
  `Id` int(11) NOT NULL AUTO_INCREMENT,
  `FamilyId` int(11) NOT NULL,
  `Name` varchar(45) NOT NULL,
  `ZcCompoundingId` int(11) NOT NULL,
  `ZcBasisId` int(11) NOT NULL,
  `ZcFrequencyId` int(11) NOT NULL,
  `ZcColor` varchar(45) DEFAULT NULL,
  `ifZC` tinyint(1) NOT NULL,
  `ForwCompoundingId` int(11) NOT NULL,
  `ForwBasisId` int(11) NOT NULL,
  `ForwFrequencyId` int(11) NOT NULL,
  `ForwColor` varchar(45) DEFAULT NULL,
  `ifForw` tinyint(1) NOT NULL,
  `ForwTerm` int(11) NOT NULL,
  `ForwTermBase` enum('Days','Weeks','Months','Years') DEFAULT NULL,
  `SpreadType` enum('0','1') DEFAULT NULL,
  `SpreadSize` double DEFAULT NULL,
  `SpreadFamily` int(11) DEFAULT NULL,
  `UserCreated` int(11) NOT NULL,
  `IpCreated` varchar(45) NOT NULL,
  PRIMARY KEY (`Id`),
  UNIQUE KEY `unique_name` (`Name`),
  KEY `fk_YieldCurve_UserCreated` (`UserCreated`),
  KEY `fk_YieldCurve_FamilyId` (`FamilyId`),
  KEY `fk_YieldCurve_ZcCompoundingId` (`ZcCompoundingId`),
  KEY `fk_YieldCurve_ZcBasisId` (`ZcBasisId`),
  KEY `fk_YieldCurve_ZcFrequencyId` (`ZcFrequencyId`),
  KEY `fk_YieldCurve_ForwCompoundingId` (`ForwCompoundingId`),
  KEY `fk_YieldCurve_ForwBasisId` (`ForwBasisId`),
  KEY `fk_YieldCurve_ForwFrequencyId` (`ForwFrequencyId`),
  KEY `fk_YieldCurve_SpreadFamily` (`SpreadFamily`),
  CONSTRAINT `fk_YieldCurve_UserCreated` FOREIGN KEY (`UserCreated`) REFERENCES `users` (`Id`) ON UPDATE CASCADE,
  CONSTRAINT `fk_YieldCurve_FamilyId` FOREIGN KEY (`FamilyId`) REFERENCES `ycfamily` (`Id`) ON UPDATE CASCADE,
  CONSTRAINT `fk_YieldCurve_ZcCompoundingId` FOREIGN KEY (`ZcCompoundingId`) REFERENCES `enumcompounding` (`Id`) ON UPDATE CASCADE,
  CONSTRAINT `fk_YieldCurve_ZcBasisId` FOREIGN KEY (`ZcBasisId`) REFERENCES `enumbasis` (`Id`) ON UPDATE CASCADE,
  CONSTRAINT `fk_YieldCurve_ZcFrequencyId` FOREIGN KEY (`ZcFrequencyId`) REFERENCES `enumfrequency` (`Id`) ON UPDATE CASCADE,
  CONSTRAINT `fk_YieldCurve_ForwCompoundingId` FOREIGN KEY (`ForwCompoundingId`) REFERENCES `enumcompounding` (`Id`) ON UPDATE CASCADE,
  CONSTRAINT `fk_YieldCurve_ForwBasisId` FOREIGN KEY (`ForwBasisId`) REFERENCES `enumbasis` (`Id`) ON UPDATE CASCADE,
  CONSTRAINT `fk_YieldCurve_ForwFrequencyId` FOREIGN KEY (`ForwFrequencyId`) REFERENCES `enumfrequency` (`Id`) ON UPDATE CASCADE,
  CONSTRAINT `fk_YieldCurve_SpreadFamily` FOREIGN KEY (`SpreadFamily`) REFERENCES `yieldcurve` (`Id`) ON UPDATE CASCADE
) ENGINE=InnoDB AUTO_INCREMENT=13 DEFAULT CHARSET=utf8;
/*!40101 SET character_set_client = @saved_cs_client */;

--
-- Dumping data for table `yieldcurve`
--

LOCK TABLES `yieldcurve` WRITE;
/*!40000 ALTER TABLE `yieldcurve` DISABLE KEYS */;
INSERT INTO `yieldcurve` VALUES (1,1,'EUR Libor',3,2,2,'Black',1,3,2,2,'Red',1,1,'Years',NULL,NULL,NULL,1,'192.168.0.0'),(2,2,'USD Libor',3,2,2,'Black',1,3,2,2,'Red',1,1,'Years',NULL,NULL,NULL,1,'192.168.0.0'),(3,3,'GBP Libor',3,2,2,'Black',1,3,2,2,'Red',1,1,'Years',NULL,NULL,NULL,1,'192.168.0.0'),(4,4,'JPY Libor',3,2,2,'Black',1,3,2,2,'Red',1,1,'Years',NULL,NULL,NULL,1,'192.168.0.0'),(5,5,'CHF Libor',3,2,2,'Black',1,3,2,2,'Red',1,1,'Years',NULL,NULL,NULL,1,'192.168.0.0'),(6,6,'AUD Libor',3,2,2,'Black',1,3,2,2,'Red',1,1,'Years',NULL,NULL,NULL,1,'192.168.0.0'),(7,7,'German Sovereign',3,2,2,'Black',1,3,2,2,'Red',1,1,'Years',NULL,NULL,NULL,1,'192.168.0.0'),(8,7,'French Sovereign',3,2,2,'Black',1,3,2,2,'Red',1,1,'Years',NULL,NULL,NULL,1,'192.168.0.0'),(9,7,'Italian Sovereign',3,2,2,'Black',1,3,2,2,'Red',1,1,'Years',NULL,NULL,NULL,1,'192.168.0.0'),(10,7,'Spanish Sovereign',3,2,2,'Black',1,3,2,2,'Red',1,1,'Years',NULL,NULL,NULL,1,'192.168.0.0'),(11,7,'Irish Sovereign',3,2,2,'Black',1,3,2,2,'Red',1,1,'Years',NULL,NULL,NULL,1,'192.168.0.0'),(12,7,'Greek Sovereign',3,2,2,'Black',1,3,2,2,'Red',1,1,'Years',NULL,NULL,NULL,1,'192.168.0.0');
/*!40000 ALTER TABLE `yieldcurve` ENABLE KEYS */;
UNLOCK TABLES;

-- Dump completed on 2012-07-30 22:53:55
